"","NameID","year","Maker","Type","Name","Sales","Model","Nippyo","price","kata","capacity","FuelType","FuelEfficiency","HH","size","hppw","share","share0"
"1",14,2011,"Audi","Foreign","A1シリーズ",4206,"1.4 TFSI",0,2.99803738317757,"DBA-8XCAX",4,"ハイオク",19.4,53783435,9.947232,0.102521008403361,7.82025171876806e-05,0.93898110077945
"2",14,2012,"Audi","Foreign","A1シリーズ",4502,"1.4 TFSI",0,2.835,"DBA-8XCAX",4,"ハイオク",19.4,54171475,9.947232,0.102521008403361,8.31064688565338e-05,0.919761848832804
"3",14,2013,"Audi","Foreign","A1シリーズ",5071,"1.4 TFSI",0,2.82326086956522,"DBA-8XCAX",4,"ハイオク",19.4,54594744,9.947232,0.102521008403361,9.28843992747727e-05,0.919563190918159
"4",15,2006,"Audi","Foreign","A3シリーズ",4830,"アトラクション",0,2.91888888888889,"GH-8PBSE",5,"ハイオク",12.2,51102005,10.81512575,0.075,9.45168394077688e-05,0.915227533635911
"5",15,2007,"Audi","Foreign","A3シリーズ",3874,"アトラクション",0,2.93944444444444,"GH-8PBSE",5,"ハイオク",12.2,51713048,10.81512575,0.075,7.49133951647948e-05,0.920174188920367
"6",15,2008,"Audi","Foreign","A3シリーズ",3683,"1.4 TFSI",0,3.02942190669371,"ABA-8PCAX",5,"ハイオク",15.8,52324877,10.8277455,0.0905797101449275,7.03871697586599e-05,0.923564101259139
"7",15,2009,"Audi","Foreign","A3シリーズ",4338,"1.4 TFSI",0,3.07305555555556,"ABA-8PCAX",5,"ハイオク",15.8,52877802,10.8277455,0.0905797101449275,8.2038205748416e-05,0.929189662611165
"8",15,2010,"Audi","Foreign","A3シリーズ",4506,"1.4 TFSI",0,3.15746113989637,"DBA-8PCAX",5,"ハイオク",16.6,53362801,10.8277455,0.0905797101449275,8.44408448499546e-05,0.924956956438625
"9",15,2011,"Audi","Foreign","A3シリーズ",3739,"1.4 TFSI",0,3.16401869158879,"DBA-8PCAX",5,"ハイオク",16.6,53783435,10.8277455,0.0905797101449275,6.95195463064046e-05,0.93898110077945
"10",15,2012,"Audi","Foreign","A3シリーズ",3603,"1.4 TFSI",0,3.16730769230769,"DBA-8PCAX",5,"ハイオク",16.6,54171475,10.8277455,0.0905797101449275,6.65110189449337e-05,0.919761848832804
"11",15,2013,"Audi","Foreign","A3シリーズ",4604,"1.4 TFSI",0,3.18521739130435,"DBA-8VCXS",5,"ハイオク",19.5,54594744,11.19418125,0.0924242424242424,8.4330462287725e-05,0.919563190918159
"12",15,2014,"Audi","Foreign","A3シリーズ",10400,"1.4 TFSI",0,3.22258064516129,"DBA-8VCXS",5,"ハイオク",19.5,55952365,11.19418125,0.0924242424242424,0.000185872393418938,0.918813422810635
"13",15,2015,"Audi","Foreign","A3シリーズ",10604,"1.4 TFSI",0,3.02697,"DBA-8VCXS",5,"ハイオク",19.5,56412140,11.19418125,0.0924242424242424,0.000187973723386491,0.92791704055191
"14",15,2016,"Audi","Foreign","A3シリーズ",8063,"1.4 TFSI",0,3.28,"DBA-8VCXS",5,"ハイオク",19.5,56950757,11.19418125,0.0924242424242424,0.000141578451713996,0.930048041328055
"15",16,2006,"Audi","Foreign","A4シリーズ",6066,"2.0 アトラクション",0,3.7925,"GH-8EALT",5,"ハイオク",11.2,51102005,11.6050935,0.0884353741496599,0.000118703757318328,0.915227533635911
"16",16,2007,"Audi","Foreign","A4シリーズ",5258,"2.0 アトラクション",0,3.89527777777778,"ABA-8EALT",5,"ハイオク",11.2,51713048,11.6050935,0.0884353741496599,0.00010167646664339,0.920174188920367
"17",16,2008,"Audi","Foreign","A4シリーズ",5976,"1.8 TFSI",0,4.24524340770791,"ABA-8KCAB",5,"ハイオク",12.2,52324877,12.36474,0.105960264900662,0.000114209537463413,0.923564101259139
"18",16,2009,"Audi","Foreign","A4シリーズ",6587,"1.8 TFSI",0,4.33722222222222,"ABA-8KCDH",5,"ハイオク",13.4,52877802,12.36474,0.105960264900662,0.000124570230812544,0.929189662611165
"19",16,2010,"Audi","Foreign","A4シリーズ",5660,"1.8 TFSI",0,4.50326424870466,"ABA-8KCDH",5,"ハイオク",13.4,53362801,12.36474,0.105960264900662,0.000106066396327284,0.924956956438625
"20",16,2011,"Audi","Foreign","A4シリーズ",5220,"1.8 TFSI",0,4.51261682242991,"ABA-8KCDH",5,"ハイオク",13.4,53783435,12.36474,0.105960264900662,9.70559057821428e-05,0.93898110077945
"21",16,2012,"Audi","Foreign","A4シリーズ",4797,"2.0 TFSI",0,4.56923076923077,"DBA-8KCDN",5,"ハイオク",13.8,54171475,12.40416,0.116883116883117,8.85521392947118e-05,0.919761848832804
"22",16,2013,"Audi","Foreign","A4シリーズ",6227,"2.0 TFSI",0,4.55031055900621,"DBA-8KCDN",5,"ハイオク",13.8,54594744,12.40416,0.116883116883117,0.000114058598754488,0.919563190918159
"23",16,2014,"Audi","Foreign","A4シリーズ",5641,"2.0 TFSI",0,4.56196572580645,"DBA-8KCDN",5,"ハイオク",13.8,55952365,12.40416,0.116883116883117,0.000100817901084253,0.918813422810635
"24",16,2016,"Audi","Foreign","A4シリーズ",5807,"2.0 TFSI",0,5.18,"ABA-8WCVK",5,"ハイオク",18.4,56950757,12.458732,0.123376623376623,0.000101965282041817,0.930048041328055
"25",17,2010,"Audi","Foreign","A5シリーズ",2042,"2.0 TFSI クワトロ 4WD",1,6.12858031088083,"ABA-8TCDNF",4,"ハイオク",12,53362801,11.796640625,0.128658536585366,3.82663571201969e-05,0.924956956438625
"26",69,2007,"Audi","Foreign","TT",3238,"クーペ 2.0 TFSI",0,4.57361111111111,"ABA-8JBWA",4,"ハイオク",12,51713048,10.690768,0.149253731343284,6.26147582714521e-05,0.920174188920367
"27",69,2008,"Audi","Foreign","TT",2907,"クーペ 2.0 TFSI",0,4.44788032454361,"ABA-8JBWA",4,"ハイオク",12,52324877,10.690768,0.149253731343284,5.55567478925942e-05,0.923564101259139
"28",1,2006,"BMW","Foreign","1シリーズ",8821,"116i",0,3.03194444444444,"GH-UF16",5,"ハイオク",11.6,51102005,10.6106,0.0851851851851852,0.000172615536317998,0.915227533635911
"29",1,2007,"BMW","Foreign","1シリーズ",8100,"116i",0,3.03194444444444,"ABA-UE16",5,"ハイオク",11.8,51713048,10.6106,0.083941605839416,0.00015663358307559,0.920174188920367
"30",1,2008,"BMW","Foreign","1シリーズ",7220,"116i",0,3.00915821501014,"ABA-UE16",5,"ハイオク",11.8,52324877,10.6106,0.083941605839416,0.00013798407973324,0.923564101259139
"31",1,2009,"BMW","Foreign","1シリーズ",5350,"116i",0,3.0525,"ABA-UE16",5,"ハイオク",11.8,52877802,10.6106,0.083941605839416,0.000101176671450905,0.929189662611165
"32",1,2010,"BMW","Foreign","1シリーズ",5856,"116i",0,3.09534715025907,"LBA-UE16",5,"ハイオク",13.6,53362801,10.388,0.0877697841726619,0.000109739366942151,0.924956956438625
"33",1,2011,"BMW","Foreign","1シリーズ",5279,"116i",0,3.19514018691589,"DBA-1A16",5,"ハイオク",16.6,53783435,11.017836,0.0971428571428571,9.81528978206766e-05,0.93898110077945
"34",1,2012,"BMW","Foreign","1シリーズ",10436,"116i",0,3.19846153846154,"DBA-1A16",5,"ハイオク",16.6,54171475,11.017836,0.0971428571428571,0.000192647514212969,0.919761848832804
"35",1,2013,"BMW","Foreign","1シリーズ",8246,"116i",0,3.18521739130435,"DBA-1A16",5,"ハイオク",16.6,54594744,11.017836,0.0951048951048951,0.000151040180717763,0.919563190918159
"36",1,2014,"BMW","Foreign","1シリーズ",7723,"116i ヤングライン",0,3.01109879032258,"DBA-1A16",5,"ハイオク",16.6,55952365,11.017836,0.0951048951048951,0.000138028124459082,0.918813422810635
"37",1,2015,"BMW","Foreign","1シリーズ",8080,"118i",0,2.97702,"DBA-1R15",5,"ハイオク",18.1,56412140,11.030544,0.0951048951048951,0.000143231581003663,0.92791704055191
"38",1,2016,"BMW","Foreign","1シリーズ",7724,"118i",0,3.1,"DBA-1R15",5,"ハイオク",18.1,56950757,11.030544,0.0951048951048951,0.000135625940845703,0.930048041328055
"39",4,2015,"BMW","Foreign","2シリーズ",8182,"218i",0,3.67632,"DBA-2D15",7,"ハイオク",16.5,56412140,13.516965,0.086624203821656,0.000145039702447026,0.92791704055191
"40",4,2016,"BMW","Foreign","2シリーズ",9864,"218i",0,3.81,"DBA-2D15",7,"ハイオク",16.9,56950757,13.516965,0.086624203821656,0.00017320226314112,0.930048041328055
"41",7,2006,"BMW","Foreign","3シリーズ",22789,"320i",0,4.49138888888889,"ABA-VR20",5,"ハイオク",11.4,51102005,11.90866875,0.0974025974025974,0.000445951191151893,0.915227533635911
"42",7,2007,"BMW","Foreign","3シリーズ",23330,"320i",0,4.49138888888889,"ABA-VR20",5,"ハイオク",11.4,51713048,11.90866875,0.101298701298701,0.000451143394216485,0.920174188920367
"43",7,2008,"BMW","Foreign","3シリーズ",17809,"320i",0,4.42761663286004,"ABA-VR20",5,"ハイオク",11.4,52324877,11.90866875,0.101298701298701,0.000340354359552532,0.923564101259139
"44",7,2009,"BMW","Foreign","3シリーズ",14042,"320i スタイルエッセンス",0,4.35777777777778,"ABA-VR20",5,"ハイオク",11.4,52877802,11.83635,0.101298701298701,0.000265555667385721,0.929189662611165
"45",7,2010,"BMW","Foreign","3シリーズ",11664,"320i",0,4.81383419689119,"LBA-US20",5,"ハイオク",13,53362801,11.713905,0.109677419354839,0.00021857923087658,0.924956956438625
"46",7,2011,"BMW","Foreign","3シリーズ",8912,"320i",0,4.82383177570093,"LBA-US20",5,"ハイオク",13,53783435,11.713905,0.109677419354839,0.0001657015770748,0.93898110077945
"47",7,2012,"BMW","Foreign","3シリーズ",11107,"320i",0,4.82884615384615,"LBA-US20",5,"ハイオク",13,54171475,11.713905,0.109677419354839,0.00020503410697235,0.919761848832804
"48",7,2013,"BMW","Foreign","3シリーズ",18739,"320i",0,4.87090062111801,"DBA-3B20",5,"ハイオク",16.4,54594744,12.1545,0.115,0.000343238169593762,0.919563190918159
"49",7,2014,"BMW","Foreign","3シリーズ",15835,"320i",0,5.02521169354839,"DBA-3B20",5,"ハイオク",16.4,55952365,12.1545,0.115,0.000283008591325854,0.918813422810635
"50",7,2015,"BMW","Foreign","3シリーズ",12050,"320i SE",0,4.48551,"DBA-8A20",5,"ハイオク",15.4,56412140,12.20706,0.110843373493976,0.000213606503848285,0.92791704055191
"51",7,2016,"BMW","Foreign","3シリーズ",11947,"320i SE",0,4.49,"DBA-8A20",5,"ハイオク",15.4,56950757,12.20706,0.110843373493976,0.000209777720777267,0.930048041328055
"52",11,2006,"BMW","Foreign","5シリーズ",8092,"525i",0,6.45444444444444,"ABA-NE25",5,"ハイオク",8.8,51102005,13.16748825,0.134567901234568,0.000158349951239682,0.915227533635911
"53",11,2007,"BMW","Foreign","5シリーズ",7236,"525i",0,6.50583333333333,"ABA-NU25",5,"ハイオク",8.8,51713048,13.16748825,0.134567901234568,0.000139926000880861,0.920174188920367
"54",11,2008,"BMW","Foreign","5シリーズ",4105,"525i",0,6.53504056795132,"ABA-NU25",5,"ハイオク",8.8,52324877,13.16748825,0.134567901234568,7.84521672167524e-05,0.923564101259139
"55",11,2009,"BMW","Foreign","5シリーズ",2864,"525i",0,6.54694444444444,"ABA-NU25",5,"ハイオク",8.8,52877802,13.16748825,0.134567901234568,5.41626143991386e-05,0.929189662611165
"56",11,2010,"BMW","Foreign","5シリーズ",6049,"523i",0,6.31492227979275,"DBA-FP25",5,"ハイオク",11.2,53362801,13.470585,0.115254237288136,0.000113356118619036,0.924956956438625
"57",11,2011,"BMW","Foreign","5シリーズ",9257,"523i",0,6.32803738317757,"DBA-XG20",5,"ハイオク",14.2,53783435,13.470585,0.105142857142857,0.000172116191537413,0.93898110077945
"58",11,2012,"BMW","Foreign","5シリーズ",7265,"523i",0,6.33461538461538,"DBA-XG20",5,"ハイオク",14.2,54171475,13.470585,0.105142857142857,0.000134111171977503,0.919761848832804
"59",11,2013,"BMW","Foreign","5シリーズ",6360,"523i Mスポーツ",0,6.82546583850932,"DBA-XG20",5,"ハイオク",14.2,54594744,13.452264,0.105142857142857,0.000116494730701549,0.919563190918159
"60",11,2014,"BMW","Foreign","5シリーズ",4508,"523i",0,6.37466733870968,"DBA-XG20",5,"ハイオク",14.2,55952365,13.4843025,0.105142857142857,8.05685336089011e-05,0.918813422810635
"61",71,2010,"BMW","Foreign","X1",3829,"sドライブ 18i",0,3.757896373057,"ABA-VL18",5,"ハイオク",10.8,53362801,12.43107,0.0961538461538462,7.17541045118677e-05,0.924956956438625
"62",71,2011,"BMW","Foreign","X1",5874,"sドライブ 18i",0,3.76570093457944,"ABA-VL18",5,"ハイオク",10.8,53783435,12.43107,0.0961538461538462,0.000109215783633009,0.93898110077945
"63",71,2012,"BMW","Foreign","X1",5438,"sドライブ 18i",0,3.81115384615385,"CBA-VL18",5,"ハイオク",12,54171475,12.472785,0.0955414012738854,0.00010038493506038,0.919761848832804
"64",71,2013,"BMW","Foreign","X1",4363,"sドライブ 18i",0,3.79537267080745,"CBA-VL18",5,"ハイオク",12,54594744,12.472785,0.0955414012738854,7.99161179325248e-05,0.919563190918159
"65",71,2016,"BMW","Foreign","X1",5891,"sドライブ 18i",0,3.67,"CBA-VL18",5,"ハイオク",12,56950757,12.472785,0.0955414012738854,0.000103440240487058,0.930048041328055
"66",72,2013,"BMW","Foreign","X3",3502,"xドライブ20i 4WD",0,5.65686335403727,"DBA-WX20",5,"ハイオク",13.4,54594744,14.64285,0.0994594594594595,6.41453690120793e-05,0.919563190918159
"67",233,2006,"BMW","Foreign","ミニ",13184,"ワン",0,2.27138888888889,"GH-RA16",4,"ハイオク",11.8,51102005,8.9751675,0.079646017699115,0.000257993791045968,0.915227533635911
"68",233,2007,"BMW","Foreign","ミニ",14013,"ワン",0,2.37416666666667,"ABA-ME14",4,"ハイオク",14.2,51713048,8.915335,0.0811965811965812,0.000270976098720772,0.920174188920367
"69",233,2008,"BMW","Foreign","ミニ",12744,"ワン",0,2.34045638945233,"ABA-ME14",4,"ハイオク",14.2,52324877,8.915335,0.0811965811965812,0.000243555278687038,0.923564101259139
"70",233,2009,"BMW","Foreign","ミニ",11002,"ワン",0,2.41527777777778,"ABA-ME14",4,"ハイオク",14.2,52877802,8.915335,0.0811965811965812,0.000208064624168758,0.929189662611165
"71",233,2010,"BMW","Foreign","ミニ",11338,"ワン",0,2.41105803108808,"CBA-SR16",4,"ハイオク",15.4,53362801,9.011717,0.0837606837606838,0.000212470106282464,0.924956956438625
"72",233,2011,"BMW","Foreign","ミニ",14350,"ワン",0,2.38598130841121,"CBA-SR16",4,"ハイオク",15.4,53783435,8.915335,0.0837606837606838,0.000266810775473898,0.93898110077945
"73",233,2012,"BMW","Foreign","ミニ",16212,"ワン",0,2.41857692307692,"CBA-SR16",4,"ハイオク",15.4,54171475,9.011717,0.0837606837606838,0.000299271895402516,0.919761848832804
"74",233,2013,"BMW","Foreign","ミニ",16982,"ワン",0,2.40856211180124,"CBA-SR16",4,"ハイオク",15.4,54594744,9.011717,0.0837606837606838,0.000311055584398381,0.919563190918159
"75",233,2014,"BMW","Foreign","ミニ",17596,"ワン 3ドア",0,2.41693548387097,"DBA-XM12",4,"ハイオク",19.2,55952365,9.360755625,0.085,0.000314481791788426,0.918813422810635
"76",233,2015,"BMW","Foreign","ミニ",21083,"ワン 3ドア",0,2.3976,"DBA-XM12",4,"ハイオク",19.2,56412140,9.360755625,0.085,0.000373731611670821,0.92791704055191
"77",233,2016,"BMW","Foreign","ミニ",24548,"ワン 3ドア",0,2.4,"DBA-XM12",4,"ハイオク",19.2,56950757,9.360755625,0.085,0.00043103904659248,0.930048041328055
"78",83,2006,"Daihatsu","KEI","アトレーワゴン",20228,"カスタムターボR",0,1.37105555555556,"TA-S320G",4,"レギュラー",14.6,51102005,9.389296875,0.065979381443299,0.000395835740691583,0.915227533635911
"79",83,2007,"Daihatsu","KEI","アトレーワゴン",20127,"カスタムターボR",0,1.40291666666667,"ABA-S321G",4,"レギュラー",15.2,51713048,9.389296875,0.065979381443299,0.000389205447723754,0.920174188920367
"80",83,2008,"Daihatsu","KEI","アトレーワゴン",19369,"カスタムターボR",0,1.38299695740365,"ABA-S321G",4,"レギュラー",15.2,52324877,9.389296875,0.065979381443299,0.000370168094231736,0.923564101259139
"81",83,2009,"Daihatsu","KEI","アトレーワゴン",12516,"カスタムターボR",0,1.40291666666667,"ABA-S321G",4,"レギュラー",15.2,52877802,9.389296875,0.065979381443299,0.000236696676612995,0.929189662611165
"82",83,2010,"Daihatsu","KEI","アトレーワゴン",11615,"カスタムターボR",0,1.4130932642487,"ABA-S321G",4,"レギュラー",15.2,53362801,9.389296875,0.065979381443299,0.000217660988222863,0.924956956438625
"83",83,2011,"Daihatsu","KEI","アトレーワゴン",11377,"カスタムターボR",0,1.41602803738318,"ABA-S321G",4,"レギュラー",15.2,53783435,9.389296875,0.065979381443299,0.000211533532583034,0.93898110077945
"84",83,2012,"Daihatsu","KEI","アトレーワゴン",10017,"カスタムターボR",0,1.4175,"ABA-S321G",4,"レギュラー",15.2,54171475,9.389296875,0.065979381443299,0.000184912816200777,0.919761848832804
"85",83,2013,"Daihatsu","KEI","アトレーワゴン",9477,"カスタムターボR",0,1.41163043478261,"ABA-S321G",4,"レギュラー",15.2,54594744,9.389296875,0.065979381443299,0.000173588138814242,0.919563190918159
"86",83,2014,"Daihatsu","KEI","アトレーワゴン",7158,"カスタムターボR",0,1.41390725806452,"ABA-S321G",4,"レギュラー",15.2,55952365,9.389296875,0.065979381443299,0.000127930249239688,0.918813422810635
"87",83,2015,"Daihatsu","KEI","アトレーワゴン",4627,"カスタムターボR",0,1.402596,"ABA-S321G",4,"レギュラー",14.8,56412140,9.389296875,0.0653061224489796,8.2021352141578e-05,0.92791704055191
"88",83,2016,"Daihatsu","KEI","アトレーワゴン",4284,"カスタムターボR",0,1.404,"ABA-S321G",4,"レギュラー",14.8,56950757,9.389296875,0.0653061224489796,7.52228807072749e-05,0.930048041328055
"89",99,2014,"Daihatsu","KEI","ウェイク",16948,"D",0,1.35952620967742,"DBA-LA700S",4,"レギュラー",25.4,55952365,9.188991875,0.0525252525252525,0.000302900511890784,0.918813422810635
"90",99,2015,"Daihatsu","KEI","ウェイク",50711,"D",0,1.34865,"DBA-LA700S",4,"レギュラー",25.4,56412140,9.188991875,0.0525252525252525,0.000898937710925343,0.92791704055191
"91",99,2016,"Daihatsu","KEI","ウェイク",32828,"D",0,1.35,"DBA-LA700S",4,"レギュラー",25.4,56950757,9.188991875,0.0525252525252525,0.000576427807623347,0.930048041328055
"92",106,2006,"Daihatsu","KEI","エッセ",56487,"D",0,0.777,"DBA-L235S",4,"レギュラー",21,51102005,7.36120875,0.0816901408450704,0.00110537737217943,0.915227533635911
"93",106,2007,"Daihatsu","KEI","エッセ",37249,"D",0,0.777,"DBA-L235S",4,"レギュラー",21,51713048,7.36120875,0.0816901408450704,0.000720301769874404,0.920174188920367
"94",106,2008,"Daihatsu","KEI","エッセ",33952,"D",0,0.765967545638945,"DBA-L235S",4,"レギュラー",21,52324877,7.36120875,0.0816901408450704,0.000648869179377144,0.923564101259139
"95",106,2009,"Daihatsu","KEI","エッセ",34148,"D",0,0.791388888888889,"DBA-L235S",4,"レギュラー",21,52877802,7.36120875,0.0816901408450704,0.000645790836767383,0.929189662611165
"96",106,2010,"Daihatsu","KEI","エッセ",33756,"D",0,0.807481865284974,"DBA-L235S",4,"レギュラー",19.4,53362801,7.36120875,0.0805555555555556,0.000632575490180885,0.924956956438625
"97",106,2011,"Daihatsu","KEI","エッセ",16202,"D",0,0.809158878504673,"DBA-L235S",4,"レギュラー",19.4,53783435,7.36120875,0.0805555555555556,0.00030124516963262,0.93898110077945
"98",106,2012,"Daihatsu","KEI","エッセ",16,"D",0,0.81,"DBA-L235S",4,"レギュラー",19.4,54171475,7.36120875,0.0805555555555556,2.95358396646944e-07,0.919761848832804
"99",120,2015,"Daihatsu","KEI","キャスト",32324,"660",0,1.21878,"DBA-LA250S",4,"レギュラー",30,56412140,8.16242875,0.0619047619047619,0.000572997230737923,0.92791704055191
"100",120,2016,"Daihatsu","KEI","キャスト",66290,"660",0,1.22,"DBA-LA250S",4,"レギュラー",30,56950757,8.16242875,0.0619047619047619,0.00116398803970244,0.930048041328055
"101",132,2006,"Daihatsu","KEI","コペン",6191,"アクティブトップ",0,1.61669444444444,"ABA-L880K",2,"レギュラー",15.2,51102005,6.234493125,0.0761904761904762,0.00012114984529472,0.915227533635911
"102",132,2007,"Daihatsu","KEI","コペン",5703,"アクティブトップ",0,1.61669444444444,"ABA-L880K",2,"レギュラー",15.2,51713048,6.234493125,0.0761904761904762,0.000110281644972851,0.920174188920367
"103",132,2008,"Daihatsu","KEI","コペン",5997,"アクティブトップ",0,1.59373935091278,"ABA-L880K",2,"レギュラー",15.2,52324877,6.234493125,0.0761904761904762,0.00011461087619948,0.923564101259139
"104",132,2009,"Daihatsu","KEI","コペン",3322,"アクティブトップ",0,1.63930555555556,"ABA-L880K",2,"レギュラー",15.2,52877802,6.234493125,0.0761904761904762,6.2824093936431e-05,0.929189662611165
"105",132,2010,"Daihatsu","KEI","コペン",2490,"アクティブトップ",0,1.75472020725389,"ABA-L880K",2,"レギュラー",15.2,53362801,6.234493125,0.0761904761904762,4.66617185256074e-05,0.924956956438625
"106",132,2011,"Daihatsu","KEI","コペン",2006,"アクティブトップ",0,1.75836448598131,"ABA-L880K",2,"レギュラー",15.2,53783435,6.234493125,0.0761904761904762,3.72977293101491e-05,0.93898110077945
"107",132,2012,"Daihatsu","KEI","コペン",1979,"アクティブトップ",0,1.76019230769231,"ABA-L880K",2,"レギュラー",15.2,54171475,6.234493125,0.0761904761904762,3.65321416852689e-05,0.919761848832804
"108",132,2014,"Daihatsu","KEI","コペン",6754,"660",0,1.8106875,"DBA-LA400K",2,"レギュラー",25.2,55952365,6.40976,0.0735632183908046,0.000120709821649183,0.918813422810635
"109",132,2015,"Daihatsu","KEI","コペン",7274,"660",0,1.796202,"DBA-LA400K",2,"レギュラー",25.2,56412140,6.40976,0.0735632183908046,0.000128943876264932,0.92791704055191
"110",132,2016,"Daihatsu","KEI","コペン",5152,"660",0,1.852,"DBA-LA400K",2,"レギュラー",25.2,56950757,6.40976,0.0735632183908046,9.0464117974762e-05,0.930048041328055
"111",170,2006,"Daihatsu","KEI","ソニカ",15118,"R",0,1.21997222222222,"CBA-L405S",4,"レギュラー",23,51102005,7.36120875,0.0780487804878049,0.000295839664216698,0.915227533635911
"112",170,2007,"Daihatsu","KEI","ソニカ",8512,"R",0,1.24155555555556,"CBA-L405S",4,"レギュラー",23,51713048,7.36120875,0.0780487804878049,0.000164600624585114,0.920174188920367
"113",170,2008,"Daihatsu","KEI","ソニカ",4455,"R",0,1.22392697768763,"CBA-L405S",4,"レギュラー",23,52324877,7.36120875,0.0780487804878049,8.51411461511892e-05,0.923564101259139
"114",170,2009,"Daihatsu","KEI","ソニカ",1142,"R",0,1.24155555555556,"CBA-L405S",4,"レギュラー",23,52877802,7.36120875,0.0780487804878049,2.1596964261109e-05,0.929189662611165
"115",173,2006,"Daihatsu","KEI","タント",106428,"L",1,1.07916666666667,"CBA-L350S",4,"レギュラー",18,51102005,8.638153125,0.0666666666666667,0.00208265800921118,0.915227533635911
"116",173,2007,"Daihatsu","KEI","タント",100216,"L",1,1.07916666666667,"CBA-L350S",4,"レギュラー",18,51713048,8.638153125,0.0666666666666667,0.0019379248347535,0.920174188920367
"117",173,2008,"Daihatsu","KEI","タント",159322,"L",1,1.09626572008114,"DBA-L375S",4,"レギュラー",18.2,52324877,8.76334375,0.0644444444444444,0.00304486143369243,0.923564101259139
"118",173,2009,"Daihatsu","KEI","タント",145432,"L",1,1.11205555555556,"DBA-L375S",4,"レギュラー",18.2,52877802,8.76334375,0.0644444444444444,0.0027503412490557,0.929189662611165
"119",173,2010,"Daihatsu","KEI","タント",191391,"L",1,1.12012227979275,"DBA-L375S",4,"レギュラー",18.2,53362801,8.76334375,0.0644444444444444,0.00358659958647973,0.924956956438625
"120",173,2011,"Daihatsu","KEI","タント",129118,"L",1,1.26560747663551,"DBA-L375S",4,"レギュラー",24.8,53783435,8.76334375,0.0565217391304348,0.00240070200053232,0.93898110077945
"121",173,2012,"Daihatsu","KEI","タント",170609,"L",1,1.26692307692308,"DBA-L375S",4,"レギュラー",25,54171475,8.76334375,0.0565217391304348,0.00314942504334615,0.919761848832804
"122",173,2013,"Daihatsu","KEI","タント",144629,"L",1,1.20996894409938,"DBA-LA600S",4,"レギュラー",28,54594744,8.76334375,0.0565217391304348,0.00264913779978527,0.919563190918159
"123",173,2014,"Daihatsu","KEI","タント",234456,"L",1,1.21148891129032,"DBA-LA600S",4,"レギュラー",28,55952365,8.76334375,0.0565217391304348,0.0041902786414837,0.918813422810635
"124",173,2015,"Daihatsu","KEI","タント",157756,"L",1,1.21878,"DBA-LA600S",4,"レギュラー",28,56412140,8.76334375,0.0565217391304348,0.00279649025901162,0.92791704055191
"125",173,2016,"Daihatsu","KEI","タント",155998,"L",1,1.22,"DBA-LA600S",4,"レギュラー",28,56950757,8.76334375,0.0565217391304348,0.00273917342310305,0.930048041328055
"126",177,2006,"Daihatsu","KEI","テリオスキッド",11192,"L",0,1.24977777777778,"TA-J131G",4,"レギュラー",15.8,51102005,8.387771875,0.0625,0.000219012933054192,0.915227533635911
"127",177,2007,"Daihatsu","KEI","テリオスキッド",8528,"L",0,1.28472222222222,"ABA-J131G",4,"レギュラー",16,51713048,8.387771875,0.0666666666666667,0.000164910024255387,0.920174188920367
"128",177,2008,"Daihatsu","KEI","テリオスキッド",6198,"L",0,1.26648073022312,"ABA-J131G",4,"レギュラー",16,52324877,8.387771875,0.0666666666666667,0.000118452261244685,0.923564101259139
"129",177,2009,"Daihatsu","KEI","テリオスキッド",3943,"L",0,1.30527777777778,"ABA-J131G",4,"レギュラー",16,52877802,8.387771875,0.0666666666666667,7.45681524356856e-05,0.929189662611165
"130",177,2010,"Daihatsu","KEI","テリオスキッド",2685,"L",0,1.31474611398964,"ABA-J131G",4,"レギュラー",16,53362801,8.387771875,0.0666666666666667,5.03159494944802e-05,0.924956956438625
"131",177,2011,"Daihatsu","KEI","テリオスキッド",2649,"L",0,1.31747663551402,"ABA-J131G",4,"レギュラー",16,53783435,8.387771875,0.0666666666666667,4.92530832216276e-05,0.93898110077945
"132",177,2012,"Daihatsu","KEI","テリオスキッド",1359,"L",0,1.31884615384615,"ABA-J131G",4,"レギュラー",16,54171475,8.387771875,0.0666666666666667,2.50870038151998e-05,0.919761848832804
"133",234,2006,"Daihatsu","KEI","ミラ",59826,"2シーター",0,0.707111111111111,"LE-L250V",2,"レギュラー",21,51102005,7.5114375,0.0685714285714286,0.0011707172742048,0.915227533635911
"134",234,2007,"Daihatsu","KEI","ミラ",90500,"L",0,0.896222222222222,"DBA-L275S",4,"レギュラー",21,51713048,7.66166625,0.0773333333333333,0.00175004188498036,0.920174188920367
"135",234,2008,"Daihatsu","KEI","ミラ",85281,"L",0,0.883496957403651,"DBA-L275S",4,"レギュラー",21,52324877,7.66166625,0.0773333333333333,0.00162983660716489,0.923564101259139
"136",234,2009,"Daihatsu","KEI","ミラ",83952,"L",0,0.909583333333333,"DBA-L275S",4,"レギュラー",21,52877802,7.66166625,0.0773333333333333,0.00158766054610212,0.929189662611165
"137",234,2010,"Daihatsu","KEI","ミラ",97616,"X",0,0.983471502590674,"DBA-L275S",4,"レギュラー",24,53362801,7.66166625,0.0743589743589744,0.00182928928337176,0.924956956438625
"138",234,2011,"Daihatsu","KEI","ミラ",120014,"X",0,0.985514018691589,"DBA-L275S",4,"レギュラー",24,53783435,7.66166625,0.0743589743589744,0.00223143055106094,0.93898110077945
"139",234,2012,"Daihatsu","KEI","ミラ",218295,"X",0,0.986538461538462,"DBA-L275S",4,"レギュラー",24,54171475,7.66166625,0.0743589743589744,0.00402970382475279,0.919761848832804
"140",234,2013,"Daihatsu","KEI","ミラ",157276,"X",0,0.982453416149068,"DBA-L275S",4,"レギュラー",24,54594744,7.66166625,0.0743589743589744,0.00288079013613472,0.919563190918159
"141",234,2014,"Daihatsu","KEI","ミラ",142506,"X",0,0.891244959677419,"DBA-L275S",4,"レギュラー",24.5,55952365,7.66166625,0.0783783783783784,0.00254691647082299,0.918813422810635
"142",234,2015,"Daihatsu","KEI","ミラ",92988,"X",0,0.884115,"DBA-L275S",4,"レギュラー",24.5,56412140,7.66166625,0.0783783783783784,0.0016483685958377,0.92791704055191
"143",234,2016,"Daihatsu","KEI","ミラ",72924,"X",0,0.885,"DBA-L275S",4,"レギュラー",24.5,56950757,7.66166625,0.0783783783783784,0.00128047463881823,0.930048041328055
"144",236,2006,"Daihatsu","KEI","ムーヴ",184983,"L",0,0.960972222222222,"DBA-L150S",4,"レギュラー",23,51102005,8.16242875,0.0716049382716049,0.00361987753709468,0.915227533635911
"145",236,2007,"Daihatsu","KEI","ムーヴ",210425,"L",0,1.04730555555556,"DBA-L175S",4,"レギュラー",21,51713048,8.16242875,0.0707317073170732,0.00406908910107175,0.920174188920367
"146",236,2008,"Daihatsu","KEI","ムーヴ",190364,"L",0,1.03243509127789,"DBA-L175S",4,"レギュラー",21,52324877,8.16242875,0.0707317073170732,0.00363811653107183,0.923564101259139
"147",236,2009,"Daihatsu","KEI","ムーヴ",182325,"L",0,1.07916666666667,"DBA-L175S",4,"レギュラー",21,52877802,8.16242875,0.0707317073170732,0.00344804422846472,0.929189662611165
"148",236,2010,"Daihatsu","KEI","ムーヴ",131859,"L",0,1.08699481865285,"DBA-L175S",4,"レギュラー",18.4,53362801,8.16242875,0.0707317073170732,0.00247099098115183,0.924956956438625
"149",236,2011,"Daihatsu","KEI","ムーヴ",145201,"L",0,1.1618691588785,"DBA-LA100S",4,"レギュラー",25,53783435,8.187466875,0.0641975308641975,0.00269973459300247,0.93898110077945
"150",236,2012,"Daihatsu","KEI","ムーヴ",146016,"L",0,1.16307692307692,"DBA-LA100S",4,"レギュラー",27,54171475,8.187466875,0.0641975308641975,0.00269544072780001,0.919761848832804
"151",236,2013,"Daihatsu","KEI","ムーヴ",205333,"L",0,1.10655279503106,"DBA-LA100S",4,"レギュラー",29,54594744,8.1123525,0.0641975308641975,0.00376103970741213,0.919563190918159
"152",236,2014,"Daihatsu","KEI","ムーヴ",138048,"L",0,1.10876915322581,"DBA-LA100S",4,"レギュラー",29,55952365,8.1123525,0.0641975308641975,0.00246724155449015,0.918813422810635
"153",236,2015,"Daihatsu","KEI","ムーヴ",120835,"L",0,1.132866,"DBA-LA150S",4,"レギュラー",31,56412140,8.16242875,0.0634146341463415,0.00214200347655664,0.92791704055191
"154",236,2016,"Daihatsu","KEI","ムーヴ",102410,"L",0,1.134,"DBA-LA150S",4,"レギュラー",31,56950757,8.16242875,0.0634146341463415,0.00179822017115593,0.930048041328055
"155",85,2006,"Daihatsu","Regular","アルティス",142,"Gリミテッドエディション",0,2.7195,"DBA-ACV40N",5,"レギュラー",11.4,51102005,12.882051,0.111333333333333,2.77875594118078e-06,0.915227533635911
"156",85,2007,"Daihatsu","Regular","アルティス",130,"Gリミテッドエディション",0,2.7195,"DBA-ACV40N",5,"レギュラー",11.4,51713048,12.882051,0.111333333333333,2.51387232096627e-06,0.920174188920367
"157",85,2008,"Daihatsu","Regular","アルティス",121,"Gリミテッドエディション",0,2.68088640973631,"DBA-ACV40N",5,"レギュラー",11.4,52324877,12.882051,0.111333333333333,2.31247557447674e-06,0.923564101259139
"158",85,2009,"Daihatsu","Regular","アルティス",54,"Gリミテッドエディション",0,2.82125,"DBA-ACV40N",5,"レギュラー",11.4,52877802,12.882051,0.111333333333333,1.02122247819605e-06,0.929189662611165
"159",85,2010,"Daihatsu","Regular","アルティス",21,"Gリミテッドエディション",0,2.84171502590674,"DBA-ACV40N",5,"レギュラー",11.4,53362801,12.882051,0.111333333333333,3.93532565878616e-07,0.924956956438625
"160",85,2012,"Daihatsu","Regular","アルティス",187,"Gリミテッドエディション",0,2.85057692307692,"DBA-ACV40N",5,"レギュラー",11.4,54171475,12.882051,0.111333333333333,3.45200126081116e-06,0.919761848832804
"161",85,2013,"Daihatsu","Regular","アルティス",143,"Gリミテッドエディション",0,2.83877329192547,"DBA-ACV40N",5,"レギュラー",11.4,54594744,12.882051,0.111333333333333,2.61929976262916e-06,0.919563190918159
"162",85,2014,"Daihatsu","Regular","アルティス",84,"Gリミテッドエディション",0,2.76436995967742,"DBA-ACV40N",5,"レギュラー",11.4,55952365,12.882051,0.111333333333333,1.50127702376834e-06,0.918813422810635
"163",85,2015,"Daihatsu","Regular","アルティス",77,"Gリミテッドエディション",0,2.742255,"DBA-ACV40N",5,"レギュラー",11.4,56412140,12.882051,0.111333333333333,1.36495442293095e-06,0.92791704055191
"164",85,2016,"Daihatsu","Regular","アルティス",51,"Gリミテッドエディション",0,2.745,"DBA-ACV40N",5,"レギュラー",11.4,56950757,12.882051,0.111333333333333,8.95510484610415e-07,0.930048041328055
"165",237,2013,"Daihatsu","Regular","メビウス",456,"S",0,2.58540372670807,"DAA-ZVW41N",5,"レギュラー",26.2,54594744,12.901809375,0.0682758620689655,8.35245238992237e-06,0.919563190918159
"166",237,2014,"Daihatsu","Regular","メビウス",255,"S",0,2.64050201612903,"DAA-ZVW41N",5,"レギュラー",26.2,55952365,12.94374375,0.0682758620689655,4.55744810786818e-06,0.918813422810635
"167",237,2015,"Daihatsu","Regular","メビウス",184,"S",0,2.568429,"DAA-ZVW41N",5,"レギュラー",26.2,56412140,12.901809375,0.0682758620689655,3.26170927038045e-06,0.92791704055191
"168",237,2016,"Daihatsu","Regular","メビウス",140,"S",0,2.571,"DAA-ZVW41N",5,"レギュラー",26.2,56950757,12.901809375,0.0682758620689655,2.45826407540114e-06,0.930048041328055
"169",130,2006,"Daihatsu","Regular","クー",6249,"CS",0,1.40291666666667,"DBA-M401S",5,"レギュラー",16.4,51102005,10.49997,0.0867924528301887,0.000122284830115766,0.915227533635911
"170",130,2007,"Daihatsu","Regular","クー",3626,"CS",0,1.40291666666667,"DBA-M401S",5,"レギュラー",16.4,51713048,10.49997,0.0867924528301887,7.01177002755668e-05,0.920174188920367
"171",130,2008,"Daihatsu","Regular","クー",1716,"CS",0,1.38299695740365,"DBA-M401S",5,"レギュラー",16.4,52324877,10.49997,0.0867924528301887,3.27951081471247e-05,0.923564101259139
"172",130,2009,"Daihatsu","Regular","クー",882,"CS",0,1.40291666666667,"DBA-M401S",5,"レギュラー",16.4,52877802,10.49997,0.0867924528301887,1.66799671438688e-05,0.929189662611165
"173",130,2010,"Daihatsu","Regular","クー",597,"CL",0,1.54767357512953,"CBA-M401S",5,"レギュラー",16.4,53362801,10.49997,0.0867924528301887,1.11875686585492e-05,0.924956956438625
"174",130,2011,"Daihatsu","Regular","クー",405,"CL",0,1.55088785046729,"CBA-M401S",5,"レギュラー",16.4,53783435,10.49997,0.0867924528301887,7.53019958654556e-06,0.93898110077945
"175",130,2012,"Daihatsu","Regular","クー",362,"CL",0,1.5525,"CBA-M401S",5,"レギュラー",16.4,54171475,10.49997,0.0867924528301887,6.6824837241371e-06,0.919761848832804
"176",130,2013,"Daihatsu","Regular","クー",33,"CL",0,1.54607142857143,"CBA-M401S",5,"レギュラー",16.4,54594744,10.49997,0.0867924528301887,6.04453791375961e-07,0.919563190918159
"177",188,2016,"Daihatsu","Regular","トール",1236,"X",0,1.463,"DBA-M900S",5,"レギュラー",24.6,56950757,10.720565,0.0644859813084112,2.17029599799701e-05,0.930048041328055
"178",201,2006,"Daihatsu","Regular","ビーゴ",7304,"CL",0,1.64033333333333,"CBA-J200G",5,"レギュラー",14.6,51102005,11.545450125,0.0947826086956522,0.00014292981263651,0.915227533635911
"179",201,2007,"Daihatsu","Regular","ビーゴ",2544,"CL",0,1.64033333333333,"CBA-J200G",5,"レギュラー",14.6,51713048,11.545450125,0.0947826086956522,4.91945475733706e-05,0.920174188920367
"180",201,2008,"Daihatsu","Regular","ビーゴ",1564,"CL",0,1.68188640973631,"CBA-J200G",5,"レギュラー",15.4,52324877,11.47252275,0.0939655172413793,2.98901801527407e-05,0.923564101259139
"181",201,2009,"Daihatsu","Regular","ビーゴ",886,"CL",0,1.64033333333333,"CBA-J200G",5,"レギュラー",14.6,52877802,11.44387725,0.0947826086956522,1.67556132533648e-05,0.929189662611165
"182",201,2010,"Daihatsu","Regular","ビーゴ",731,"CX",0,1.71641658031088,"ABA-J200G",5,"レギュラー",15.4,53362801,11.47252275,0.0939655172413793,1.36986812217747e-05,0.924956956438625
"183",201,2011,"Daihatsu","Regular","ビーゴ",697,"CX",0,1.71998130841121,"ABA-J200G",5,"レギュラー",15.4,53783435,11.47252275,0.0939655172413793,1.29593805230179e-05,0.93898110077945
"184",201,2012,"Daihatsu","Regular","ビーゴ",710,"CX",0,1.72176923076923,"ABA-J200G",5,"レギュラー",15.4,54171475,11.47252275,0.0939655172413793,1.31065288512081e-05,0.919761848832804
"185",201,2013,"Daihatsu","Regular","ビーゴ",509,"CX",0,1.74773291925466,"ABA-J200G",5,"レギュラー",13.8,54594744,11.47252275,0.0939655172413793,9.32324181243528e-06,0.919563190918159
"186",201,2014,"Daihatsu","Regular","ビーゴ",393,"CX",0,1.75026411290323,"ABA-J200G",5,"レギュラー",13.8,55952365,11.47252275,0.0939655172413793,7.02383178977332e-06,0.918813422810635
"187",201,2015,"Daihatsu","Regular","ビーゴ",301,"CX",0,1.736262,"ABA-J200G",5,"レギュラー",13.8,56412140,11.47252275,0.0939655172413793,5.33573092600281e-06,0.92791704055191
"188",201,2016,"Daihatsu","Regular","ビーゴ",125,"CX",0,1.738,"ABA-J200G",5,"レギュラー",13.8,56950757,11.47252275,0.0939655172413793,2.19487863875102e-06,0.930048041328055
"189",216,2006,"Daihatsu","Regular","ブーン",7513,"CL",0,1.05758333333333,"DBA-M300S",5,"レギュラー",21,51102005,9.188011125,0.0788888888888889,0.000147019671733037,0.915227533635911
"190",216,2007,"Daihatsu","Regular","ブーン",5387,"CL",0,1.05758333333333,"DBA-M300S",5,"レギュラー",21.5,51713048,9.20079,0.0788888888888889,0.000104171001484964,0.920174188920367
"191",216,2008,"Daihatsu","Regular","ブーン",3899,"CL",0,1.04256693711968,"DBA-M300S",5,"レギュラー",21.5,52324877,9.20079,0.0788888888888889,7.45152253296267e-05,0.923564101259139
"192",216,2009,"Daihatsu","Regular","ブーン",6091,"CL",0,1.05758333333333,"DBA-M300S",5,"レギュラー",21.5,52877802,9.20079,0.0788888888888889,0.00011519011323504,0.929189662611165
"193",216,2010,"Daihatsu","Regular","ブーン",4457,"CL",0,1.13875647668394,"DBA-M600S",5,"レギュラー",20.8,53362801,9.303021,0.0758241758241758,8.35226021962378e-05,0.924956956438625
"194",216,2011,"Daihatsu","Regular","ブーン",1999,"CL",0,1.1411214953271,"DBA-M600S",5,"レギュラー",20.8,53783435,9.303021,0.0758241758241758,3.7167577712357e-05,0.93898110077945
"195",216,2012,"Daihatsu","Regular","ブーン",1731,"CL",0,1.22538461538462,"DBA-M600S",5,"レギュラー",23,54171475,9.303021,0.0758241758241758,3.19540865372412e-05,0.919761848832804
"196",216,2013,"Daihatsu","Regular","ブーン",1363,"CL",0,1.22031055900621,"DBA-M600S",5,"レギュラー",23,54594744,9.303021,0.0758241758241758,2.49657732619829e-05,0.919563190918159
"197",216,2014,"Daihatsu","Regular","ブーン",1159,"CL",0,1.27291935483871,"DBA-M600S",5,"レギュラー",27.6,55952365,9.32857875,0.0758241758241758,2.07140484588989e-05,0.918813422810635
"198",216,2015,"Daihatsu","Regular","ブーン",1062,"CL",0,1.262736,"DBA-M600S",5,"レギュラー",27.6,56412140,9.32857875,0.0758241758241758,1.88257350279567e-05,0.92791704055191
"199",216,2016,"Daihatsu","Regular","ブーン",5307,"X",0,1.15,"DBA-M700S",5,"レギュラー",28,56950757,9.26780625,0.0758241758241758,9.31857674868132e-05,0.930048041328055
"200",9,2008,"Fiat","Foreign","500",2495,"1.2 8V ラウンジ",0,2.27966531440162,"ABA-31212",4,"ハイオク",15.6,52324877,8.727346875,0.0683168316831683,4.76828641183428e-05,0.923564101259139
"201",9,2009,"Fiat","Foreign","500",3053,"1.2 8V ラウンジ",0,2.3125,"ABA-31212",4,"ハイオク",15.6,52877802,8.727346875,0.0683168316831683,5.77368930728248e-05,0.929189662611165
"202",9,2010,"Fiat","Foreign","500",4280,"1.2 8V ポップ",0,2.01870466321244,"ABA-31212",4,"ハイオク",19.2,53362801,8.727346875,0.0704081632653061,8.02056848552609e-05,0.924956956438625
"203",9,2011,"Fiat","Foreign","500",4501,"1.2 8V ポップ",0,2.02289719626168,"ABA-31212",4,"ハイオク",19.2,53783435,8.727346875,0.0704081632653061,8.36874773803495e-05,0.93898110077945
"204",9,2012,"Fiat","Foreign","500",4506,"1.2 ポップ",0,2.06653846153846,"ABA-31212",4,"ハイオク",19.2,54171475,8.727346875,0.0696969696969697,8.31803084556955e-05,0.919761848832804
"205",9,2013,"Fiat","Foreign","500",4340,"1.2 ポップ",0,2.05798136645963,"ABA-31212",4,"ハイオク",19.2,54594744,8.727346875,0.0696969696969697,7.94948319567173e-05,0.919563190918159
"206",9,2014,"Fiat","Foreign","500",4650,"1.2 ポップ",0,2.01209879032258,"ABA-31212",4,"ハイオク",19.4,55952365,8.727346875,0.0696969696969697,8.31064066728904e-05,0.918813422810635
"207",9,2015,"Fiat","Foreign","500",4370,"1.2 ポップ",0,1.996002,"ABA-31212",4,"ハイオク",19.4,56412140,8.727346875,0.0696969696969697,7.74655951715358e-05,0.92791704055191
"208",9,2016,"Fiat","Foreign","500",4229,"1.2 ポップ",0,1.998,"ABA-31212",4,"ハイオク",19.4,56950757,8.78889375,0.0696969696969697,7.42571341062244e-05,0.930048041328055
"209",50,2012,"Honda","KEI","N-BOX",211155,"660 G",0,1.28769230769231,"DBA-JF1",4,"レギュラー",22.2,54171475,8.86349625,0.0623655913978495,0.00389790014024909,0.919761848832804
"210",50,2013,"Honda","KEI","N-BOX",234994,"660 G",0,1.30304347826087,"DBA-JF1",4,"レギュラー",24.2,54594744,8.9135725,0.0610526315789474,0.00430433376516978,0.919563190918159
"211",50,2014,"Honda","KEI","N-BOX",179930,"660 G",0,1.24875,"DBA-JF1",4,"レギュラー",25.2,55952365,8.9135725,0.0610526315789474,0.00321577112960283,0.918813422810635
"212",50,2015,"Honda","KEI","N-BOX",184920,"660 G",0,1.26873,"DBA-JF1",4,"レギュラー",25.6,56412140,8.9135725,0.0610526315789474,0.00327801781673236,0.92791704055191
"213",50,2016,"Honda","KEI","N-BOX",186367,"660 G",0,1.27,"DBA-JF1",4,"レギュラー",25.6,56950757,8.9135725,0.0610526315789474,0.00327242357814489,0.930048041328055
"214",51,2012,"Honda","KEI","N-ONE",18001,"660 G",0,1.19423076923077,"DBA-JG1",4,"レギュラー",27,54171475,8.06227625,0.069047619047619,0.000332296656127602,0.919761848832804
"215",51,2013,"Honda","KEI","N-ONE",107583,"660 G",0,1.18928571428571,"DBA-JG1",4,"レギュラー",27,54594744,8.06227625,0.069047619047619,0.0019705743102303,0.919563190918159
"216",51,2014,"Honda","KEI","N-ONE",34858,"660 G",0,1.19336189516129,"DBA-JG1",4,"レギュラー",28.4,55952365,8.06227625,0.069047619047619,0.00062299422017282,0.918813422810635
"217",51,2015,"Honda","KEI","N-ONE",22829,"660 G",0,1.183815,"DBA-JG1",4,"レギュラー",28.4,56412140,8.06227625,0.069047619047619,0.000404682396377801,0.92791704055191
"218",51,2016,"Honda","KEI","N-ONE",17259,"660 G",0,1.185,"DBA-JG1",4,"レギュラー",28.4,56950757,8.06227625,0.069047619047619,0.000303051283409631,0.930048041328055
"219",52,2013,"Honda","KEI","N-WGN",11510,"660 G",0,1.16963664596273,"DBA-JH1",4,"レギュラー",29.2,54594744,8.287619375,0.0707317073170732,0.000210826155719312,0.919563190918159
"220",52,2014,"Honda","KEI","N-WGN",146717,"660 G",0,1.17120665322581,"DBA-JH1",4,"レギュラー",29.2,55952365,8.287619375,0.0707317073170732,0.00262217691781214,0.918813422810635
"221",52,2015,"Honda","KEI","N-WGN",96038,"660 G",0,1.162836,"DBA-JH1",4,"レギュラー",29.4,56412140,8.287619375,0.0698795180722892,0.00170243497233042,0.92791704055191
"222",52,2016,"Honda","KEI","N-WGN",86710,"660 G",0,1.164,"DBA-JH1",4,"レギュラー",29.4,56950757,8.287619375,0.0698795180722892,0.00152254341412881,0.930048041328055
"223",64,2015,"Honda","KEI","S660",9296,"660 ベータ",0,1.97802,"DBA-JW5",2,"レギュラー",24.2,56412140,5.9089975,0.0752941176470588,0.000164787224877482,0.92791704055191
"224",64,2016,"Honda","KEI","S660",10298,"660 ベータ",0,1.98,"DBA-JW5",2,"レギュラー",24.2,56950757,5.9089975,0.0752941176470588,0.000180822881774864,0.930048041328055
"225",137,2006,"Honda","KEI","ザッツ",28102,"660",0,0.925,"ABA-JD1",4,"レギュラー",19,51102005,8.1123525,0.0634146341463415,0.000549919714500439,0.915227533635911
"226",137,2007,"Honda","KEI","ザッツ",22983,"660",0,0.925,"ABA-JD1",4,"レギュラー",19,51713048,8.1123525,0.0634146341463415,0.000444433288867444,0.920174188920367
"227",137,2008,"Honda","KEI","ザッツ",659,"660",0,0.911866125760649,"ABA-JD1",4,"レギュラー",19,52324877,8.1123525,0.0634146341463415,1.25943917651254e-05,0.923564101259139
"228",169,2006,"Honda","KEI","ゼスト",71897,"660 G",0,1.12952777777778,"DBA-JE1",4,"レギュラー",19,51102005,8.187466875,0.0590909090909091,0.00140693109790898,0.915227533635911
"229",169,2007,"Honda","KEI","ゼスト",47041,"660 D",0,1.18708333333333,"DBA-JE1",4,"レギュラー",19,51713048,8.187466875,0.0590909090909091,0.00090965436808134,0.920174188920367
"230",169,2008,"Honda","KEI","ゼスト",42339,"660 D",0,1.17022819472617,"DBA-JE1",4,"レギュラー",19,52324877,8.187466875,0.0590909090909091,0.000809156226014635,0.923564101259139
"231",169,2009,"Honda","KEI","ゼスト",43660,"660 D",0,1.20866666666667,"DBA-JE1",4,"レギュラー",18.4,52877802,8.237543125,0.0584269662921348,0.00082567728514888,0.929189662611165
"232",169,2010,"Honda","KEI","ゼスト",38376,"660 D",0,1.21743419689119,"DBA-JE1",4,"レギュラー",18.6,53362801,8.237543125,0.0584269662921348,0.00071915265467418,0.924956956438625
"233",169,2011,"Honda","KEI","ゼスト",18104,"660 D",0,1.21996261682243,"DBA-JE1",4,"レギュラー",18.6,53783435,8.237543125,0.0584269662921348,0.000336609218061286,0.93898110077945
"234",169,2012,"Honda","KEI","ゼスト",7738,"660 D",0,1.22123076923077,"DBA-JE1",4,"レギュラー",18.6,54171475,8.237543125,0.0584269662921348,0.000142842704578378,0.919761848832804
"235",169,2013,"Honda","KEI","ゼスト",128,"660 D",0,1.21617391304348,"DBA-JE1",4,"レギュラー",18.6,54594744,8.237543125,0.0584269662921348,2.34454803927646e-06,0.919563190918159
"236",195,2006,"Honda","KEI","バモス",29218,"660 M",0,1.28163888888889,"ABA-HM1",4,"レギュラー",15.8,51102005,8.888534375,0.0469387755102041,0.000571758387953662,0.915227533635911
"237",195,2007,"Honda","KEI","バモス",28354,"660 M",0,1.28472222222222,"ABA-HM1",4,"レギュラー",15.8,51713048,8.888534375,0.0469387755102041,0.000548294890682135,0.920174188920367
"238",195,2008,"Honda","KEI","バモス",25438,"660 M",0,1.26648073022312,"ABA-HM1",4,"レギュラー",15.8,52324877,8.888534375,0.0469387755102041,0.000486154988954871,0.923564101259139
"239",195,2009,"Honda","KEI","バモス",14415,"660 M",0,1.28472222222222,"ABA-HM1",4,"レギュラー",15.8,52877802,8.888534375,0.0469387755102041,0.000272609667096223,0.929189662611165
"240",195,2010,"Honda","KEI","バモス",13075,"660 M",0,1.33545077720207,"ABA-HM1",4,"レギュラー",14.2,53362801,8.788381875,0.0454545454545455,0.000245020871374424,0.924956956438625
"241",195,2011,"Honda","KEI","バモス",9939,"660 M",0,1.33822429906542,"ABA-HM1",4,"レギュラー",14.2,53783435,8.788381875,0.0454545454545455,0.000184796675779448,0.93898110077945
"242",195,2012,"Honda","KEI","バモス",7819,"660 G",0,1.34792307692308,"ABA-HM1",4,"レギュラー",14.2,54171475,8.788381875,0.045,0.000144337956461403,0.919761848832804
"243",195,2013,"Honda","KEI","バモス",5848,"660 G",0,1.34234161490683,"ABA-HM1",4,"レギュラー",14.2,54594744,8.788381875,0.045,0.000107116538544443,0.919563190918159
"244",195,2014,"Honda","KEI","バモス",5425,"660 G",0,1.34442036290323,"ABA-HM1",4,"レギュラー",14.2,55952365,8.788381875,0.045,9.69574744517055e-05,0.918813422810635
"245",195,2015,"Honda","KEI","バモス",4045,"660 G",0,1.372626,"ABA-HM1",4,"レギュラー",15,56412140,8.788381875,0.045,7.17044239059181e-05,0.92791704055191
"246",195,2016,"Honda","KEI","バモス",2718,"660 G",0,1.374,"ABA-HM1",4,"レギュラー",15,56950757,8.788381875,0.045,4.77254411210021e-05,0.930048041328055
"247",240,2006,"Honda","KEI","ライフ",105503,"660 C",1,1.01441666666667,"DBA-JB5",4,"レギュラー",20,51102005,7.887009375,0.0619047619047619,0.00206455695818589,0.915227533635911
"248",240,2007,"Honda","KEI","ライフ",87132,"660 C",1,1.01441666666667,"DBA-JB5",4,"レギュラー",20,51713048,7.887009375,0.0619047619047619,0.00168491325438794,0.920174188920367
"249",240,2008,"Honda","KEI","ライフ",97126,"660 C",1,0.957459432048682,"DBA-JC1",4,"レギュラー",21,52324877,8.06227625,0.0641975308641975,0.00185621076567461,0.923564101259139
"250",240,2009,"Honda","KEI","ライフ",75745,"660 C",1,0.97125,"DBA-JC1",4,"レギュラー",19.2,52877802,8.06227625,0.0641975308641975,0.0014324536409437,0.929189662611165
"251",240,2010,"Honda","KEI","ライフ",63344,"660 C",1,0.988647668393782,"DBA-JC1",4,"レギュラー",19.2,53362801,8.06227625,0.0641975308641975,0.00118704413585786,0.924956956438625
"252",240,2011,"Honda","KEI","ライフ",67574,"660 C",1,0.990700934579439,"DBA-JC1",4,"レギュラー",19.2,53783435,8.06227625,0.0641975308641975,0.00125640915274378,0.93898110077945
"253",240,2012,"Honda","KEI","ライフ",43935,"660 C",1,1.01769230769231,"DBA-JC1",4,"レギュラー",19.4,54171475,8.06227625,0.0641975308641975,0.000811035697292717,0.919761848832804
"254",240,2013,"Honda","KEI","ライフ",13065,"660 C",1,1.01347826086957,"DBA-JC1",4,"レギュラー",19.4,54594744,8.06227625,0.0641975308641975,0.00023930875104021,0.919563190918159
"255",240,2014,"Honda","KEI","ライフ",2840,"660 C",1,1.01511290322581,"DBA-JC1",4,"レギュラー",19.4,55952365,8.06227625,0.0641975308641975,5.07574612797868e-05,0.918813422810635
"256",240,2015,"Honda","KEI","ライフ",38,"660 C",1,1.006992,"DBA-JC1",4,"レギュラー",19.4,56412140,8.06227625,0.0641975308641975,6.73613871056833e-07,0.92791704055191
"257",26,2006,"Honda","Regular","CR-V",11906,"2.4 ZL",0,2.53655555555556,"DBA-RE3",5,"レギュラー",12.2,51102005,13.902616,0.114864864864865,0.000232984987575341,0.915227533635911
"258",26,2007,"Honda","Regular","CR-V",15672,"2.4 ZL",0,2.53655555555556,"DBA-RE3",5,"レギュラー",12.2,51713048,13.902616,0.114864864864865,0.00030305697703218,0.920174188920367
"259",26,2008,"Honda","Regular","CR-V",7163,"2.4 ZL",0,2.50053955375254,"DBA-RE3",5,"レギュラー",12.2,52324877,13.902616,0.114864864864865,0.000136894731735346,0.923564101259139
"260",26,2009,"Honda","Regular","CR-V",3861,"2.4 ZL",0,2.53861111111111,"DBA-RE3",5,"レギュラー",11.6,52877802,14.041027,0.114864864864865,7.30174071910175e-05,0.929189662611165
"261",26,2010,"Honda","Regular","CR-V",3726,"2.4 ZL",0,2.55702590673575,"DBA-RE3",5,"レギュラー",11.6,53362801,14.041027,0.114864864864865,6.98239209744631e-05,0.924956956438625
"262",26,2011,"Honda","Regular","CR-V",4017,"2.4 ZL",0,2.56233644859813,"DBA-RE3",5,"レギュラー",11.6,53783435,14.041027,0.114864864864865,7.46884240472926e-05,0.93898110077945
"263",26,2012,"Honda","Regular","CR-V",12139,"2.4 ZL",0,2.565,"DBA-RE3",5,"レギュラー",11.6,54171475,14.041027,0.114864864864865,0.000224084723556078,0.919761848832804
"264",26,2013,"Honda","Regular","CR-V",5378,"2.4 ZL",0,2.55437888198758,"DBA-RE3",5,"レギュラー",11.6,54594744,14.041027,0.114864864864865,9.85076512127248e-05,0.919563190918159
"265",26,2014,"Honda","Regular","CR-V",1750,"2.4 ZL",0,2.48742943548387,"DBA-RE3",5,"レギュラー",11.6,55952365,14.041027,0.114864864864865,3.12766046618405e-05,0.918813422810635
"266",26,2015,"Honda","Regular","CR-V",837,"2.4 ZL",0,2.46753,"DBA-RE3",5,"レギュラー",11.6,56412140,14.041027,0.114864864864865,1.48372318440676e-05,0.92791704055191
"267",26,2016,"Honda","Regular","CR-V",441,"2.4 ZL",0,2.47,"DBA-RE3",5,"レギュラー",11.6,56950757,14.041027,0.114864864864865,7.74353183751359e-06,0.930048041328055
"268",27,2010,"Honda","Regular","CR-Z",22372,"1.5 ベータ",0,2.34790880829016,"DAA-ZF1",4,"レギュラー",22.8,53362801,9.903384,0.0974137931034483,0.000419243360182686,0.924956956438625
"269",27,2011,"Honda","Regular","CR-Z",6794,"1.5 ベータ",0,2.35278504672897,"DAA-ZF1",4,"レギュラー",22.8,53783435,9.903384,0.0974137931034483,0.000126321422199977,0.93898110077945
"270",27,2012,"Honda","Regular","CR-Z",5060,"1.5 ベータ",0,2.45596153846154,"DAA-ZF2",4,"レギュラー",23,54171475,9.8912475,0.100854700854701,9.3407092939596e-05,0.919761848832804
"271",27,2013,"Honda","Regular","CR-Z",3007,"1.5 ベータ",0,2.44579192546584,"DAA-ZF2",4,"レギュラー",23,54594744,9.8912475,0.100854700854701,5.50785621414398e-05,0.919563190918159
"272",27,2014,"Honda","Regular","CR-Z",1315,"1.5 ベータ",0,2.45016834677419,"DAA-ZF2",4,"レギュラー",23,55952365,9.8912475,0.100854700854701,2.3502134360183e-05,0.918813422810635
"273",27,2015,"Honda","Regular","CR-Z",732,"1.5 アルファ",0,2.6973,"DAA-ZF2",4,"レギュラー",23,56412140,9.9640665,0.100854700854701,1.29759303582527e-05,0.92791704055191
"274",27,2016,"Honda","Regular","CR-Z",1059,"1.5 アルファ",0,2.7,"DAA-ZF2",4,"レギュラー",23,56950757,9.9640665,0.100854700854701,1.85950118274986e-05,0.930048041328055
"275",63,2006,"Honda","Regular","S2000",1225,"2.2",0,3.885,"ABA-AP2",2,"ハイオク",11,51102005,9.29858125,0.1936,2.3971662168637e-05,0.915227533635911
"276",63,2007,"Honda","Regular","S2000",997,"2.2",0,3.97133333333333,"ABA-AP2",2,"ハイオク",11,51713048,9.29858125,0.1936,1.92794669538721e-05,0.920174188920367
"277",63,2008,"Honda","Regular","S2000",1228,"2.2",0,3.91494523326572,"ABA-AP2",2,"ハイオク",11,52324877,9.29858125,0.1936,2.34687603756813e-05,0.923564101259139
"278",63,2009,"Honda","Regular","S2000",1122,"2.2",0,3.97133333333333,"ABA-AP2",2,"ハイオク",11,52877802,9.29858125,0.1936,2.1218733713629e-05,0.929189662611165
"279",63,2010,"Honda","Regular","S2000",42,"2.2",0,4.00014093264249,"ABA-AP2",2,"ハイオク",11,53362801,9.29858125,0.1936,7.87065131757233e-07,0.924956956438625
"280",80,2006,"Honda","Regular","アコード",11393,"2.0 20A",0,2.09358333333333,"ABA-CL7",5,"レギュラー",13.8,51102005,11.90508,0.113138686131387,0.00022294624252023,0.915227533635911
"281",80,2007,"Honda","Regular","アコード",6929,"2.0 20A",0,2.09358333333333,"DBA-CL7",5,"レギュラー",13.8,51713048,11.90508,0.113138686131387,0.000133989394707502,0.920174188920367
"282",80,2008,"Honda","Regular","アコード",3435,"2.0 20A",0,2.0638569979716,"DBA-CL7",5,"レギュラー",13.8,52324877,11.90508,0.113138686131387,6.56475503994018e-05,0.923564101259139
"283",80,2009,"Honda","Regular","アコード",5106,"2.4 24TL",0,2.98055555555556,"DBA-CU2",5,"ハイオク",11.2,52877802,12.532608,0.136423841059603,9.65622587716486e-05,0.929189662611165
"284",80,2010,"Honda","Regular","アコード",2067,"2.4 24TL",0,3.00217616580311,"DBA-CU2",5,"ハイオク",11.2,53362801,12.532608,0.136423841059603,3.87348482700524e-05,0.924956956438625
"285",80,2011,"Honda","Regular","アコード",3192,"2.0 20TL",0,2.59138317757009,"DBA-CU1",5,"レギュラー",13.2,53783435,12.532608,0.106849315068493,5.93491285932183e-05,0.93898110077945
"286",80,2012,"Honda","Regular","アコード",2267,"2.0 20TL",0,2.59407692307692,"DBA-CU1",5,"レギュラー",13.2,54171475,12.532608,0.106849315068493,4.18485928249138e-05,0.919761848832804
"287",80,2013,"Honda","Regular","アコード",11394,"2.0 20TL",0,2.58333540372671,"DBA-CU1",5,"レギュラー",13.2,54594744,12.532608,0.106849315068493,0.000208701409058718,0.919563190918159
"288",80,2014,"Honda","Regular","アコード",7587,"2.0 20TL",0,2.51562701612903,"DBA-CU1",5,"レギュラー",13.2,55952365,12.532608,0.106849315068493,0.000135597485468219,0.918813422810635
"289",80,2015,"Honda","Regular","アコード",3108,"2.0 20TL",0,2.495502,"DBA-CU1",5,"レギュラー",13.2,56412140,12.532608,0.106849315068493,5.5094523980122e-05,0.92791704055191
"290",80,2016,"Honda","Regular","アコード",4270,"2.0 ハイブリッド LX",0,3.85,"DAA-CR7",5,"レギュラー",31.6,56950757,13.40218625,0.0917721518987342,7.49770542997348e-05,0.930048041328055
"291",93,2006,"Honda","Regular","インスパイア",3171,"3.0 30TE",1,2.91375,"DBA-UC1",5,"レギュラー",11.4,51102005,12.7241205,0.162337662337662,6.20523597851004e-05,0.915227533635911
"292",93,2007,"Honda","Regular","インスパイア",1646,"3.0 30TE",1,2.91375,"DBA-UC1",5,"レギュラー",11.4,51713048,12.7241205,0.162337662337662,3.18294910793114e-05,0.920174188920367
"293",93,2008,"Honda","Regular","インスパイア",5779,"3.5 35TL",1,3.34350912778905,"DBA-CP3",5,"レギュラー",9.8,52324877,13.4435925,0.175,0.000110444597891745,0.923564101259139
"294",93,2009,"Honda","Regular","インスパイア",1334,"3.5 35TL",1,3.39166666666667,"DBA-CP3",5,"レギュラー",9.8,52877802,13.4435925,0.175,2.52279775169172e-05,0.929189662611165
"295",93,2010,"Honda","Regular","インスパイア",1076,"3.5",1,3.80965803108808,"DBA-CP3",5,"レギュラー",9.6,53362801,13.49802,0.175,2.01638590897805e-05,0.924956956438625
"296",93,2011,"Honda","Regular","インスパイア",989,"3.5",1,3.81757009345794,"DBA-CP3",5,"レギュラー",9.6,53783435,13.49802,0.175,1.83885614594903e-05,0.93898110077945
"297",93,2012,"Honda","Regular","インスパイア",627,"3.5",1,3.82153846153846,"DBA-CP3",5,"レギュラー",9.6,54171475,13.49802,0.175,1.15743571686021e-05,0.919761848832804
"298",94,2006,"Honda","Regular","インテグラ",1842,"2.0 タイプS",0,2.15833333333333,"ABA-DC5",4,"レギュラー",13.8,51102005,10.551954375,0.130081300813008,3.60455524201056e-05,0.915227533635911
"299",94,2007,"Honda","Regular","インテグラ",88,"2.0 タイプS",0,2.15833333333333,"ABA-DC5",4,"レギュラー",13.8,51713048,10.551954375,0.130081300813008,1.70169818650024e-06,0.920174188920367
"300",258,2014,"Honda","Regular","ヴェゼル",96029,"1.5 G",0,1.88319556451613,"DBA-RU1",5,"レギュラー",20.6,55952365,12.20145075,0.111016949152542,0.00171626346804107,0.918813422810635
"301",258,2015,"Honda","Regular","ヴェゼル",71021,"1.5 G",0,1.929069,"DBA-RU1",5,"レギュラー",20.6,56412140,12.20145075,0.111016949152542,0.0012589665983244,0.92791704055191
"302",258,2016,"Honda","Regular","ヴェゼル",73889,"1.5 G",0,1.92,"DBA-RU1",5,"レギュラー",20.6,56950757,12.20145075,0.111016949152542,0.00129741910190939,0.930048041328055
"303",107,2006,"Honda","Regular","エディックス",7991,"2.0 20X",1,2.072,"DBA-BE3",6,"レギュラー",13,51102005,12.38343575,0.108333333333333,0.000156373512154758,0.915227533635911
"304",107,2007,"Honda","Regular","エディックス",3836,"2.0 20X",1,2.05041666666667,"DBA-BE3",6,"レギュラー",13,51713048,12.38343575,0.109090909090909,7.4178570947897e-05,0.920174188920367
"305",107,2008,"Honda","Regular","エディックス",1595,"2.0 20X",1,2.02130324543611,"DBA-BE3",6,"レギュラー",13,52324877,12.38343575,0.109090909090909,3.0482632572648e-05,0.923564101259139
"306",107,2009,"Honda","Regular","エディックス",488,"2.0 20X",1,2.05041666666667,"DBA-BE3",6,"レギュラー",13,52877802,12.38343575,0.109090909090909,9.22882535851244e-06,0.929189662611165
"307",110,2006,"Honda","Regular","エリシオン",19474,"2.4 M",0,2.80583333333333,"DBA-RR1",8,"レギュラー",10.2,51102005,15.854388,0.0898876404494382,0.00038108093801799,0.915227533635911
"308",110,2007,"Honda","Regular","エリシオン",19111,"2.4 MX",0,2.88188888888889,"DBA-RR1",8,"レギュラー",10.2,51713048,15.854388,0.0888888888888889,0.000369558568661433,0.920174188920367
"309",110,2008,"Honda","Regular","エリシオン",11758,"2.4 MX",0,2.84096957403651,"DBA-RR1",8,"レギュラー",10.2,52324877,15.854388,0.0888888888888889,0.00022471146946031,0.923564101259139
"310",110,2009,"Honda","Regular","エリシオン",5914,"2.4 LX",0,3.0525,"DBA-RR1",8,"レギュラー",9.9,52877802,15.854388,0.0879120879120879,0.000111842772889841,0.929189662611165
"311",110,2010,"Honda","Regular","エリシオン",4002,"2.4 プレステージ S",0,3.31481658031088,"DBA-RR1",7,"レギュラー",9.9,53362801,16.248546,0.0879120879120879,7.49960632688678e-05,0.924956956438625
"312",110,2011,"Honda","Regular","エリシオン",2825,"2.4 プレステージ S",0,3.32170093457944,"DBA-RR1",7,"レギュラー",9.9,53783435,16.248546,0.0879120879120879,5.25254662518301e-05,0.93898110077945
"313",110,2012,"Honda","Regular","エリシオン",1700,"2.4 プレステージ S",0,3.46846153846154,"DBA-RR1",7,"レギュラー",9.9,54171475,16.248546,0.0864864864864865,3.13818296437378e-05,0.919761848832804
"314",110,2013,"Honda","Regular","エリシオン",714,"2.4 プレステージ S",0,3.45409937888199,"DBA-RR1",7,"レギュラー",9.9,54594744,16.248546,0.0864864864864865,1.3078182031589e-05,0.919563190918159
"315",110,2014,"Honda","Regular","エリシオン",14,"2.4 プレステージ S",0,3.3635685483871,"DBA-RR1",7,"レギュラー",9.9,55952365,16.248546,0.0864864864864865,2.50212837294724e-07,0.918813422810635
"316",113,2006,"Honda","Regular","オデッセイ",44986,"2.4 B",0,2.32072222222222,"DBA-RB1",7,"レギュラー",11.6,51102005,13.3083,0.1,0.000880317709647596,0.915227533635911
"317",113,2007,"Honda","Regular","オデッセイ",31791,"2.4 B",0,2.32072222222222,"DBA-RB1",7,"レギュラー",11.6,51713048,13.3083,0.1,0.000614757807352605,0.920174188920367
"318",113,2008,"Honda","Regular","オデッセイ",28982,"2.4 M",0,2.62414807302231,"DBA-RB3",7,"レギュラー",12.4,52324877,13.3488,0.108125,0.000553885678508141,0.923564101259139
"319",113,2009,"Honda","Regular","オデッセイ",23027,"2.4 M",0,2.72361111111111,"DBA-RB3",7,"レギュラー",12.4,52877802,13.3488,0.108125,0.000435475740841119,0.929189662611165
"320",113,2010,"Honda","Regular","オデッセイ",16801,"2.4 M",0,2.74336787564767,"DBA-RB3",7,"レギュラー",12.4,53362801,13.3488,0.108125,0.000314844792348887,0.924956956438625
"321",113,2011,"Honda","Regular","オデッセイ",10289,"2.4 M",0,2.82168224299065,"DBA-RB3",7,"レギュラー",12.4,53783435,13.3488,0.108125,0.000191304255669055,0.93898110077945
"322",113,2012,"Honda","Regular","オデッセイ",7898,"2.4 M",0,2.82461538461538,"DBA-RB3",7,"レギュラー",12.4,54171475,13.3488,0.108125,0.000145796288544848,0.919761848832804
"323",113,2013,"Honda","Regular","オデッセイ",14826,"2.4 G",0,2.78189440993789,"DBA-RC1",8,"レギュラー",13.8,54594744,14.73633,0.101744186046512,0.000271564603361818,0.919563190918159
"324",113,2014,"Honda","Regular","オデッセイ",32749,"2.4 G",0,2.7865252016129,"DBA-RC1",8,"レギュラー",13.8,55952365,14.73633,0.101744186046512,0.000585301443468922,0.918813422810635
"325",113,2015,"Honda","Regular","オデッセイ",15834,"2.4 G",0,2.75724,"DBA-RC1",8,"レギュラー",13.8,56412140,14.73633,0.101744186046512,0.000280684264060892,0.92791704055191
"326",113,2016,"Honda","Regular","オデッセイ",30858,"2.4 G",0,2.76,"DBA-RC1",8,"レギュラー",13.8,56950757,14.73633,0.101744186046512,0.000541836520276631,0.930048041328055
"327",129,2007,"Honda","Regular","クロスロード",18026,"1.8 18L",0,1.98566666666667,"DBA-RT1",7,"レギュラー",13.8,51713048,12.55869225,0.099290780141844,0.000348577403521061,0.920174188920367
"328",129,2008,"Honda","Regular","クロスロード",8851,"1.8 18L",0,1.95747261663286,"DBA-RT1",7,"レギュラー",13.8,52324877,12.55869225,0.099290780141844,0.000169154721567716,0.923564101259139
"329",129,2009,"Honda","Regular","クロスロード",3822,"1.8 18L",0,1.98566666666667,"DBA-RT1",7,"レギュラー",13.8,52877802,12.55869225,0.099290780141844,7.22798576234315e-05,0.929189662611165
"330",129,2010,"Honda","Regular","クロスロード",2379,"1.8 18L",0,2.00007046632124,"DBA-RT1",7,"レギュラー",13.8,53362801,12.55869225,0.099290780141844,4.4581617820249e-05,0.924956956438625
"331",129,2011,"Honda","Regular","クロスロード",19,"1.8 18L",0,2.00422429906542,"DBA-RT1",7,"レギュラー",13.8,53783435,12.55869225,0.099290780141844,3.53268622578681e-07,0.93898110077945
"332",146,2015,"Honda","Regular","ジェイド",12656,"1.5 RS",0,2.52747,"DBA-FR5",6,"レギュラー",18,56412140,12.6282375,0.0993377483443709,0.00022434887242356,0.92791704055191
"333",146,2016,"Honda","Regular","ジェイド",6503,"1.5 RS",0,2.53,"DBA-FR5",6,"レギュラー",18,56950757,12.6282375,0.0993377483443709,0.000114186366302383,0.930048041328055
"334",139,2006,"Honda","Regular","シビック",15604,"2.0",0,2.28166666666667,"LA-EP3",4,"ハイオク",12.4,51102005,10.02261975,0.180672268907563,0.000305350054268908,0.915227533635911
"335",139,2007,"Honda","Regular","シビック",14077,"2.0",0,2.91375,"ABA-FD2",4,"ハイオク",11,51713048,11.491194,0.177165354330709,0.000272213697401863,0.920174188920367
"336",139,2008,"Honda","Regular","シビック",12076,"2.0",0,2.87237829614604,"ABA-FD2",4,"ハイオク",11,52324877,11.491194,0.177165354330709,0.000230788884606456,0.923564101259139
"337",139,2009,"Honda","Regular","シビック",7736,"2.0",0,2.91375,"ABA-FD2",4,"ハイオク",11,52877802,11.491194,0.178571428571429,0.000146299575765271,0.929189662611165
"338",139,2010,"Honda","Regular","シビック",6975,"2.0",0,2.93488601036269,"ABA-FD2",4,"ハイオク",11,53362801,11.491194,0.178571428571429,0.000130709030809683,0.924956956438625
"339",139,2011,"Honda","Regular","シビック",748,"2.0",0,2.94098130841122,"ABA-FD2",4,"ハイオク",11,53783435,11.491194,0.178571428571429,1.39076278783607e-05,0.93898110077945
"340",139,2012,"Honda","Regular","シビック",20,"2.0",0,2.94403846153846,"ABA-FD2",4,"ハイオク",11,54171475,11.491194,0.178571428571429,3.6919799580868e-07,0.919761848832804
"341",139,2016,"Honda","Regular","シビック",22,"2.0",0,4.28,"DBA-FK2",4,"ハイオク",13,56950757,12.049672,0.22463768115942,3.86298640420179e-07,0.930048041328055
"342",155,2006,"Honda","Regular","ステップワゴン",78216,"2.0 B",0,2.05041666666667,"DBA-RG1",8,"レギュラー",13.2,51102005,13.8906945,0.103333333333333,0.00153058573729152,0.915227533635911
"343",155,2007,"Honda","Regular","ステップワゴン",55800,"2.0 B",0,2.06172222222222,"DBA-RG1",8,"レギュラー",12.6,51713048,13.920696,0.101973684210526,0.00107903135007629,0.920174188920367
"344",155,2008,"Honda","Regular","ステップワゴン",44441,"2.0 B",0,2.03244827586207,"DBA-RG1",8,"レギュラー",13.2,52324877,13.8906945,0.103333333333333,0.000849328322358025,0.923564101259139
"345",155,2009,"Honda","Regular","ステップワゴン",43020,"2.0 G",0,2.146,"DBA-RK1",8,"レギュラー",14.2,52877802,14.42843325,0.0949367088607595,0.000813573907629519,0.929189662611165
"346",155,2010,"Honda","Regular","ステップワゴン",80934,"2.0 G",0,2.16156683937824,"DBA-RK1",8,"レギュラー",14.2,53362801,14.42843325,0.0949367088607595,0.00151667450889619,0.924956956438625
"347",155,2011,"Honda","Regular","ステップワゴン",48797,"2.0 G",0,2.16605607476636,"DBA-RK1",8,"レギュラー",14.2,53783435,14.42843325,0.0949367088607595,0.000907286788209046,0.93898110077945
"348",155,2012,"Honda","Regular","ステップワゴン",63707,"2.0 G",0,2.27215384615385,"DBA-RK1",8,"レギュラー",15,54171475,14.42843325,0.09375,0.00117602483594918,0.919761848832804
"349",155,2013,"Honda","Regular","ステップワゴン",62206,"2.0 G",0,2.26274534161491,"DBA-RK1",8,"レギュラー",15,54594744,14.42843325,0.09375,0.00113941371352524,0.919563190918159
"350",155,2014,"Honda","Regular","ステップワゴン",42743,"2.0 G",0,2.20343951612903,"DBA-RK1",8,"レギュラー",15,55952365,14.42843325,0.09375,0.000763917664606313,0.918813422810635
"351",155,2015,"Honda","Regular","ステップワゴン",53699,"1.5 B",0,2.285712,"DBA-RP1",7,"レギュラー",17,56412140,14.627172,0.0920245398773006,0.000951905033207391,0.92791704055191
"352",155,2016,"Honda","Regular","ステップワゴン",52472,"1.5 B",0,2.288,"DBA-RP1",7,"レギュラー",17,56950757,14.627172,0.0920245398773006,0.000921357375460347,0.930048041328055
"353",205,2006,"Honda","Regular","フィット",101793,"1.3 Y",0,1.15522222222222,"DBA-GD1",5,"レギュラー",24,51102005,9.821571875,0.0868686868686869,0.00199195706704659,0.915227533635911
"354",205,2007,"Honda","Regular","フィット",116561,"1.3 G",0,1.23025,"DBA-GE6",5,"レギュラー",24,51713048,10.0810125,0.099009900990099,0.00225399593541653,0.920174188920367
"355",205,2008,"Honda","Regular","フィット",174910,"1.3 G",0,1.21278194726166,"DBA-GE6",5,"レギュラー",24,52324877,10.0810125,0.099009900990099,0.00334276944406386,0.923564101259139
"356",205,2009,"Honda","Regular","フィット",157324,"1.3 G",0,1.23025,"DBA-GE6",5,"レギュラー",24,52877802,10.0810125,0.099009900990099,0.00297523713258732,0.929189662611165
"357",205,2010,"Honda","Regular","フィット",185433,"1.3 G",0,1.27333678756477,"DBA-GE6",5,"レギュラー",20.6,53362801,10.0810125,0.098019801980198,0.00347494877564617,0.924956956438625
"358",205,2011,"Honda","Regular","フィット",207881,"1.3 G",0,1.27598130841122,"DBA-GE6",5,"レギュラー",20.6,53783435,10.0810125,0.098019801980198,0.00386514918580414,0.93898110077945
"359",205,2012,"Honda","Regular","フィット",209275,"1.3 G",0,1.27730769230769,"DBA-GE6",5,"レギュラー",21,54171475,10.0810125,0.0970588235294118,0.00386319552864307,0.919761848832804
"360",205,2013,"Honda","Regular","フィット",181414,"1.3 13G",0,1.30821428571429,"DBA-GK3",5,"レギュラー",26,54594744,10.223180625,0.103092783505155,0.0033229206093539,0.919563190918159
"361",205,2014,"Honda","Regular","フィット",202838,"1.3 13G",0,1.31018044354839,"DBA-GK3",5,"レギュラー",26,55952365,10.223180625,0.103092783505155,0.00362519082079908,0.918813422810635
"362",205,2015,"Honda","Regular","フィット",119846,"1.3 13G",0,1.2987,"DBA-GK3",5,"レギュラー",26,56412140,10.223180625,0.103092783505155,0.00212447178922835,0.92791704055191
"363",205,2016,"Honda","Regular","フィット",105662,"1.3 13G",0,1.3,"DBA-GK3",5,"レギュラー",26,56950757,10.223180625,0.103092783505155,0.00185532213382168,0.930048041328055
"364",252,2006,"Honda","Regular","レジェンド",1886,"3.5 4WD",0,5.39583333333333,"DBA-KB1",5,"ハイオク",8.6,51102005,13.23446175,0.170454545454545,3.69065753877954e-05,0.915227533635911
"365",252,2007,"Honda","Regular","レジェンド",1292,"3.5 4WD",0,5.39583333333333,"DBA-KB1",5,"ハイオク",8.6,51713048,13.23446175,0.170454545454545,2.49840233745263e-05,0.920174188920367
"366",252,2008,"Honda","Regular","レジェンド",538,"3.7 4WD",0,5.62317444219067,"DBA-KB2",5,"ハイオク",8.3,52324877,13.382107875,0.16978021978022,1.02819161906487e-05,0.923564101259139
"367",252,2009,"Honda","Regular","レジェンド",433,"3.7 4WD",0,5.70416666666667,"DBA-KB2",5,"ハイオク",8.3,52877802,13.382107875,0.16978021978022,8.18869135294239e-06,0.929189662611165
"368",252,2010,"Honda","Regular","レジェンド",372,"3.7 4WD",0,6.41844559585492,"DBA-KB2",5,"ハイオク",8.7,53362801,13.382107875,0.167027027027027,6.97114830984978e-06,0.924956956438625
"369",252,2011,"Honda","Regular","レジェンド",360,"3.7 4WD",0,6.43177570093458,"DBA-KB2",5,"ハイオク",8.7,53783435,13.382107875,0.167027027027027,6.69351074359605e-06,0.93898110077945
"370",252,2012,"Honda","Regular","レジェンド",239,"3.7 4WD",0,6.43846153846154,"DBA-KB2",5,"ハイオク",8.7,54171475,13.382107875,0.167027027027027,4.41191604991372e-06,0.919761848832804
"371",252,2015,"Honda","Regular","レジェンド",2790,"3.5 4WD",0,6.7932,"DAA-KC2",5,"ハイオク",16.8,56412140,13.972014,0.158585858585859,4.94574394802254e-05,0.92791704055191
"372",252,2016,"Honda","Regular","レジェンド",829,"3.5 4WD",0,6.8,"DAA-KC2",5,"ハイオク",16.8,56950757,13.972014,0.158585858585859,1.45564351321967e-05,0.930048041328055
"373",40,2006,"Honda","Regular","HR-V",211,"1.6 J",1,1.47075,"ABA-GH3",5,"レギュラー",14.8,51102005,10.9668195,0.0882352941176471,4.12899650414891e-06,0.915227533635911
"374",92,2006,"Honda","Regular","インサイト",84,"1.0",0,2.35258333333333,"AAA-ZE1",2,"レギュラー",32,51102005,9.0490965,0.0823529411764706,1.64377112013511e-06,0.915227533635911
"375",92,2009,"Honda","Regular","インサイト",93283,"1.3 G",0,1.9425,"DAA-ZE2",5,"レギュラー",26,52877802,10.60349625,0.0739495798319328,0.00176412400802893,0.929189662611165
"376",92,2010,"Honda","Regular","インサイト",38080,"1.3 G",0,1.95659067357513,"DAA-ZE2",5,"レギュラー",26,53362801,10.60349625,0.0739495798319328,0.000713605719459891,0.924956956438625
"377",92,2011,"Honda","Regular","インサイト",13127,"1.3 G",0,2.00214953271028,"DAA-ZE2",5,"レギュラー",27.2,53783435,10.60349625,0.0739495798319328,0.000244071432031071,0.93898110077945
"378",92,2012,"Honda","Regular","インサイト",8905,"1.3 G",0,2.00423076923077,"DAA-ZE2",5,"レギュラー",27.2,54171475,10.60349625,0.0739495798319328,0.000164385407633815,0.919761848832804
"379",92,2013,"Honda","Regular","インサイト",3880,"1.3 G",0,1.99593167701863,"DAA-ZE2",5,"レギュラー",27.2,54594744,10.60349625,0.0739495798319328,7.10691124405675e-05,0.919563190918159
"380",92,2014,"Honda","Regular","インサイト",1091,"1.3 G",0,1.9436189516129,"DAA-ZE2",5,"レギュラー",27.2,55952365,10.60349625,0.0739495798319328,1.94987289634674e-05,0.918813422810635
"381",92,2015,"Honda","Regular","インサイト",56,"1.3 G",0,1.92807,"DAA-ZE2",5,"レギュラー",27.2,56412140,10.60349625,0.0739495798319328,9.92694125767964e-07,0.92791704055191
"382",100,2006,"Honda","Regular","エアウェイブ",32253,"1.5 G",0,1.54063888888889,"DBA-GJ1",5,"レギュラー",18,51102005,11.09674125,0.0948275862068965,0.000631149404020449,0.915227533635911
"383",100,2007,"Honda","Regular","エアウェイブ",21175,"1.5 M",0,1.57558333333333,"DBA-GJ1",5,"レギュラー",18,51713048,11.09674125,0.0948275862068965,0.000409471126126621,0.920174188920367
"384",100,2008,"Honda","Regular","エアウェイブ",15648,"1.5 M",0,1.57448884381339,"DBA-GJ1",5,"レギュラー",18,52324877,11.2810725,0.0948275862068965,0.00029905469247448,0.923564101259139
"385",100,2009,"Honda","Regular","エアウェイブ",7052,"1.5 M",0,1.59716666666667,"DBA-GJ1",5,"レギュラー",18,52877802,11.2810725,0.0948275862068965,0.000133364091041454,0.929189662611165
"386",100,2010,"Honda","Regular","エアウェイブ",2685,"1.5 M",0,1.60875233160622,"DBA-GJ1",5,"レギュラー",18,53362801,11.2810725,0.0948275862068965,5.03159494944802e-05,0.924956956438625
"387",100,2011,"Honda","Regular","エアウェイブ",125,"1.5 M",0,1.61209345794393,"DBA-GJ1",5,"レギュラー",18,53783435,11.2810725,0.0948275862068965,2.32413567485974e-06,0.93898110077945
"388",131,2015,"Honda","Regular","グレイス",24558,"1.5 LX",0,1.74825,"DBA-GM6",5,"レギュラー",21.8,56412140,11.100555,0.118918918918919,0.000435331827510887,0.92791704055191
"389",131,2016,"Honda","Regular","グレイス",12194,"1.5 LX",0,1.75,"DBA-GM6",5,"レギュラー",21.8,56950757,11.100555,0.118918918918919,0.000214114800967439,0.930048041328055
"390",143,2015,"Honda","Regular","シャトル",34992,"1.5 G",1,1.68831,"DBA-GK8",5,"レギュラー",21.8,56412140,11.52261,0.116814159292035,0.000620292015158439,0.92791704055191
"391",143,2016,"Honda","Regular","シャトル",42514,"1.5 G",1,1.695,"DBA-GK8",5,"レギュラー",21.8,56950757,11.52261,0.116814159292035,0.000746504563582886,0.930048041328055
"392",158,2006,"Honda","Regular","ストリーム",41131,"1.8 X",0,1.85616666666667,"DBA-RN6",7,"レギュラー",14.8,51102005,11.96780175,0.103703703703704,0.000804880356455681,0.915227533635911
"393",158,2007,"Honda","Regular","ストリーム",57351,"1.8 X",0,1.85616666666667,"DBA-RN6",7,"レギュラー",14.8,51713048,11.96780175,0.103703703703704,0.00110902378061336,0.920174188920367
"394",158,2008,"Honda","Regular","ストリーム",41399,"1.8 X",0,1.82981135902637,"DBA-RN6",7,"レギュラー",14.8,52324877,11.96780175,0.103703703703704,0.000791191539733576,0.923564101259139
"395",158,2009,"Honda","Regular","ストリーム",27058,"1.8 X",0,1.87055555555556,"DBA-RN6",7,"レギュラー",13.4,52877802,11.96780175,0.102941176470588,0.000511708107685717,0.929189662611165
"396",158,2010,"Honda","Regular","ストリーム",22246,"1.8 X",0,1.88412435233161,"DBA-RN6",7,"レギュラー",13.4,53362801,11.96780175,0.102941176470588,0.000416882164787414,0.924956956438625
"397",158,2011,"Honda","Regular","ストリーム",10365,"1.8 X",0,1.88803738317757,"DBA-RN6",7,"レギュラー",13.4,53783435,11.96780175,0.102941176470588,0.00019271733015937,0.93898110077945
"398",158,2012,"Honda","Regular","ストリーム",5530,"1.8 RSZ",0,2.06653846153846,"DBA-RN6",6,"レギュラー",13.2,54171475,11.96780175,0.100719424460432,0.0001020832458411,0.919761848832804
"399",158,2013,"Honda","Regular","ストリーム",2863,"1.8 RSZ",0,2.05798136645963,"DBA-RN6",6,"レギュラー",13.2,54594744,11.96780175,0.100719424460432,5.24409455972538e-05,0.919563190918159
"400",158,2014,"Honda","Regular","ストリーム",777,"1.8 RSZ",0,2.06144455645161,"DBA-RN6",6,"レギュラー",13.2,55952365,11.96780175,0.100719424460432,1.38868124698572e-05,0.918813422810635
"401",158,2015,"Honda","Regular","ストリーム",14,"1.8 RSZ",0,2.044953,"DBA-RN6",6,"レギュラー",13.2,56412140,11.96780175,0.100719424460432,2.48173531441991e-07,0.92791704055191
"402",209,2008,"Honda","Regular","フリード",50646,"1.5 G",0,1.71329513184584,"DBA-GB3",7,"レギュラー",16.4,52324877,12.252688875,0.0921875,0.000967914363181398,0.923564101259139
"403",209,2009,"Honda","Regular","フリード",79525,"1.5 G",0,1.74619444444444,"DBA-GB3",7,"レギュラー",16.4,52877802,12.252688875,0.0921875,0.00150393921441742,0.929189662611165
"404",209,2010,"Honda","Regular","フリード",95123,"1.5 G",0,1.75782590673575,"DBA-GB3",7,"レギュラー",16.6,53362801,12.252688875,0.0921875,0.00178257134590817,0.924956956438625
"405",209,2011,"Honda","Regular","フリード",67736,"1.5 G",0,1.76147663551402,"DBA-GB3",6,"レギュラー",16.6,53783435,12.252688875,0.0914728682170543,0.0012594212325784,0.93898110077945
"406",209,2012,"Honda","Regular","フリード",106316,"1.5 G",0,1.76330769230769,"DBA-GB3",6,"レギュラー",16.6,54171475,12.252688875,0.0914728682170543,0.00196258270611978,0.919761848832804
"407",209,2013,"Honda","Regular","フリード",68371,"1.5 G",0,1.75600621118012,"DBA-GB3",6,"レギュラー",16.6,54594744,12.252688875,0.0914728682170543,0.00125233667182321,0.919563190918159
"408",209,2014,"Honda","Regular","フリード",54313,"1.5 G",0,1.75832056451613,"DBA-GB3",6,"レギュラー",16.6,55952365,12.252688875,0.0914728682170543,0.000970700702284881,0.918813422810635
"409",209,2015,"Honda","Regular","フリード",41091,"1.5 G",0,1.744254,"DBA-GB3",6,"レギュラー",16.6,56412140,12.252688875,0.0914728682170543,0.000728407041463061,0.92791704055191
"410",209,2016,"Honda","Regular","フリード",52202,"1.5 B",0,1.88,"DBA-GB5",6,"レギュラー",19,56950757,12.36188925,0.0977611940298507,0.000916616437600645,0.930048041328055
"411",239,2006,"Honda","Regular","モビリオ",36249,"1.5 A",0,1.60230555555556,"DBA-GB1",7,"レギュラー",17,51102005,11.932833,0.0708661417322835,0.000709345944449733,0.915227533635911
"412",239,2007,"Honda","Regular","モビリオ",26615,"1.5 A",0,1.60230555555556,"DBA-GB1",7,"レギュラー",17,51713048,11.932833,0.0708661417322835,0.000514667014019363,0.920174188920367
"413",239,2008,"Honda","Regular","モビリオ",10330,"1.5 A",0,1.57955476673428,"DBA-GB1",7,"レギュラー",17,52324877,11.932833,0.0708661417322835,0.000197420435407808,0.923564101259139
"414",28,2011,"Lexas","Regular","CT200h",20704,"200h",0,3.68271028037383,"DAA-ZWA10",5,"レギュラー",30.4,53783435,11.05596,0.0717391304347826,0.000384951240098369,0.93898110077945
"415",28,2012,"Lexas","Regular","CT200h",11325,"200h",0,3.69692307692308,"DAA-ZWA10",5,"レギュラー",30.4,54171475,11.05596,0.0717391304347826,0.000209058365126665,0.919761848832804
"416",28,2013,"Lexas","Regular","CT200h",5828,"200h",0,3.6816149068323,"DAA-ZWA10",5,"レギュラー",30.4,54594744,11.05596,0.0717391304347826,0.000106750202913306,0.919563190918159
"417",28,2014,"Lexas","Regular","CT200h",8592,"200h",0,3.58512096774194,"DAA-ZWA10",5,"レギュラー",30.4,55952365,11.1327375,0.0717391304347826,0.000153559192716876,0.918813422810635
"418",28,2015,"Lexas","Regular","CT200h",5395,"200h",0,3.658338,"DAA-ZWA10",5,"レギュラー",30.4,56412140,11.1327375,0.0717391304347826,9.5635443009253e-05,0.92791704055191
"419",28,2016,"Lexas","Regular","CT200h",3641,"200h",0,3.662,"DAA-ZWA10",5,"レギュラー",30.4,56950757,11.1327375,0.0717391304347826,6.39324249895397e-05,0.930048041328055
"420",37,2006,"Lexas","Regular","GS",9143,"350",0,5.365,"DBA-GRS191",5,"ハイオク",10,51102005,12.526605,0.192073170731707,0.000178916658945182,0.915227533635911
"421",37,2007,"Lexas","Regular","GS",5089,"350",0,5.52944444444444,"DBA-GRS191",5,"ハイオク",10,51713048,12.578475,0.190909090909091,9.84084326261333e-05,0.920174188920367
"422",37,2008,"Lexas","Regular","GS",5383,"350",0,5.49146044624747,"DBA-GRS191",5,"ハイオク",10,52324877,12.578475,0.190909090909091,0.000102876496011639,0.923564101259139
"423",37,2009,"Lexas","Regular","GS",1777,"350",0,5.67333333333333,"DBA-GRS191",5,"ハイオク",10,52877802,12.578475,0.190909090909091,3.36057841435996e-05,0.929189662611165
"424",37,2010,"Lexas","Regular","GS",1536,"350",0,5.71448704663212,"DBA-GRS191",5,"ハイオク",10,53362801,12.578475,0.190909090909091,2.87840962471217e-05,0.924956956438625
"425",37,2011,"Lexas","Regular","GS",642,"350",0,5.72635514018692,"DBA-GRS191",5,"ハイオク",10,53783435,12.578475,0.190909090909091,1.19367608260796e-05,0.93898110077945
"426",37,2012,"Lexas","Regular","GS",11414,"250",0,5.29615384615385,"DBA-GRL11",5,"ハイオク",10.8,54171475,12.98442,0.13109756097561,0.000210701296208014,0.919761848832804
"427",37,2013,"Lexas","Regular","GS",5424,"250",0,5.3155900621118,"DBA-GRL11",5,"ハイオク",10.8,54594744,12.98442,0.13109756097561,9.93502231643398e-05,0.919563190918159
"428",37,2014,"Lexas","Regular","GS",4794,"250",0,5.33337096774194,"DBA-GRL11",5,"ハイオク",10.8,55952365,12.98442,0.13109756097561,8.56800244279219e-05,0.918813422810635
"429",37,2015,"Lexas","Regular","GS",2992,"250",0,5.511483,"DBA-GRL11",5,"ハイオク",10.8,56412140,13.064736,0.13109756097561,5.30382290053169e-05,0.92791704055191
"430",37,2016,"Lexas","Regular","GS",5752,"200t",0,5.77,"DBA-ARL10",5,"ハイオク",13.2,56950757,13.064736,0.148484848484848,0.000100999535440767,0.930048041328055
"431",38,2015,"Lexas","Regular","GSF",180,"5.0",1,10.989,"DBA-URL10",5,"ハイオク",8.2,56412140,13.128948,0.260655737704918,3.19080254711131e-06,0.92791704055191
"432",38,2016,"Lexas","Regular","GSF",785,"5.0",1,11.11,"DBA-URL10",5,"ハイオク",8.2,56950757,13.128948,0.260655737704918,1.37838378513564e-05,0.930048041328055
"433",41,2009,"Lexas","Regular","HS250h",8494,"250h",0,4.05972222222222,"DAA-ANF10",5,"レギュラー",19.8,52877802,12.6261975,0.0914634146341463,0.000160634513514764,0.929189662611165
"434",41,2010,"Lexas","Regular","HS250h",14247,"250h",0,4.08917098445596,"DAA-ANF10",5,"レギュラー",19.8,53362801,12.6261975,0.0914634146341463,0.00026698373647965,0.924956956438625
"435",41,2011,"Lexas","Regular","HS250h",5868,"250h",0,4.11841121495327,"DAA-ANF10",5,"レギュラー",19.8,53783435,12.6261975,0.0914634146341463,0.000109104225120616,0.93898110077945
"436",41,2012,"Lexas","Regular","HS250h",4965,"250h",0,4.12269230769231,"DAA-ANF10",5,"レギュラー",19.8,54171475,12.6261975,0.0914634146341463,9.16534024595048e-05,0.919761848832804
"437",41,2013,"Lexas","Regular","HS250h",5735,"250h",0,4.24006211180124,"DAA-ANF10",5,"レギュラー",20.6,54594744,12.56898825,0.0914634146341463,0.000105046742228519,0.919563190918159
"438",41,2014,"Lexas","Regular","HS250h",2958,"250h",0,4.24675705645161,"DAA-ANF10",5,"レギュラー",20.6,55952365,12.56898825,0.0914634146341463,5.28663980512709e-05,0.918813422810635
"439",41,2015,"Lexas","Regular","HS250h",2050,"250h",0,4.239756,"DAA-ANF10",5,"レギュラー",20.6,56412140,12.56898825,0.0914634146341463,3.63396956754344e-05,0.92791704055191
"440",41,2016,"Lexas","Regular","HS250h",1364,"250h",0,4.347,"DAA-ANF10",5,"レギュラー",20.6,56950757,12.56898825,0.0914634146341463,2.39505157060511e-05,0.930048041328055
"441",43,2008,"Lexas","Regular","ISF",1567,"5.0",0,7.7609939148073,"DBA-USE20",4,"ハイオク",8.2,52324877,11.9679285,0.250295857988166,2.9947514257893e-05,0.923564101259139
"442",43,2009,"Lexas","Regular","ISF",475,"5.0",0,8.01666666666667,"DBA-USE20",4,"ハイオク",8.2,52877802,11.9679285,0.250295857988166,8.98297550265043e-06,0.929189662611165
"443",43,2010,"Lexas","Regular","ISF",340,"5.0",0,8.17834196891192,"DBA-USE20",4,"ハイオク",8.1,53362801,11.9679285,0.250295857988166,6.37147963803474e-06,0.924956956438625
"444",43,2011,"Lexas","Regular","ISF",290,"5.0",0,8.24719626168224,"DBA-USE20",4,"ハイオク",8.1,53783435,11.9679285,0.250295857988166,5.3919947656746e-06,0.93898110077945
"445",43,2012,"Lexas","Regular","ISF",170,"5.0",0,8.25576923076923,"DBA-USE20",4,"ハイオク",8.1,54171475,11.9679285,0.250295857988166,3.13818296437378e-06,0.919761848832804
"446",43,2013,"Lexas","Regular","ISF",111,"5.0",0,8.37670807453416,"DBA-USE20",4,"ハイオク",8.1,54594744,11.9679285,0.250295857988166,2.03316275281005e-06,0.919563190918159
"447",43,2014,"Lexas","Regular","ISF",84,"5.0",0,8.3897872983871,"DBA-USE20",4,"ハイオク",8.1,55952365,11.9679285,0.250295857988166,1.50127702376834e-06,0.918813422810635
"448",42,2006,"Lexas","Regular","IS",10725,"250",0,4.00833333333333,"DBA-GSE20",5,"ハイオク",11.8,51102005,11.74333875,0.136942675159236,0.000209874348374394,0.915227533635911
"449",42,2007,"Lexas","Regular","IS",9503,"250",0,4.00833333333333,"DBA-GSE20",5,"ハイオク",11.8,51713048,11.74333875,0.136942675159236,0.000183764066662634,0.920174188920367
"450",42,2008,"Lexas","Regular","IS",8542,"250",0,4.04260649087221,"DBA-GSE20",5,"ハイオク",11.8,52324877,11.76900725,0.136942675159236,0.000163249308737028,0.923564101259139
"451",42,2009,"Lexas","Regular","IS",4803,"250",0,4.02888888888889,"DBA-GSE20",5,"ハイオク",11.8,52877802,11.76900725,0.136942675159236,9.08320659773264e-05,0.929189662611165
"452",42,2010,"Lexas","Regular","IS",3861,"250",0,4.12022797927461,"DBA-GSE20",5,"ハイオク",12.2,53362801,11.76900725,0.136942675159236,7.23537731836828e-05,0.924956956438625
"453",42,2011,"Lexas","Regular","IS",3433,"250",0,4.12878504672897,"DBA-GSE20",5,"ハイオク",12.2,53783435,11.76900725,0.136942675159236,6.38300621743479e-05,0.93898110077945
"454",42,2012,"Lexas","Regular","IS",2045,"250",0,4.13307692307692,"DBA-GSE20",5,"ハイオク",12.2,54171475,11.76900725,0.136942675159236,3.77504950714375e-05,0.919761848832804
"455",42,2013,"Lexas","Regular","IS",12360,"250",0,4.34347826086957,"DBA-GSE30",5,"ハイオク",11.6,54594744,12.0744195,0.136075949367089,0.000226395420042633,0.919563190918159
"456",42,2014,"Lexas","Regular","IS",9005,"250",0,4.35048387096774,"DBA-GSE30",5,"ハイオク",11.6,55952365,12.0744195,0.136075949367089,0.000160940471417071,0.918813422810635
"457",42,2015,"Lexas","Regular","IS",5953,"200t",0,4.539456,"DBA-ASE30",5,"ハイオク",13.2,56412140,12.0744195,0.151234567901235,0.000105526930905298,0.92791704055191
"458",42,2016,"Lexas","Regular","IS",4505,"200t",0,4.7,"DBA-ASE30",5,"ハイオク",13.2,56950757,12.113244,0.150306748466258,7.91034261405867e-05,0.930048041328055
"459",45,2006,"Lexas","Regular","LS",9694,"460",0,7.91388888888889,"DBA-USF40",5,"ハイオク",9.1,51102005,13.81678125,0.198453608247423,0.000189699014745116,0.915227533635911
"460",45,2007,"Lexas","Regular","LS",19330,"460",0,7.91388888888889,"DBA-USF40",5,"ハイオク",9.1,51713048,13.81678125,0.198453608247423,0.000373793476648292,0.920174188920367
"461",45,2008,"Lexas","Regular","LS",9812,"460",0,7.8319168356998,"DBA-USF40",5,"ハイオク",9.1,52324877,13.81678125,0.198453608247423,0.000187520746584841,0.923564101259139
"462",45,2009,"Lexas","Regular","LS",3535,"460",0,8.18111111111111,"DBA-USF40",5,"ハイオク",9.1,52877802,13.8991875,0.198453608247423,6.68522492670932e-05,0.929189662611165
"463",45,2010,"Lexas","Regular","LS",6597,"460",0,8.24045595854922,"DBA-USF40",5,"ハイオク",9.1,53362801,13.8991875,0.198453608247423,0.000123625444623868,0.924956956438625
"464",45,2011,"Lexas","Regular","LS",4121,"460",0,8.25757009345794,"DBA-USF40",5,"ハイオク",9.1,53783435,13.8991875,0.198453608247423,7.66221049287759e-05,0.93898110077945
"465",45,2012,"Lexas","Regular","LS",4433,"460",0,8.61923076923077,"DBA-USF40",5,"ハイオク",8.4,54171475,13.98159375,0.202061855670103,8.18327357709939e-05,0.919761848832804
"466",45,2013,"Lexas","Regular","LS",9482,"460",0,8.58354037267081,"DBA-USF40",5,"ハイオク",8.4,54594744,13.98159375,0.202061855670103,0.000173679722722026,0.919563190918159
"467",45,2014,"Lexas","Regular","LS",4393,"460",0,8.6083185483871,"DBA-USF40",5,"ハイオク",8.4,55952365,13.98159375,0.201025641025641,7.85132138739801e-05,0.918813422810635
"468",45,2015,"Lexas","Regular","LS",3892,"460",0,8.539452,"DBA-USF40",5,"ハイオク",8.4,56412140,13.98159375,0.201025641025641,6.89922417408735e-05,0.92791704055191
"469",45,2016,"Lexas","Regular","LS",2412,"460",0,8.548,"DBA-USF40",5,"ハイオク",8.4,56950757,13.98159375,0.201025641025641,4.23523782133396e-05,0.930048041328055
"470",46,2015,"Lexas","Regular","LX570",793,"570 4WD",0,10.989,"DBA-URJ201W",8,"ハイオク",6.5,56412140,19.154817,0.138602941176471,1.40572578881071e-05,0.92791704055191
"471",46,2016,"Lexas","Regular","LX570",2845,"570 4WD",0,11,"DBA-URJ201W",8,"ハイオク",6.5,56950757,19.154817,0.138602941176471,4.99554378179732e-05,0.930048041328055
"472",54,2014,"Lexas","Regular","NX",7970,"200t",0,4.31020161290323,"DBA-AGZ10",5,"ハイオク",12.8,55952365,14.05216575,0.139181286549708,0.000142442593802782,0.918813422810635
"473",54,2015,"Lexas","Regular","NX",18516,"200t",0,4.27572,"DBA-AGZ10",5,"ハイオク",12.8,56412140,14.05216575,0.139181286549708,0.00032822722201285,0.92791704055191
"474",54,2016,"Lexas","Regular","NX",11041,"200t",0,4.28,"DBA-AGZ10",5,"ハイオク",13,56950757,14.05216575,0.139181286549708,0.0001938692404036,0.930048041328055
"475",58,2014,"Lexas","Regular","RC",769,"300h",1,5.6898689516129,"DAA-AVC10",4,"レギュラー",23.2,55952365,12.051126,0.102298850574713,1.37438337056888e-05,0.918813422810635
"476",58,2015,"Lexas","Regular","RC",3641,"300h",1,5.64435,"DAA-AVC10",4,"レギュラー",23.2,56412140,12.051126,0.102298850574713,6.4542844855735e-05,0.92791704055191
"477",58,2016,"Lexas","Regular","RC",1795,"300h",1,5.65,"DAA-AVC10",4,"レギュラー",23.2,56950757,12.051126,0.102298850574713,3.15184572524646e-05,0.930048041328055
"478",59,2014,"Lexas","Regular","RCF",455,"5.0",0,9.59724798387097,"DBA-USC10",4,"ハイオク",8.2,55952365,12.0989075,0.266480446927374,8.13191721207852e-06,0.918813422810635
"479",59,2015,"Lexas","Regular","RCF",1289,"5.0",0,9.53046,"DBA-USC10",4,"ハイオク",8.2,56412140,12.0989075,0.266480446927374,2.28496915734805e-05,0.92791704055191
"480",59,2016,"Lexas","Regular","RCF",330,"5.0",0,9.67,"DBA-USC10",4,"ハイオク",8.2,56950757,12.0989075,0.266480446927374,5.79447960630269e-06,0.930048041328055
"481",61,2009,"Lexas","Regular","RX",8827,"350",0,4.72777777777778,"DBA-GGL10W",5,"ハイオク",9.7,52877802,15.1955505,0.149732620320856,0.000166932052130306,0.929189662611165
"482",61,2010,"Lexas","Regular","RX",6578,"350",0,4.7620725388601,"DBA-GGL10W",5,"ハイオク",9.7,53362801,15.1955505,0.149732620320856,0.000123269391349978,0.924956956438625
"483",61,2011,"Lexas","Regular","RX",7219,"350",0,4.77196261682243,"DBA-GGL10W",5,"ハイオク",9.7,53783435,15.1955505,0.149732620320856,0.0001342234834945,0.93898110077945
"484",61,2012,"Lexas","Regular","RX",9201,"350",0,4.93269230769231,"DBA-GGL10W",5,"ハイオク",9.1,54171475,15.1955505,0.148936170212766,0.000169849537971783,0.919761848832804
"485",61,2013,"Lexas","Regular","RX",7815,"350",0,4.93295031055901,"DBA-GGL10W",5,"ハイオク",9.1,54594744,15.1955505,0.148936170212766,0.000143145647866762,0.919563190918159
"486",61,2014,"Lexas","Regular","RX",5222,"350",0,4.9406189516129,"DBA-GGL10W",5,"ハイオク",9.1,55952365,15.1955505,0.148936170212766,9.3329388310932e-05,0.918813422810635
"487",61,2015,"Lexas","Regular","RX",3530,"200t",0,4.94505,"DBA-AGL20W",5,"ハイオク",11.8,56412140,15.8458005,0.125925925925926,6.25751832850163e-05,0.92791704055191
"488",61,2016,"Lexas","Regular","RX",17679,"200t",0,4.95,"DBA-AGL20W",5,"ハイオク",11.8,56950757,15.8458005,0.125925925925926,0.000310426075635834,0.930048041328055
"489",66,2006,"Lexas","Regular","SC430",1535,"430",0,7.01972222222222,"DBA-UZZ40",4,"ハイオク",8.7,51102005,11.214488125,0.160919540229885,3.0037960350088e-05,0.915227533635911
"490",66,2007,"Lexas","Regular","SC430",872,"430",0,7.01972222222222,"DBA-UZZ40",4,"ハイオク",8.7,51713048,11.214488125,0.160919540229885,1.6862282029866e-05,0.920174188920367
"491",66,2008,"Lexas","Regular","SC430",621,"430",0,7.19361054766734,"DBA-UZZ40",4,"ハイオク",8.7,52324877,11.214488125,0.160919540229885,1.18681597665294e-05,0.923564101259139
"492",66,2009,"Lexas","Regular","SC430",256,"430",0,7.29722222222222,"DBA-UZZ40",4,"ハイオク",8.7,52877802,11.214488125,0.160919540229885,4.84135100774423e-06,0.929189662611165
"493",66,2010,"Lexas","Regular","SC430",188,"430",0,7.35015544041451,"DBA-UZZ40",4,"ハイオク",8.7,53362801,11.214488125,0.160919540229885,3.52305344691333e-06,0.924956956438625
"494",18,2006,"Matsuda","KEI","AZ-オフロード",679,"660 XC 4WD",0,1.62388888888889,"ABA-JM23W",4,"レギュラー",14.8,51102005,8.588076875,0.064,1.32871498877588e-05,0.915227533635911
"495",18,2007,"Matsuda","KEI","AZ-オフロード",568,"660 XC 4WD",0,1.62388888888889,"ABA-JM23W",4,"レギュラー",14.8,51713048,8.588076875,0.064,1.09836882946834e-05,0.920174188920367
"496",18,2008,"Matsuda","KEI","AZ-オフロード",561,"660 XC 4WD",0,1.60083164300203,"ABA-JM23W",4,"レギュラー",14.8,52324877,8.588076875,0.064,1.07214776634831e-05,0.923564101259139
"497",18,2009,"Matsuda","KEI","AZ-オフロード",485,"660 XC 4WD",0,1.62388888888889,"ABA-JM23W",4,"レギュラー",14.8,52877802,8.588076875,0.064,9.17209077639044e-06,0.929189662611165
"498",18,2010,"Matsuda","KEI","AZ-オフロード",398,"660 XC 4WD",0,1.63566839378238,"ABA-JM23W",4,"レギュラー",14.8,53362801,8.588076875,0.064,7.45837910569949e-06,0.924956956438625
"499",18,2011,"Matsuda","KEI","AZ-オフロード",487,"660 XC 4WD",0,1.63906542056075,"ABA-JM23W",4,"レギュラー",14.8,53783435,8.588076875,0.064,9.05483258925355e-06,0.93898110077945
"500",18,2012,"Matsuda","KEI","AZ-オフロード",398,"660 XC 4WD",0,1.64076923076923,"ABA-JM23W",4,"レギュラー",14.8,54171475,8.588076875,0.064,7.34704011659273e-06,0.919761848832804
"501",18,2013,"Matsuda","KEI","AZ-オフロード",442,"660 XC 4WD",0,1.6339751552795,"ABA-JM23W",4,"レギュラー",14.8,54594744,8.588076875,0.064,8.09601744812651e-06,0.919563190918159
"502",18,2014,"Matsuda","KEI","AZ-オフロード",71,"660 XC 4WD",0,1.59114919354839,"ABA-JM23W",4,"レギュラー",14.8,55952365,8.588076875,0.064,1.26893653199467e-06,0.918813422810635
"503",19,2006,"Matsuda","KEI","AZ-ワゴン",27922,"660 FA",1,0.933222222222222,"DBA-MJ21S",4,"レギュラー",21,51102005,8.237543125,0.0658536585365854,0.000546397347814435,0.915227533635911
"504",19,2007,"Matsuda","KEI","AZ-ワゴン",29214,"660 FA",1,0.933222222222222,"DBA-MJ22S",4,"レギュラー",21,51713048,8.237543125,0.0658536585365854,0.000564925122959296,0.920174188920367
"505",19,2008,"Matsuda","KEI","AZ-ワゴン",31328,"660 XG",1,1.07498884381339,"DBA-MJ23S",4,"レギュラー",20.4,52324877,8.3126575,0.0666666666666667,0.000598720948737252,0.923564101259139
"506",19,2009,"Matsuda","KEI","AZ-ワゴン",27428,"660 XG",1,1.09047222222222,"DBA-MJ23S",4,"レギュラー",20.4,52877802,8.3126575,0.0666666666666667,0.000518705372814097,0.929189662611165
"507",19,2010,"Matsuda","KEI","AZ-ワゴン",24785,"660 XG",1,1.12529844559586,"DBA-MJ23S",4,"レギュラー",20.4,53362801,8.3126575,0.0666666666666667,0.000464462125966739,0.924956956438625
"508",19,2011,"Matsuda","KEI","AZ-ワゴン",21675,"660 XG",1,1.12763551401869,"DBA-MJ23S",4,"レギュラー",20.4,53783435,8.3126575,0.0666666666666667,0.000403005126020679,0.93898110077945
"509",19,2012,"Matsuda","KEI","AZ-ワゴン",21363,"660 XG",1,1.12880769230769,"DBA-MJ23S",4,"レギュラー",20.4,54171475,8.3126575,0.0666666666666667,0.000394358839223041,0.919761848832804
"510",19,2013,"Matsuda","KEI","AZ-ワゴン",577,"660 XG",1,1.12413354037267,"DBA-MJ23S",4,"レギュラー",20.4,54594744,8.3126575,0.0666666666666667,1.05687829583009e-05,0.919563190918159
"511",122,2006,"Matsuda","KEI","キャロル",8011,"660 G",1,0.863333333333333,"CBA-HB24S",4,"レギュラー",20.5,51102005,7.5114375,0.073972602739726,0.000156764886230981,0.915227533635911
"512",122,2007,"Matsuda","KEI","キャロル",8217,"660 GII",1,0.914722222222222,"DBA-HB24S",4,"レギュラー",21,51713048,7.5114375,0.072972972972973,0.00015889606816446,0.920174188920367
"513",122,2008,"Matsuda","KEI","キャロル",8529,"660 GII",1,0.901734279918864,"DBA-HB24S",4,"レギュラー",21,52324877,7.5114375,0.072972972972973,0.000163000860948034,0.923564101259139
"514",122,2009,"Matsuda","KEI","キャロル",8241,"660 GII",1,0.914722222222222,"DBA-HB24S",4,"レギュラー",21,52877802,7.5114375,0.072972972972973,0.000155849897089142,0.929189662611165
"515",122,2010,"Matsuda","KEI","キャロル",11505,"660 GS",1,0.961731606217617,"DBA-HB25S",4,"レギュラー",21.8,53362801,7.686704375,0.072972972972973,0.000215599627163499,0.924956956438625
"516",122,2011,"Matsuda","KEI","キャロル",10080,"660 GS",1,0.963728971962617,"DBA-HB25S",4,"レギュラー",21.8,53783435,7.686704375,0.072972972972973,0.00018741830082069,0.93898110077945
"517",122,2012,"Matsuda","KEI","キャロル",10463,"660 GS",1,0.964730769230769,"DBA-HB25S",4,"レギュラー",21.8,54171475,7.686704375,0.072972972972973,0.000193145931507311,0.919761848832804
"518",122,2013,"Matsuda","KEI","キャロル",8970,"660 GS",1,0.960736024844721,"DBA-HB25S",4,"レギュラー",21.8,54594744,7.686704375,0.075,0.00016430153056492,0.919563190918159
"519",122,2014,"Matsuda","KEI","キャロル",8657,"660 GS",1,0.935555443548387,"DBA-HB25S",4,"レギュラー",21.8,55952365,7.686704375,0.075,0.000154720895175745,0.918813422810635
"520",122,2015,"Matsuda","KEI","キャロル",8054,"660 GL",1,0.915084,"DBA-HB36S",4,"レギュラー",37,56412140,7.386246875,0.08,0.000142770687302414,0.92791704055191
"521",122,2016,"Matsuda","KEI","キャロル",6909,"660 GL",1,0.916,"DBA-HB36S",4,"レギュラー",37,56950757,7.386246875,0.08,0.000121315332121046,0.930048041328055
"522",154,2006,"Matsuda","KEI","スクラムワゴン",3206,"660 PXターボ ハイルーフ",0,1.39263888888889,"ABA-DG64W",4,"レギュラー",15,51102005,9.414335,0.0666666666666667,6.273726441849e-05,0.915227533635911
"523",154,2007,"Matsuda","KEI","スクラムワゴン",3313,"660 PXターボ ハイルーフ",0,1.39263888888889,"ABA-DG64W",4,"レギュラー",15,51713048,9.414335,0.0666666666666667,6.40650692258557e-05,0.920174188920367
"524",154,2008,"Matsuda","KEI","スクラムワゴン",3373,"660 PXターボ ハイルーフ",0,1.37286511156187,"ABA-DG64W",4,"レギュラー",15,52324877,9.414335,0.0666666666666667,6.44626455595873e-05,0.923564101259139
"525",154,2009,"Matsuda","KEI","スクラムワゴン",2484,"660 PXターボ ハイルーフ",0,1.39263888888889,"ABA-DG64W",4,"レギュラー",15,52877802,9.414335,0.0666666666666667,4.69762339970183e-05,0.929189662611165
"526",154,2010,"Matsuda","KEI","スクラムワゴン",2215,"660 PXターボ ハイルーフ",0,1.40274093264249,"ABA-DG64W",4,"レギュラー",14.4,53362801,9.414335,0.0666666666666667,4.15083158771969e-05,0.924956956438625
"527",154,2011,"Matsuda","KEI","スクラムワゴン",2824,"660 PXターボ ハイルーフ",0,1.40565420560748,"ABA-DG64W",4,"レギュラー",14.4,53783435,9.414335,0.0666666666666667,5.25068731664313e-05,0.93898110077945
"528",154,2012,"Matsuda","KEI","スクラムワゴン",2386,"660 PXターボ ハイルーフ",0,1.40711538461538,"ABA-DG64W",4,"レギュラー",14.4,54171475,9.414335,0.0666666666666667,4.40453208999755e-05,0.919761848832804
"529",154,2013,"Matsuda","KEI","スクラムワゴン",1761,"660 PXターボ ハイルーフ",0,1.40128881987578,"ABA-DG64W",4,"レギュラー",14.4,54594744,9.414335,0.0666666666666667,3.22558523216081e-05,0.919563190918159
"530",154,2014,"Matsuda","KEI","スクラムワゴン",1232,"660 PXターボ ハイルーフ",0,1.40282963709677,"ABA-DG64W",4,"レギュラー",14.4,55952365,9.414335,0.0666666666666667,2.20187296819357e-05,0.918813422810635
"531",154,2015,"Matsuda","KEI","スクラムワゴン",1531,"660 PXターボ ハイルーフ",0,1.434564,"ABA-DG17W",4,"レギュラー",16.2,56412140,9.56456375,0.0680851063829787,2.71395483312634e-05,0.92791704055191
"532",154,2016,"Matsuda","KEI","スクラムワゴン",1537,"660 PXターボ ハイルーフ",0,1.436,"ABA-DG17W",4,"レギュラー",16.2,56950757,9.56456375,0.0680851063829787,2.69882277420825e-05,0.930048041328055
"533",159,2006,"Matsuda","KEI","スピアーノ",3340,"660 G",1,1.02572222222222,"CBA-HF21S",4,"レギュラー",19.8,51102005,7.536475625,0.0692307692307692,6.53594707291818e-05,0.915227533635911
"534",159,2007,"Matsuda","KEI","スピアーノ",2451,"660 GS",1,1.05861111111111,"CBA-HF21S",4,"レギュラー",19.8,51713048,7.536475625,0.0683544303797468,4.73961619899102e-05,0.920174188920367
"535",159,2008,"Matsuda","KEI","スピアーノ",1538,"660 GS",1,1.04358012170385,"CBA-HF21S",4,"レギュラー",19.8,52324877,7.536475625,0.0683544303797468,2.9393284574754e-05,0.923564101259139
"536",210,2012,"Matsuda","KEI","フレア",2958,"660 XG",0,1.19630769230769,"DBA-MJ34S",4,"レギュラー",28.8,54171475,8.212505,0.0666666666666667,5.46043835801037e-05,0.919761848832804
"537",210,2013,"Matsuda","KEI","フレア",20319,"660 XG",0,1.16963664596273,"DBA-MJ34S",4,"レギュラー",30,54594744,8.212505,0.0666666666666667,0.00037217868445358,0.919563190918159
"538",210,2014,"Matsuda","KEI","フレア",13538,"660 XG",0,1.17422782258065,"DBA-MJ34S",4,"レギュラー",30,55952365,8.212505,0.0666666666666667,0.000241955813663998,0.918813422810635
"539",210,2015,"Matsuda","KEI","フレア",9206,"660 XG",0,1.164834,"DBA-MJ34S",4,"レギュラー",30.6,56412140,8.212505,0.0666666666666667,0.000163191823603926,0.92791704055191
"540",210,2016,"Matsuda","KEI","フレア",7442,"660 XG",0,1.166,"DBA-MJ34S",4,"レギュラー",30.6,56950757,8.212505,0.0666666666666667,0.000130674294636681,0.930048041328055
"541",211,2014,"Matsuda","KEI","フレアクロスオーバー",9837,"660 XG",0,1.29406754032258,"DBA-MS31S",4,"レギュラー",29.2,55952365,8.337695625,0.0658227848101266,0.000175810262890586,0.918813422810635
"542",211,2015,"Matsuda","KEI","フレアクロスオーバー",6834,"660 XG",0,1.335663,"DAA-MS41S",4,"レギュラー",32,56412140,8.337695625,0.0658227848101266,0.000121144136705326,0.92791704055191
"543",211,2016,"Matsuda","KEI","フレアクロスオーバー",5905,"660 XG",0,1.338,"DAA-MS41S",4,"レギュラー",32,56950757,8.337695625,0.0658227848101266,0.000103686066894598,0.930048041328055
"544",212,2012,"Matsuda","KEI","フレアワゴン",4103,"660 LS",0,1.25965384615385,"DBA-MM21S",4,"レギュラー",20.8,54171475,8.688229375,0.058695652173913,7.57409688401506e-05,0.919761848832804
"545",212,2013,"Matsuda","KEI","フレアワゴン",14356,"660 XG",0,1.30821428571429,"DBA-MM32S",4,"レギュラー",29,54594744,8.688229375,0.0619047619047619,0.0002629557160301,0.919563190918159
"546",212,2014,"Matsuda","KEI","フレアワゴン",13039,"660 XG",0,1.35449092741935,"DBA-MM32S",4,"レギュラー",29,55952365,8.688229375,0.0619047619047619,0.000233037513248993,0.918813422810635
"547",212,2015,"Matsuda","KEI","フレアワゴン",8945,"660 XG",0,1.359639,"DAA-MM42S",4,"レギュラー",32,56412140,8.688229375,0.0619047619047619,0.000158565159910615,0.92791704055191
"548",212,2016,"Matsuda","KEI","フレアワゴン",7788,"660 XG",0,1.361,"DAA-MM42S",4,"レギュラー",32,56950757,8.688229375,0.0619047619047619,0.000136749718708743,0.930048041328055
"549",244,2006,"Matsuda","KEI","ラピュタ",218,"660 E リミテッド",0,0.98975,"UA-HP22S",4,"レギュラー",19.8,51102005,7.736780625,0.0701298701298701,4.26597743082683e-06,0.915227533635911
"550",29,2015,"Matsuda","Regular","CX-3",30020,"1.5 XD ディーゼルターボ",0,2.373624,"LDA-DK5FW",5,"軽油",23,56412140,11.69533125,0.0833333333333333,0.000532154958134898,0.92791704055191
"551",29,2016,"Matsuda","Regular","CX-3",19872,"1.5 XD ディーゼルターボ",0,2.376,"LDA-DK5FW",5,"軽油",23,56950757,11.69533125,0.0833333333333333,0.000348933026474082,0.930048041328055
"552",30,2012,"Matsuda","Regular","CX-5",35438,"2.0 20C",0,2.12884615384615,"DBA-KEEFW",5,"レギュラー",16,54171475,14.242888,0.106164383561644,0.0006541819287734,0.919761848832804
"553",30,2013,"Matsuda","Regular","CX-5",38520,"2.0 20C",0,2.12003105590062,"DBA-KEEFW",5,"レギュラー",16.4,54594744,14.242888,0.106164383561644,0.000705562425569758,0.919563190918159
"554",30,2014,"Matsuda","Regular","CX-5",29466,"2.0 20C",0,2.15308669354839,"DBA-KEEFW",5,"レギュラー",16.4,55952365,14.242888,0.106164383561644,0.00052662653312331,0.918813422810635
"555",30,2015,"Matsuda","Regular","CX-5",27243,"2.0 20S",0,2.443554,"DBA-KEEFW",5,"レギュラー",16.4,56412140,14.242888,0.105442176870748,0.000482927965505297,0.92791704055191
"556",30,2016,"Matsuda","Regular","CX-5",20235,"2.0 20S",0,2.446,"DBA-KEEFW",5,"レギュラー",16.4,56950757,14.242888,0.105442176870748,0.000355306954041015,0.930048041328055
"557",31,2007,"Matsuda","Regular","CX-7",5048,"2.3",0,3.145,"CBA-ER3P",5,"ハイオク",9.1,51713048,14.396382,0.145121951219512,9.76155959710594e-05,0.920174188920367
"558",31,2008,"Matsuda","Regular","CX-7",1332,"2.3",0,3.10034482758621,"CBA-ER3P",5,"ハイオク",9.1,52324877,14.396382,0.145121951219512,2.54563426876283e-05,0.923564101259139
"559",31,2009,"Matsuda","Regular","CX-7",573,"2.3",0,3.03194444444444,"CBA-ER3P",5,"ハイオク",9,52877802,14.44252425,0.143373493975904,1.08363051853025e-05,0.929189662611165
"560",31,2010,"Matsuda","Regular","CX-7",642,"2.3",0,3.0539378238342,"CBA-ER3P",5,"ハイオク",9,53362801,14.44252425,0.143373493975904,1.20308527282891e-05,0.924956956438625
"561",31,2011,"Matsuda","Regular","CX-7",568,"2.3",0,3.06028037383178,"CBA-ER3P",5,"ハイオク",9,53783435,14.44252425,0.143373493975904,1.05608725065627e-05,0.93898110077945
"562",31,2012,"Matsuda","Regular","CX-7",33,"2.3",0,3.06346153846154,"CBA-ER3P",5,"ハイオク",9,54171475,14.44252425,0.143373493975904,6.09176693084322e-07,0.919761848832804
"563",47,2006,"Matsuda","Regular","MPV",28419,"2.3 23F",0,2.44611111111111,"DBA-LY3P",8,"レギュラー",12.2,51102005,15.149835,0.0947674418604651,0.000556122993608568,0.915227533635911
"564",47,2007,"Matsuda","Regular","MPV",20532,"2.3 23F",0,2.44611111111111,"DBA-LY3P",8,"レギュラー",12.2,51713048,15.149835,0.0947674418604651,0.000397037126877534,0.920174188920367
"565",47,2008,"Matsuda","Regular","MPV",13446,"2.3 23C",0,2.53296146044625,"DBA-LY3P",8,"レギュラー",12.2,52324877,15.149835,0.0942196531791907,0.00025697145929268,0.923564101259139
"566",47,2009,"Matsuda","Regular","MPV",7033,"2.3 23C",0,2.56944444444444,"DBA-LY3P",8,"レギュラー",12.2,52877802,15.149835,0.0942196531791907,0.000133004772021348,0.929189662611165
"567",47,2010,"Matsuda","Regular","MPV",6239,"2.3 23C",0,2.5880829015544,"DBA-LY3P",8,"レギュラー",12.2,53362801,15.149835,0.0942196531791907,0.000116916651357938,0.924956956438625
"568",47,2011,"Matsuda","Regular","MPV",4910,"2.3 23C",0,2.59345794392523,"DBA-LY3P",8,"レギュラー",12.2,53783435,15.149835,0.0942196531791907,9.12920493084906e-05,0.93898110077945
"569",47,2012,"Matsuda","Regular","MPV",3016,"2.3 23C",0,2.59615384615385,"DBA-LY3P",8,"レギュラー",12.2,54171475,15.149835,0.0942196531791907,5.56750577679489e-05,0.919761848832804
"570",47,2013,"Matsuda","Regular","MPV",1563,"2.3 23C",0,2.58540372670807,"DBA-LY3P",8,"レギュラー",12.2,54594744,15.149835,0.0942196531791907,2.86291295733523e-05,0.919563190918159
"571",47,2014,"Matsuda","Regular","MPV",633,"2.3 23S",0,2.79659576612903,"DBA-LY3P",8,"レギュラー",11,55952365,15.149835,0.0936781609195402,1.13131947148257e-05,0.918813422810635
"572",47,2015,"Matsuda","Regular","MPV",429,"2.3 23S",0,2.774223,"DBA-LY3P",8,"レギュラー",11,56412140,15.149835,0.0936781609195402,7.6047460706153e-06,0.92791704055191
"573",47,2016,"Matsuda","Regular","MPV",186,"2.3 23S",0,2.777,"DBA-LY3P",8,"レギュラー",11,56950757,15.149835,0.0936781609195402,3.26597941446151e-06,0.930048041328055
"574",62,2006,"Matsuda","Regular","RX-8",5336,"ベースモデル",0,2.60130555555556,"ABA-SE3P",4,"ハイオク",9,51102005,10.518933,0.157894736842105,0.000104418603536202,0.915227533635911
"575",62,2007,"Matsuda","Regular","RX-8",4187,"ベースモデル",0,2.63316666666667,"ABA-SE3P",4,"ハイオク",9,51713048,10.518933,0.156716417910448,8.09660262145059e-05,0.920174188920367
"576",62,2008,"Matsuda","Regular","RX-8",3281,"ベースモデル",0,2.6342799188641,"ABA-SE3P",4,"ハイオク",9,52324877,10.601946,0.158088235294118,6.27043996682496e-05,0.923564101259139
"577",62,2009,"Matsuda","Regular","RX-8",1515,"タイプG",0,2.70305555555556,"ABA-SE3P",4,"ハイオク",9,52877802,10.601946,0.158088235294118,2.86509639716114e-05,0.929189662611165
"578",62,2010,"Matsuda","Regular","RX-8",964,"タイプG",0,2.72266321243523,"ABA-SE3P",4,"ハイオク",9,53362801,10.601946,0.158088235294118,1.80650187384279e-05,0.924956956438625
"579",62,2011,"Matsuda","Regular","RX-8",938,"タイプG",0,2.72831775700935,"ABA-SE3P",4,"ハイオク",9,53783435,10.601946,0.158088235294118,1.74403141041475e-05,0.93898110077945
"580",62,2012,"Matsuda","Regular","RX-8",1848,"タイプG",0,2.73115384615385,"ABA-SE3P",4,"ハイオク",9,54171475,10.601946,0.158088235294118,3.4113894812722e-05,0.919761848832804
"581",62,2013,"Matsuda","Regular","RX-8",289,"タイプG",0,2.71984472049689,"ABA-SE3P",4,"ハイオク",9,54594744,10.601946,0.158088235294118,5.29354986992887e-06,0.919563190918159
"582",79,2006,"Matsuda","Regular","アクセラ",24220,"1.5 15F",0,1.64033333333333,"DBA-BK5P",5,"レギュラー",16.8,51102005,11.465566125,0.0942148760330579,0.000473954006305623,0.915227533635911
"583",79,2007,"Matsuda","Regular","アクセラ",22948,"1.5 15F",0,1.64444444444444,"DBA-BK5P",5,"レギュラー",17.4,51713048,11.452784,0.0942148760330579,0.000443756477088722,0.920174188920367
"584",79,2008,"Matsuda","Regular","アクセラ",16617,"1.5 15F",0,1.6210953346856,"DBA-BK5P",5,"レギュラー",17.4,52324877,11.452784,0.0942148760330579,0.000317573608438678,0.923564101259139
"585",79,2009,"Matsuda","Regular","アクセラ",26761,"1.5 15C",0,1.70611111111111,"DBA-BL5FP",5,"レギュラー",15.6,52877802,11.7755235,0.0902439024390244,0.000506091384055638,0.929189662611165
"586",79,2010,"Matsuda","Regular","アクセラ",26704,"1.5 15C",0,1.71848704663212,"DBA-BL5FP",5,"レギュラー",15.6,53362801,11.7755235,0.0902439024390244,0.000500423506629646,0.924956956438625
"587",79,2011,"Matsuda","Regular","アクセラ",18935,"1.5 15C",0,1.72205607476636,"DBA-BL5FP",5,"レギュラー",15.6,53783435,11.7755235,0.0902439024390244,0.000352060072027754,0.93898110077945
"588",79,2012,"Matsuda","Regular","アクセラ",16282,"1.5 15C",0,1.72384615384615,"DBA-BL5FP",5,"レギュラー",15.6,54171475,11.7755235,0.0902439024390244,0.000300564088387846,0.919761848832804
"589",79,2013,"Matsuda","Regular","アクセラ",17991,"1.5 15C",0,1.77048447204969,"DBA-BM5FP",5,"レギュラー",19.6,54594744,11.9617005,0.0874015748031496,0.00032953721698924,0.919563190918159
"590",79,2014,"Matsuda","Regular","アクセラ",42527,"1.5 15C",0,1.77241935483871,"DBA-BM5FP",5,"レギュラー",19.6,55952365,11.9617005,0.0874015748031496,0.000760057237973766,0.918813422810635
"591",79,2015,"Matsuda","Regular","アクセラ",24749,"1.5 15C",0,1.75824,"DBA-BM5FP",5,"レギュラー",20.6,56412140,11.9617005,0.0880952380952381,0.000438717623546988,0.92791704055191
"592",79,2016,"Matsuda","Regular","アクセラ",26342,"1.5 15C",0,1.76,"DBA-BM5FP",5,"レギュラー",20.6,56950757,11.9617005,0.0874015748031496,0.000462539944815834,0.930048041328055
"593",82,2006,"Matsuda","Regular","アテンザ",12256,"2.0 20F",0,1.98566666666667,"DBA-GGEP",5,"レギュラー",14.2,51102005,11.899745,0.110294117647059,0.000239834033909237,0.915227533635911
"594",82,2007,"Matsuda","Regular","アテンザ",7668,"2.0 20F",0,1.98566666666667,"DBA-GGEP",5,"レギュラー",14.2,51713048,11.899745,0.110294117647059,0.000148279791978226,0.920174188920367
"595",82,2008,"Matsuda","Regular","アテンザ",15867,"2.0 20C",0,2.09729208924949,"DBA-GHEFP",5,"レギュラー",14.2,52324877,12.239028,0.107913669064748,0.000303240082150599,0.923564101259139
"596",82,2009,"Matsuda","Regular","アテンザ",7397,"2.0 20C",0,2.1275,"DBA-GHEFP",5,"レギュラー",14.2,52877802,12.239028,0.107913669064748,0.000139888567985485,0.929189662611165
"597",82,2010,"Matsuda","Regular","アテンザ",7105,"2.0 20C",0,2.1739896373057,"DBA-GHEFP",5,"レギュラー",13.4,53362801,12.239028,0.109285714285714,0.000133145184788932,0.924956956438625
"598",82,2011,"Matsuda","Regular","アテンザ",4584,"2.0 20C",0,2.1785046728972,"DBA-GHEFP",5,"レギュラー",13.4,53783435,12.239028,0.109285714285714,8.52307034684564e-05,0.93898110077945
"599",82,2012,"Matsuda","Regular","アテンザ",5222,"2.0 20S",0,2.59615384615385,"DBA-GJEFP",5,"レギュラー",17.4,54171475,12.96648,0.108391608391608,9.63975967056463e-05,0.919761848832804
"600",82,2013,"Matsuda","Regular","アテンザ",22388,"2.0 20S",0,2.60608695652174,"DBA-GJEFP",5,"レギュラー",17.4,54594744,12.96648,0.108391608391608,0.000410076105494697,0.919563190918159
"601",82,2014,"Matsuda","Regular","アテンザ",11397,"2.0 20S",0,2.61029032258065,"DBA-GJEFP",5,"レギュラー",17.4,55952365,12.96648,0.108391608391608,0.000203691121903426,0.918813422810635
"602",82,2015,"Matsuda","Regular","アテンザ",12363,"2.0 20S",0,2.762235,"DBA-GJEFP",5,"レギュラー",17.4,56412140,12.97982,0.107638888888889,0.000219154954944095,0.92791704055191
"603",82,2016,"Matsuda","Regular","アテンザ",9425,"2.0 20S",0,2.765,"DBA-GJEFP",5,"レギュラー",17.4,56950757,12.97982,0.106896551724138,0.000165493849361827,0.930048041328055
"604",186,2006,"Matsuda","Regular","トリビュート",362,"2.3 LX",0,2.01855555555556,"TA-EP3W",5,"レギュラー",11.4,51102005,13.4526555,0.11056338028169,7.08387077962988e-06,0.915227533635911
"605",200,2008,"Matsuda","Regular","ビアンテ",11060,"2.0 20CS",0,2.22799290060852,"DBA-CCEFW",8,"レギュラー",12.8,52324877,15.31408425,0.0920731707317073,0.000211371734328205,0.923564101259139
"606",200,2009,"Matsuda","Regular","ビアンテ",10864,"2.0 20CS",0,2.19122222222222,"DBA-CCEFW",8,"レギュラー",12,52877802,15.31408425,0.0914634146341463,0.000205454833391146,0.929189662611165
"607",200,2010,"Matsuda","Regular","ビアンテ",11909,"2.0 20CS",0,2.2071170984456,"DBA-CCEFW",8,"レギュラー",12,53362801,15.31408425,0.0914634146341463,0.000223170444145164,0.924956956438625
"608",200,2011,"Matsuda","Regular","ビアンテ",9656,"2.0 20CS",0,2.21170093457944,"DBA-CCEFW",8,"レギュラー",12,53783435,15.31408425,0.0914634146341463,0.000179534832611565,0.93898110077945
"609",200,2012,"Matsuda","Regular","ビアンテ",8741,"2.0 20CS",0,2.214,"DBA-CCEFW",8,"レギュラー",12,54171475,15.31408425,0.0914634146341463,0.000161357984068183,0.919761848832804
"610",200,2013,"Matsuda","Regular","ビアンテ",8490,"2.0 20C スカイアクティブ",0,2.35685403726708,"DBA-CCFFW",8,"レギュラー",14.8,54594744,15.31408425,0.0909638554216868,0.000155509475417634,0.919563190918159
"611",200,2014,"Matsuda","Regular","ビアンテ",5621,"2.0 20C スカイアクティブ",0,2.36054032258065,"DBA-CCFFW",8,"レギュラー",14.8,55952365,15.31408425,0.0909638554216868,0.000100460454173832,0.918813422810635
"612",200,2015,"Matsuda","Regular","ビアンテ",3163,"2.0 20C スカイアクティブ",0,2.341656,"DBA-CCFFW",8,"レギュラー",14.8,56412140,15.31408425,0.0909638554216868,5.60694914250727e-05,0.92791704055191
"613",200,2016,"Matsuda","Regular","ビアンテ",2823,"2.0 20C スカイアクティブ",0,2.344,"DBA-CCFFW",8,"レギュラー",14.8,56950757,15.31408425,0.0909638554216868,4.9569139177553e-05,0.930048041328055
"614",208,2006,"Matsuda","Regular","フォードエスケープ",1034,"2.3 XLT 4WD",0,2.62083333333333,"ABA-LFAL3",5,"レギュラー",10,51102005,13.9497525,0.101290322580645,2.02340397407108e-05,0.915227533635911
"615",221,2006,"Matsuda","Regular","プレマシー",26883,"2.0 20F",0,1.79141666666667,"DBA-CREW",7,"レギュラー",14,51102005,12.695878375,0.1,0.000526065464554669,0.915227533635911
"616",221,2007,"Matsuda","Regular","プレマシー",26146,"2.0 20F",0,1.81711111111111,"DBA-CREW",7,"レギュラー",14.4,51713048,12.864968875,0.0986394557823129,0.000505597736184493,0.920174188920367
"617",221,2008,"Matsuda","Regular","プレマシー",21880,"2.0 20F",0,1.76598073022312,"DBA-CREW",7,"レギュラー",14,52324877,12.695878375,0.1,0.000418156740244225,0.923564101259139
"618",221,2009,"Matsuda","Regular","プレマシー",15204,"2.0 20F",0,1.87055555555556,"DBA-CREW",7,"レギュラー",15,52877802,12.864968875,0.101342281879195,0.00028753086219431,0.929189662611165
"619",221,2010,"Matsuda","Regular","プレマシー",25564,"2.0 20CS",0,1.86238445595855,"DBA-CWEFW",7,"レギュラー",13,53362801,12.95835625,0.102040816326531,0.000479060310196236,0.924956956438625
"620",221,2011,"Matsuda","Regular","プレマシー",20434,"2.0 20CS",0,1.8662523364486,"DBA-CWEFW",7,"レギュラー",13,53783435,12.95835625,0.102040816326531,0.000379931107040672,0.93898110077945
"621",221,2012,"Matsuda","Regular","プレマシー",15233,"2.0 20CS",0,1.86819230769231,"DBA-CWEFW",7,"レギュラー",13,54171475,12.95835625,0.102040816326531,0.000281199653507681,0.919761848832804
"622",221,2013,"Matsuda","Regular","プレマシー",17778,"2.0 20CS",0,1.86045652173913,"DBA-CWEFW",7,"レギュラー",13,54594744,12.95835625,0.102040816326531,0.000325635742517631,0.919563190918159
"623",221,2014,"Matsuda","Regular","プレマシー",11544,"2.0 20CS",0,1.86305443548387,"DBA-CWEFW",7,"レギュラー",13,55952365,12.95835625,0.102040816326531,0.000206318356695021,0.918813422810635
"624",221,2015,"Matsuda","Regular","プレマシー",6978,"2.0 20CS",0,1.84815,"DBA-CWEFW",7,"レギュラー",13,56412140,12.95835625,0.102040816326531,0.000123696778743015,0.92791704055191
"625",221,2016,"Matsuda","Regular","プレマシー",6063,"2.0 20CS",0,1.85,"DBA-CWEFW",7,"レギュラー",13,56950757,12.95835625,0.102040816326531,0.000106460393493979,0.930048041328055
"626",227,2006,"Matsuda","Regular","ボンゴフレンディ",597,"2.0 RS-V",0,2.15627777777778,"GF-SGEW",8,"レギュラー",8.4,51102005,15.303288,0.065625,1.1682516175246e-05,0.915227533635911
"627",254,2006,"Matsuda","Regular","ロードスター",4076,"2.0",0,2.26111111111111,"CBA-NCEC",2,"ハイオク",13.4,51102005,8.554893,0.155963302752294,7.97620367341751e-05,0.915227533635911
"628",254,2007,"Matsuda","Regular","ロードスター",3851,"2.0",0,2.26111111111111,"CBA-NCEC",2,"ハイオク",13.4,51713048,8.554893,0.155963302752294,7.44686331387777e-05,0.920174188920367
"629",254,2008,"Matsuda","Regular","ロードスター",1871,"2.0",0,2.2290060851927,"CBA-NCEC",2,"ハイオク",13.4,52324877,8.554893,0.155963302752294,3.57573702466611e-05,0.923564101259139
"630",254,2009,"Matsuda","Regular","ロードスター",1947,"2.0 S",0,2.39472222222222,"DBA-NCEC",2,"ハイオク",12.6,52877802,8.608428,0.153153153153153,3.68207437971798e-05,0.929189662611165
"631",254,2010,"Matsuda","Regular","ロードスター",1112,"2.0 S",0,2.4120932642487,"DBA-NCEC",2,"ハイオク",12.6,53362801,8.608428,0.153153153153153,2.08384863455725e-05,0.924956956438625
"632",254,2011,"Matsuda","Regular","ロードスター",1081,"2.0 S",0,2.41710280373832,"DBA-NCEC",2,"ハイオク",12.6,53783435,8.608428,0.153153153153153,2.0099125316187e-05,0.93898110077945
"633",254,2012,"Matsuda","Regular","ロードスター",939,"2.0 S",0,2.41961538461538,"DBA-NCEC",2,"ハイオク",12.6,54171475,8.608428,0.153153153153153,1.73338459032175e-05,0.919761848832804
"634",254,2013,"Matsuda","Regular","ロードスター",758,"2.0 S",0,2.40959627329193,"DBA-NCEC",2,"ハイオク",12.6,54594744,8.608428,0.153153153153153,1.38841204200903e-05,0.919563190918159
"635",254,2014,"Matsuda","Regular","ロードスター",592,"2.0 S",0,2.34744858870968,"DBA-NCEC",2,"ハイオク",12.6,55952365,8.608428,0.153153153153153,1.05804285484626e-05,0.918813422810635
"636",254,2015,"Matsuda","Regular","ロードスター",8547,"1.5 S",0,2.492505,"DBA-ND5RC",2,"ハイオク",17.2,56412140,8.388768375,0.132323232323232,0.000151509940945336,0.92791704055191
"637",254,2016,"Matsuda","Regular","ロードスター",6155,"1.5 S",0,2.495,"DBA-ND5RC",2,"ハイオク",17.2,56950757,8.388768375,0.132323232323232,0.0001080758241721,0.930048041328055
"638",181,2006,"Matsuda","Regular","デミオ",60086,"1.3 カジュアル",0,1.24155555555556,"DBA-DY3W",5,"レギュラー",19.2,51102005,10.08882,0.0834862385321101,0.00117580513719569,0.915227533635911
"639",181,2007,"Matsuda","Regular","デミオ",65507,"1.3 13C",0,1.23333333333333,"DBA-DE3FS",5,"レギュラー",21,51713048,9.712985625,0.0919191919191919,0.0012667402625349,0.920174188920367
"640",181,2008,"Matsuda","Regular","デミオ",64990,"1.3 13C",0,1.21075557809331,"DBA-DE3FS",5,"レギュラー",21,52324877,9.712985625,0.0919191919191919,0.00124204783128301,0.923564101259139
"641",181,2009,"Matsuda","Regular","デミオ",55603,"1.3 13C",0,1.22305555555556,"DBA-DE3FS",5,"レギュラー",21,52877802,9.712985625,0.0919191919191919,0.00105153765657657,0.929189662611165
"642",181,2010,"Matsuda","Regular","デミオ",65949,"1.3 13C",0,1.2319274611399,"DBA-DE3FS",5,"レギュラー",21,53362801,9.712985625,0.0919191919191919,0.0012358609136728,0.924956956438625
"643",181,2011,"Matsuda","Regular","デミオ",61736,"1.3 13C",0,1.19195327102804,"DBA-DE3FS",5,"レギュラー",18.2,53783435,9.7504875,0.0919191919191919,0.00114786272018513,0.93898110077945
"644",181,2012,"Matsuda","Regular","デミオ",57820,"1.3 13C",0,1.19319230769231,"DBA-DE3FS",5,"レギュラー",18.2,54171475,9.7504875,0.0919191919191919,0.00106735140588289,0.919761848832804
"645",181,2013,"Matsuda","Regular","デミオ",43573,"1.3 13C",0,1.18825155279503,"DBA-DE3FS",5,"レギュラー",18.2,54594744,9.7504875,0.0919191919191919,0.000798117122776508,0.919563190918159
"646",181,2014,"Matsuda","Regular","デミオ",48564,"1.3 13C",0,1.15710786290323,"DBA-DE3FS",5,"レギュラー",18.2,55952365,9.7504875,0.0919191919191919,0.000867952587884355,0.918813422810635
"647",181,2015,"Matsuda","Regular","デミオ",72771,"1.3 13C",0,1.180818,"DBA-DE3FS",5,"レギュラー",18.2,56412140,9.7504875,0.0919191919191919,0.00128998828975465,0.92791704055191
"648",181,2016,"Matsuda","Regular","デミオ",57320,"1.3 13C",0,1.35,"DBA-DJ3FS",5,"レギュラー",24.6,56950757,10.32255,0.0893203883495146,0.00100648354858567,0.930048041328055
"649",225,2006,"Matsuda","Regular","ベリーサ",12864,"1.5 C",0,1.60333333333333,"DBA-DC5W",5,"レギュラー",18.4,51102005,10.30856625,0.102727272727273,0.000251731805826405,0.915227533635911
"650",225,2007,"Matsuda","Regular","ベリーサ",13850,"1.5 C",0,1.60333333333333,"DBA-DC5W",5,"レギュラー",18.4,51713048,10.30856625,0.102727272727273,0.000267824089579868,0.920174188920367
"651",225,2008,"Matsuda","Regular","ベリーサ",11912,"1.5 C",0,1.58056795131846,"DBA-DC5W",5,"レギュラー",18.4,52324877,10.30856625,0.102727272727273,0.000227654620191463,0.923564101259139
"652",225,2009,"Matsuda","Regular","ベリーサ",10163,"1.5 C",0,1.60333333333333,"DBA-DC5W",5,"レギュラー",18.4,52877802,10.30856625,0.102727272727273,0.000192197852701971,0.929189662611165
"653",225,2010,"Matsuda","Regular","ベリーサ",10610,"1.5 C",0,1.60461139896373,"DBA-DC5W",5,"レギュラー",16.4,53362801,10.30856625,0.102727272727273,0.000198827643998672,0.924956956438625
"654",225,2011,"Matsuda","Regular","ベリーサ",7575,"1.5 C",0,1.60794392523365,"DBA-DC5W",5,"レギュラー",16.4,53783435,10.30856625,0.102727272727273,0.0001408426218965,0.93898110077945
"655",225,2012,"Matsuda","Regular","ベリーサ",6217,"1.5 C",0,1.60961538461538,"DBA-DC5W",5,"レギュラー",16.4,54171475,10.30856625,0.102727272727273,0.000114765196997128,0.919761848832804
"656",225,2013,"Matsuda","Regular","ベリーサ",4227,"1.5 C",0,1.61329192546584,"DBA-DC5W",5,"レギュラー",16.4,54594744,10.30856625,0.102727272727273,7.74250356407936e-05,0.919563190918159
"657",225,2014,"Matsuda","Regular","ベリーサ",2374,"1.5 C",0,1.61632560483871,"DBA-DC5W",5,"レギュラー",16.4,55952365,10.30856625,0.102727272727273,4.24289482669767e-05,0.918813422810635
"658",225,2015,"Matsuda","Regular","ベリーサ",998,"1.5 C",0,1.603395,"DBA-DC5W",5,"レギュラー",16.4,56412140,10.30856625,0.102727272727273,1.76912274556505e-05,0.92791704055191
"659",20,2006,"Mercedes","Foreign","Aクラス",5157,"A170",0,2.59,"DBA-169032",5,"ハイオク",12.2,51102005,10.83842375,0.0885496183206107,0.000100915805554009,0.915227533635911
"660",20,2007,"Mercedes","Foreign","Aクラス",3578,"A170",0,2.59,"DBA-169032",5,"ハイオク",12.2,51713048,10.83842375,0.0885496183206107,6.91895012647485e-05,0.920174188920367
"661",20,2008,"Mercedes","Foreign","Aクラス",3016,"A170",0,2.60388438133874,"DBA-169032",5,"ハイオク",12.2,52324877,10.83842375,0.0885496183206107,5.76398870464617e-05,0.923564101259139
"662",20,2009,"Mercedes","Foreign","Aクラス",2079,"A180",0,2.76472222222222,"DBA-169032",5,"ハイオク",13,52877802,10.936954875,0.0885496183206107,3.93170654105479e-05,0.929189662611165
"663",20,2010,"Mercedes","Foreign","Aクラス",2322,"A180",0,2.78477720207254,"DBA-169032",5,"ハイオク",13,53362801,10.936954875,0.0885496183206107,4.35134579985784e-05,0.924956956438625
"664",20,2013,"Mercedes","Foreign","Aクラス",12440,"A180",0,2.93701863354037,"DBA-176042",5,"ハイオク",15.9,54594744,10.957947,0.0853146853146853,0.00022786076256718,0.919563190918159
"665",20,2014,"Mercedes","Foreign","Aクラス",9461,"A180",0,2.94060483870968,"DBA-176042",5,"ハイオク",15.9,55952365,10.957947,0.0853146853146853,0.00016909026097467,0.918813422810635
"666",20,2015,"Mercedes","Foreign","Aクラス",6752,"A180",0,2.97702,"DBA-176042",5,"ハイオク",17.6,56412140,10.957947,0.0853146853146853,0.000119690548878309,0.92791704055191
"667",20,2016,"Mercedes","Foreign","Aクラス",6973,"A180 スタイル",0,2.98,"DBA-176042",5,"ハイオク",17.6,56950757,10.98349,0.0853146853146853,0.000122439109984087,0.930048041328055
"668",22,2006,"Mercedes","Foreign","Bクラス",7189,"B170",0,3.07613888888889,"CBA-245232",5,"ハイオク",12.8,51102005,12.198963,0.0840579710144927,0.00014067941169823,0.915227533635911
"669",22,2007,"Mercedes","Foreign","Bクラス",6469,"B170",0,3.07305555555556,"CBA-245232",5,"ハイオク",12.8,51713048,12.198963,0.0840579710144927,0.00012509415418716,0.920174188920367
"670",22,2008,"Mercedes","Foreign","Bクラス",5033,"B170",0,3.04968559837728,"CBA-245232",5,"ハイオク",12.8,52324877,12.198963,0.0840579710144927,9.61875170772021e-05,0.923564101259139
"671",22,2009,"Mercedes","Foreign","Bクラス",3435,"B180",0,3.07305555555556,"CBA-245232",5,"ハイオク",13.8,52877802,12.2132475,0.0840579710144927,6.49610965296931e-05,0.929189662611165
"672",22,2010,"Mercedes","Foreign","Bクラス",3665,"B180",0,3.09534715025907,"CBA-245232",5,"ハイオク",13.8,53362801,12.2132475,0.0840579710144927,6.86808025688157e-05,0.924956956438625
"673",22,2011,"Mercedes","Foreign","Bクラス",3062,"B180",0,3.10177570093458,"CBA-245232",5,"ハイオク",13.8,53783435,12.2132475,0.0840579710144927,5.69320274913642e-05,0.93898110077945
"674",22,2012,"Mercedes","Foreign","Bクラス",6671,"B180",0,3.105,"CBA-245232",5,"ハイオク",13.8,54171475,12.2132475,0.0840579710144927,0.000123145991501985,0.919761848832804
"675",22,2013,"Mercedes","Foreign","Bクラス",5955,"B180",0,3.09214285714286,"DBA-246242",5,"ハイオク",16,54594744,11.9989485,0.0841379310344828,0.000109076434171026,0.919563190918159
"676",22,2014,"Mercedes","Foreign","Bクラス",4495,"B180",0,3.01109879032258,"DBA-246242",5,"ハイオク",16,55952365,11.9989485,0.0841379310344828,8.03361931171274e-05,0.918813422810635
"677",24,2014,"Mercedes","Foreign","CLA",4376,"CLA180",0,3.46427419354839,"DBA-117342",5,"ハイオク",17.4,55952365,11.810656,0.0829931972789116,7.82093840001223e-05,0.918813422810635
"678",24,2015,"Mercedes","Foreign","CLA",8054,"CLA180",0,3.50649,"DBA-117342",5,"ハイオク",17.4,56412140,11.810656,0.0829931972789116,0.000142770687302414,0.92791704055191
"679",24,2016,"Mercedes","Foreign","CLA",8557,"CLA180",0,3.59,"DBA-117342",5,"ハイオク",17.4,56950757,11.810656,0.0829931972789116,0.00015025261209434,0.930048041328055
"680",25,2006,"Mercedes","Foreign","CLS",3102,"CLS350",0,8.95708333333333,"DBA-219356C",4,"ハイオク",8.5,51102005,13.17834375,0.15632183908046,6.07021192221323e-05,0.915227533635911
"681",25,2007,"Mercedes","Foreign","CLS",2700,"CLS350",0,9.04444444444444,"DBA-219356C",4,"ハイオク",8.5,51713048,13.17834375,0.15632183908046,5.22111943585302e-05,0.920174188920367
"682",25,2011,"Mercedes","Foreign","CLS",2305,"CLS350 ブルーエフィシェンシー",0,9.64766355140187,"RBA-218359C",4,"ハイオク",12.4,53783435,13.15767024,0.174857142857143,4.28570618444136e-05,0.93898110077945
"683",32,2006,"Mercedes","Foreign","Cクラス",8042,"C180 コンプレッサー アバンギャルド",0,4.20875,"DBA-203046",5,"ハイオク",11.4,51102005,11.17990875,0.0966216216216216,0.000157371516049126,0.915227533635911
"684",32,2007,"Mercedes","Foreign","Cクラス",12268,"C200 コンプレッサー エレガンス",0,4.625,"DBA-204041",5,"ハイオク",11.2,51713048,11.72682525,0.123489932885906,0.000237232197181647,0.920174188920367
"685",32,2008,"Mercedes","Foreign","Cクラス",14427,"C200 コンプレッサー",0,4.32629817444219,"DBA-204041",5,"ハイオク",11.2,52324877,11.72682525,0.123489932885906,0.000275719711677488,0.923564101259139
"686",32,2009,"Mercedes","Foreign","Cクラス",9384,"C200 コンプレッサー",0,4.38861111111111,"DBA-204041",5,"ハイオク",11.2,52877802,11.72682525,0.123489932885906,0.000177465772877625,0.929189662611165
"687",32,2010,"Mercedes","Foreign","Cクラス",9206,"C200 CGI ブルーエフィシェンシー ライト",0,4.13058031088083,"DBA-204048",5,"ハイオク",11.6,53362801,11.72682525,0.122666666666667,0.000172517181022788,0.924956956438625
"688",32,2011,"Mercedes","Foreign","Cクラス",11710,"C180 ブルーエフィシェンシー",0,4.13915887850467,"DBA-204049",5,"ハイオク",13.2,53783435,11.75240175,0.104,0.000217725030020861,0.93898110077945
"689",32,2012,"Mercedes","Foreign","Cクラス",15479,"C180 ブルーエフィシェンシー",0,4.14346153846154,"DBA-204049",5,"ハイオク",14.4,54171475,11.75240175,0.104,0.000285740788856128,0.919761848832804
"690",32,2013,"Mercedes","Foreign","Cクラス",12238,"C180",0,4.12630434782609,"DBA-204049",5,"ハイオク",14.4,54594744,11.75240175,0.104,0.000224160772692697,0.919563190918159
"691",32,2014,"Mercedes","Foreign","Cクラス",15867,"C180",0,4.21956653225806,"DBA-205040C",5,"ハイオク",17.3,55952365,12.2664605,0.104697986577181,0.000283580506382527,0.918813422810635
"692",32,2015,"Mercedes","Foreign","Cクラス",21031,"C180",0,4.26573,"DBA-205040C",5,"ハイオク",17.3,56412140,12.2664605,0.104697986577181,0.000372809824268322,0.92791704055191
"693",32,2016,"Mercedes","Foreign","Cクラス",17760,"C180",0,4.36,"DBA-205040C",5,"ハイオク",17.3,56950757,12.2664605,0.104697986577181,0.000311848356993745,0.930048041328055
"694",33,2006,"Mercedes","Foreign","Eクラス",9639,"E300",1,6.90666666666667,"DBA-211054C",5,"ハイオク",9.1,51102005,13.108095,0.1375,0.000188622736035504,0.915227533635911
"695",33,2007,"Mercedes","Foreign","Eクラス",8591,"E250",1,6.57777777777778,"DBA-211052C",5,"ハイオク",9,51713048,13.108095,0.12289156626506,0.000166128285457086,0.920174188920367
"696",33,2008,"Mercedes","Foreign","Eクラス",4657,"E250 アバンギャルド",1,6.58569979716024,"DBA-211052C",5,"ハイオク",9,52324877,12.931555,0.12289156626506,8.90016425647785e-05,0.923564101259139
"697",33,2009,"Mercedes","Foreign","Eクラス",7428,"E250 CGI ブルーエフィシェンシー",1,6.51611111111111,"DBA-212047C",5,"ハイオク",11.4,52877802,13.2797595,0.121428571428571,0.000140474825334079,0.929189662611165
"698",33,2010,"Mercedes","Foreign","Eクラス",10850,"E250 CGI ブルーエフィシェンシー",1,6.56337823834197,"DBA-212047C",5,"ハイオク",11.4,53362801,13.2797595,0.121428571428571,0.000203325159037285,0.924956956438625
"699",33,2011,"Mercedes","Foreign","Eクラス",8411,"E300",1,7.57289719626168,"DBA-212054C",5,"ハイオク",9.6,53783435,13.2797595,0.135087719298246,0.000156386441289962,0.93898110077945
"700",33,2012,"Mercedes","Foreign","Eクラス",7898,"E300",1,7.58076923076923,"DBA-212054C",5,"ハイオク",9.6,54171475,13.2797595,0.135087719298246,0.000145796288544848,0.919761848832804
"701",33,2013,"Mercedes","Foreign","Eクラス",9423,"E250",1,6.15326086956522,"RBA-212036C",5,"ハイオク",15.5,54594744,13.307028,0.124117647058824,0.000172599032610172,0.919563190918159
"702",33,2014,"Mercedes","Foreign","Eクラス",8938,"E250",1,6.03226814516129,"RBA-212036C",5,"ハイオク",15.5,55952365,13.307028,0.124117647058824,0.00015974302426716,0.918813422810635
"703",33,2015,"Mercedes","Foreign","Eクラス",6097,"E220 ブルーテック",1,5.98401,"LDA-212001C",5,"軽油",18.6,56412140,13.171242,0.0967213114754098,0.000108079572942987,0.92791704055191
"704",33,2016,"Mercedes","Foreign","Eクラス",7900,"E200 アバンギャルド",1,6.75,"RBA-213042C",5,"ハイオク",14.7,56950757,13.2703275,0.110179640718563,0.000138716329969064,0.930048041328055
"705",35,2014,"Mercedes","Foreign","GLA",4160,"GLA180",0,3.46427419354839,"DBA-156942",5,"ハイオク",16,55952365,12.03420575,0.0829931972789116,7.43489573675751e-05,0.918813422810635
"706",35,2015,"Mercedes","Foreign","GLA",5241,"GLA180",0,3.50649,"DBA-156942",5,"ハイオク",16,56412140,12.03420575,0.0829931972789116,9.29055341633911e-05,0.92791704055191
"707",36,2016,"Mercedes","Foreign","GLC",4147,"250 4マチック 4WD",0,6.28,"DBA-253946C",5,"ハイオク",13.4,56950757,14.488173,0.117222222222222,7.28172937192038e-05,0.930048041328055
"708",68,2006,"Mercedes","Foreign","Sクラス",8078,"S350",0,10.1441666666667,"DBA-221056",5,"ハイオク",8.4,51102005,14.09302125,0.143157894736842,0.000158075989386326,0.915227533635911
"709",68,2007,"Mercedes","Foreign","Sクラス",5039,"S350",0,10.2366666666667,"DBA-221056",5,"ハイオク",8.4,51713048,14.09302125,0.143157894736842,9.74415586565309e-05,0.920174188920367
"710",68,2008,"Mercedes","Foreign","Sクラス",3035,"S350",0,10.2331643002028,"DBA-221056",5,"ハイオク",8.4,52324877,14.09302125,0.143157894736842,5.80030030457597e-05,0.923564101259139
"711",68,2009,"Mercedes","Foreign","Sクラス",2152,"S350",0,10.7916666666667,"DBA-221056",5,"ハイオク",8.6,52877802,14.162445,0.143157894736842,4.069760690885e-05,0.929189662611165
"712",68,2010,"Mercedes","Foreign","Sクラス",1985,"S350",0,10.8699481865285,"DBA-221056",5,"ハイオク",8.6,53362801,14.162445,0.143157894736842,3.71981972985264e-05,0.924956956438625
"713",68,2014,"Mercedes","Foreign","Sクラス",6706,"S400 ハイブリッド",0,10.9769153225806,"DAA-222057",5,"ハイオク",15.4,55952365,14.54336,0.152238805970149,0.000119851949064173,0.918813422810635
"714",68,2015,"Mercedes","Foreign","Sクラス",5844,"S300 h",0,9.97002,"LCA-222004",5,"軽油",20.7,56412140,14.54336,0.0980769230769231,0.000103594722696214,0.92791704055191
"715",68,2016,"Mercedes","Foreign","Sクラス",4115,"S300 h",0,9.98,"LCA-222004",5,"軽油",20.7,56950757,14.54336,0.0980769230769231,7.22554047876835e-05,0.930048041328055
"716",74,2013,"Mitsubishi","KEI","eKワゴン",48395,"660 E",0,1.08586956521739,"DBA-B11W",4,"レギュラー",23.2,54594744,8.1123525,0.0597560975609756,0.000886440643443625,0.919563190918159
"717",74,2014,"Mitsubishi","KEI","eKワゴン",57729,"660 E",0,1.08762096774194,"DBA-B11W",4,"レギュラー",23.2,55952365,8.1123525,0.0597560975609756,0.00103175263458479,0.918813422810635
"718",74,2015,"Mitsubishi","KEI","eKワゴン",46142,"660 E",0,1.07892,"DBA-B11W",4,"レギュラー",23.6,56412140,8.1123525,0.0590361445783133,0.000817944506271168,0.92791704055191
"719",74,2016,"Mitsubishi","KEI","eKワゴン",36544,"660 E",0,1.08,"DBA-B11W",4,"レギュラー",23.6,56950757,8.1123525,0.0590361445783133,0.000641677159796138,0.930048041328055
"720",60,2014,"Mitsubishi","Regular","RVR",2268,"1.8 E",0,1.92549193548387,"DBA-GA4W",5,"レギュラー",15.4,55952365,12.27747225,0.102962962962963,4.05344796417453e-05,0.918813422810635
"721",60,2015,"Mitsubishi","Regular","RVR",1833,"1.8 E",0,1.910088,"DBA-GA4W",5,"レギュラー",15.4,56412140,12.27747225,0.102962962962963,3.24930059380835e-05,0.92791704055191
"722",60,2016,"Mitsubishi","Regular","RVR",1055,"1.8 E",0,1.912,"DBA-GA4W",5,"レギュラー",15.4,56950757,12.27747225,0.102962962962963,1.85247757110586e-05,0.930048041328055
"723",77,2012,"Mitsubishi","Regular","アウトランダー",3876,"2.0 20G",0,2.52034615384615,"DBA-GF7W",7,"レギュラー",16,54171475,14.07672,0.104166666666667,7.15505715877221e-05,0.919761848832804
"724",77,2013,"Mitsubishi","Regular","アウトランダー",12786,"2.0 20G",0,2.5099099378882,"DBA-GF7W",7,"レギュラー",16,54594744,14.07672,0.104166666666667,0.00023419836898585,0.919563190918159
"725",77,2014,"Mitsubishi","Regular","アウトランダー",12039,"2.0 20G",0,2.44412600806452,"DBA-GF7W",7,"レギュラー",16,55952365,14.154924,0.104166666666667,0.000215165167727941,0.918813422810635
"726",77,2015,"Mitsubishi","Regular","アウトランダー",13796,"2.0 20G",0,2.51748,"DBA-GF7W",7,"レギュラー",16,56412140,14.276556,0.101351351351351,0.000244557288555265,0.92791704055191
"727",77,2016,"Mitsubishi","Regular","アウトランダー",8155,"2.0 20G",0,2.52,"DBA-GF7W",7,"レギュラー",16,56950757,14.276556,0.101351351351351,0.000143193882392116,0.930048041328055
"728",184,2012,"Mitsubishi","Regular","デリカD:5",13455,"2.0 M",0,2.41961538461538,"DBA-CV2W",8,"レギュラー",13,54171475,15.7071475,0.0892857142857143,0.000248377951680289,0.919761848832804
"729",184,2013,"Mitsubishi","Regular","デリカD:5",13871,"2.0 M",0,2.40959627329193,"DBA-CV2W",8,"レギュラー",13,54594744,15.7071475,0.0892857142857143,0.000254072076975029,0.919563190918159
"730",184,2014,"Mitsubishi","Regular","デリカD:5",12199,"2.0 M",0,2.41492137096774,"DBA-CV2W",8,"レギュラー",13,55952365,15.7071475,0.0892857142857143,0.00021802474301131,0.918813422810635
"731",184,2015,"Mitsubishi","Regular","デリカD:5",11107,"2.0 M",0,2.394603,"DBA-CV2W",8,"レギュラー",13,56412140,15.7071475,0.0892857142857143,0.000196890243837585,0.92791704055191
"732",184,2016,"Mitsubishi","Regular","デリカD:5",10814,"2.0 M",0,2.408,"DBA-CV2W",8,"レギュラー",13,56950757,15.7071475,0.0892857142857143,0.000189883340795628,0.930048041328055
"733",197,2012,"Mitsubishi","Regular","パジェロワゴン",2453,"3.0 ショート VR-I 4WD",1,2.92223076923077,"DBA-V83W",5,"レギュラー",8.4,54171475,15.21046875,0.0917525773195876,4.52821341859346e-05,0.919761848832804
"734",197,2013,"Mitsubishi","Regular","パジェロワゴン",1951,"3.0 ショート VR-I 4WD",1,2.91013043478261,"DBA-V83W",5,"レギュラー",8.4,54594744,15.21046875,0.0917525773195876,3.57360408174091e-05,0.919563190918159
"735",197,2014,"Mitsubishi","Regular","パジェロワゴン",2018,"3.0 ショート VR-I 4WD",1,2.94161189516129,"DBA-V83W",5,"レギュラー",8.4,55952365,15.21046875,0.0917525773195876,3.60663932614823e-05,0.918813422810635
"736",197,2015,"Mitsubishi","Regular","パジェロワゴン",1780,"3.0 ショート VR-I 4WD",1,2.924073,"DBA-V83W",5,"レギュラー",8.4,56412140,15.21046875,0.0908163265306123,3.15534918547674e-05,0.92791704055191
"737",197,2016,"Mitsubishi","Regular","パジェロワゴン",1156,"3.0 ショート VR-I 4WD",1,2.927,"DBA-V83W",5,"レギュラー",8.4,56950757,15.21046875,0.0908163265306123,2.02982376511694e-05,0.930048041328055
"738",183,2016,"Mitsubishi","Regular","デリカD:2",8103,"1.2 ハイブリッド MX",0,1.787,"DAA-MB36S",5,"レギュラー",27.8,56950757,10.52016875,0.0957894736842105,0.000142280812878396,0.930048041328055
"739",112,2006,"Nissan","KEI","オッティ",41988,"660 S",1,1.04113888888889,"DBA-H91W",4,"レギュラー",19.4,51102005,7.76181875,0.0625,0.000821650735621822,0.915227533635911
"740",112,2007,"Nissan","KEI","オッティ",39152,"660 S",1,1.05758333333333,"DBA-H92W",4,"レギュラー",19.4,51713048,7.76181875,0.0609756097560976,0.000757100993157472,0.920174188920367
"741",112,2008,"Nissan","KEI","オッティ",29376,"660 S",1,1.06384381338742,"DBA-H92W",4,"レギュラー",19.6,52324877,7.76181875,0.0617283950617284,0.000561415557651478,0.923564101259139
"742",112,2009,"Nissan","KEI","オッティ",19770,"660 S",1,1.07916666666667,"DBA-H92W",4,"レギュラー",20,52877802,7.76181875,0.0617283950617284,0.000373880896183998,0.929189662611165
"743",112,2010,"Nissan","KEI","オッティ",12961,"660 S",1,1.08906528497409,"DBA-H92W",4,"レギュラー",18.4,53362801,7.76181875,0.0617283950617284,0.000242884551731083,0.924956956438625
"744",112,2011,"Nissan","KEI","オッティ",7974,"660 S",1,1.09132710280374,"DBA-H92W",4,"レギュラー",18.4,53783435,7.76181875,0.0617283950617284,0.000148261262970653,0.93898110077945
"745",112,2012,"Nissan","KEI","オッティ",7279,"660 S",1,1.09246153846154,"DBA-H92W",4,"レギュラー",18.4,54171475,7.76181875,0.0617283950617284,0.000134369610574569,0.919761848832804
"746",112,2013,"Nissan","KEI","オッティ",3288,"660 S",1,1.08793788819876,"DBA-H92W",4,"レギュラー",18.4,54594744,7.76181875,0.0617283950617284,6.02255777589139e-05,0.919563190918159
"747",119,2008,"Nissan","KEI","キックス",2051,"660 RS 4WD",0,1.48532860040568,"ABA-H59A",4,"レギュラー",15,52324877,8.187466875,0.0653061224489796,3.91974165558e-05,0.923564101259139
"748",119,2009,"Nissan","KEI","キックス",4715,"660 RS 4WD",0,1.50672222222222,"ABA-H59A",4,"レギュラー",15,52877802,8.187466875,0.0653061224489796,8.91678515684143e-05,0.929189662611165
"749",119,2010,"Nissan","KEI","キックス",1723,"660 RS 4WD",0,1.51972227979275,"ABA-H59A",4,"レギュラー",13.8,53362801,8.187466875,0.0653061224489796,3.22884100480408e-05,0.924956956438625
"750",119,2011,"Nissan","KEI","キックス",1688,"660 RS 4WD",0,1.5228785046729,"ABA-H59A",4,"レギュラー",13.8,53783435,8.187466875,0.0653061224489796,3.13851281533059e-05,0.93898110077945
"751",119,2012,"Nissan","KEI","キックス",1109,"660 RS 4WD",0,1.52446153846154,"ABA-H59A",4,"レギュラー",13.8,54171475,8.187466875,0.0653061224489796,2.04720288675913e-05,0.919761848832804
"752",126,2007,"Nissan","KEI","クリッパーリオ",3950,"660 SD 2シーター ハイルーフ",0,0.999,"GBD-U71V",2,"レギュラー",15.8,51713048,9.46441125,0.0539325842696629,7.63830435985904e-05,0.920174188920367
"753",126,2008,"Nissan","KEI","クリッパーリオ",5641,"660 SD 2シーター ハイルーフ",0,0.984815415821501,"GBD-U71V",2,"レギュラー",15.8,52324877,9.46441125,0.0539325842696629,0.000107807229054738,0.923564101259139
"754",126,2009,"Nissan","KEI","クリッパーリオ",3316,"660 SD 2シーター ハイルーフ",0,1.04216666666667,"GBD-U71V",2,"レギュラー",15.8,52877802,9.46441125,0.0539325842696629,6.2710624772187e-05,0.929189662611165
"755",126,2010,"Nissan","KEI","クリッパーリオ",1076,"660 SD 2シーター ハイルーフ",0,1.05800829015544,"GBD-U71V",2,"レギュラー",15.2,53362801,9.46441125,0.0539325842696629,2.01638590897805e-05,0.924956956438625
"756",126,2011,"Nissan","KEI","クリッパーリオ",1177,"660 SD 2シーター ハイルーフ",0,1.05916822429907,"GBD-U71V",2,"レギュラー",15.8,53783435,9.46441125,0.0539325842696629,2.18840615144793e-05,0.93898110077945
"757",126,2012,"Nissan","KEI","クリッパーリオ",88,"660 DX 2シーター ハイルーフ",0,1.026,"GBD-U71V",2,"レギュラー",15.2,54171475,9.46441125,0.0533333333333333,1.62447118155819e-06,0.919761848832804
"758",126,2013,"Nissan","KEI","クリッパーリオ",340,"660 DX 2シーター ハイルーフ",0,1.02175155279503,"GBD-U71V",2,"レギュラー",15.2,54594744,9.46441125,0.0533333333333333,6.22770572932808e-06,0.919563190918159
"759",126,2014,"Nissan","KEI","クリッパーリオ",3301,"660 DX ハイルーフ",0,1.03424697580645,"HBD-DR64V",4,"レギュラー",15.4,55952365,9.389296875,0.0550561797752809,5.89966125649917e-05,0.918813422810635
"760",126,2015,"Nissan","KEI","クリッパーリオ",3361,"660 DX 5AGS車",0,1.025973,"HBD-DR17V",4,"レギュラー",20.2,56412140,9.013725,0.0576470588235294,5.95793742268951e-05,0.92791704055191
"761",126,2016,"Nissan","KEI","クリッパーリオ",3282,"660 DX 5AGS車",0,1.068,"HBD-DR17V",4,"レギュラー",20.2,56950757,9.013725,0.0576470588235294,5.76287335390467e-05,0.930048041328055
"762",179,2013,"Nissan","KEI","デイズ",78855,"660 J",1,1.10448447204969,"DBA-B21W",4,"レギュラー",23.2,54594744,8.1123525,0.0597560975609756,0.00144436980966519,0.919563190918159
"763",179,2014,"Nissan","KEI","デイズ",169244,"660 J",1,1.10574798387097,"DBA-B21W",4,"レギュラー",23.2,55952365,8.1123525,0.0597560975609756,0.00302478724536487,0.918813422810635
"764",179,2015,"Nissan","KEI","デイズ",150696,"660 J",1,1.096902,"DBA-B21W",4,"レギュラー",23.2,56412140,8.1123525,0.0597560975609756,0.00267133989244159,0.92791704055191
"765",179,2016,"Nissan","KEI","デイズ",105731,"660 J",1,1.15,"DBA-B21W",4,"レギュラー",23.6,56950757,8.1123525,0.0590361445783133,0.00185653370683027,0.930048041328055
"766",204,2007,"Nissan","KEI","ピノ",23004,"660 S",0,0.939388888888889,"DBA-HC24S",4,"レギュラー",21,51713048,7.5114375,0.072972972972973,0.000444839375934677,0.920174188920367
"767",204,2008,"Nissan","KEI","ピノ",20375,"660 S",0,0.926050709939148,"DBA-HC24S",4,"レギュラー",21,52324877,7.5114375,0.072972972972973,0.000389394130826146,0.923564101259139
"768",204,2009,"Nissan","KEI","ピノ",19627,"660 S",0,0.939388888888889,"DBA-HC24S",4,"レギュラー",21,52877802,7.5114375,0.072972972972973,0.000371176547769516,0.929189662611165
"769",204,2010,"Nissan","KEI","ピノ",1317,"660 S",0,0.94620310880829,"DBA-HC24S",4,"レギュラー",21,53362801,7.5114375,0.072972972972973,2.46801137743875e-05,0.924956956438625
"770",204,2011,"Nissan","KEI","ピノ",55,"660 S",0,0.948168224299066,"DBA-HC24S",4,"レギュラー",21,53783435,7.5114375,0.072972972972973,1.02261969693829e-06,0.93898110077945
"771",238,2006,"Nissan","KEI","モコ",67526,"660 S",1,1.08738888888889,"DBA-MG22S",4,"レギュラー",21,51102005,8.1123525,0.0658536585365854,0.00132139629355052,0.915227533635911
"772",238,2007,"Nissan","KEI","モコ",60715,"660 S",1,1.08738888888889,"DBA-MG22S",4,"レギュラー",21,51713048,8.1123525,0.0658536585365854,0.00117407506128821,0.920174188920367
"773",238,2008,"Nissan","KEI","モコ",57945,"660 S",1,1.07194929006085,"DBA-MG22S",4,"レギュラー",21,52324877,8.1123525,0.0658536585365854,0.00110740824101698,0.923564101259139
"774",238,2009,"Nissan","KEI","モコ",58469,"660 S",1,1.08738888888889,"DBA-MG22S",4,"レギュラー",20.2,52877802,8.1123525,0.0658536585365854,0.00110573809403046,0.929189662611165
"775",238,2010,"Nissan","KEI","モコ",55262,"660 S",1,1.09527668393782,"DBA-MG22S",4,"レギュラー",20.2,53362801,8.1123525,0.0658536585365854,0.00103559031693258,0.924956956438625
"776",238,2011,"Nissan","KEI","モコ",61766,"660 S",1,1.11933644859813,"DBA-MG33S",4,"レギュラー",23,53783435,8.137390625,0.0683544303797468,0.00114842051274709,0.93898110077945
"777",238,2012,"Nissan","KEI","モコ",66460,"660 S",1,1.13192307692308,"DBA-MG33S",4,"レギュラー",23.2,54171475,8.137390625,0.0683544303797468,0.00122684494007224,0.919761848832804
"778",238,2013,"Nissan","KEI","モコ",55037,"660 S",1,1.19962732919255,"DBA-MG33S",4,"レギュラー",30,54594744,8.137390625,0.065,0.00100810070654421,0.919563190918159
"779",238,2014,"Nissan","KEI","モコ",38295,"660 S",1,1.20141834677419,"DBA-MG33S",4,"レギュラー",30,55952365,8.137390625,0.065,0.000684421471728675,0.918813422810635
"780",238,2015,"Nissan","KEI","モコ",21566,"660 S",1,1.191807,"DBA-MG33S",4,"レギュラー",30,56412140,8.137390625,0.065,0.00038229359850557,0.92791704055191
"781",238,2016,"Nissan","KEI","モコ",5942,"660 S",1,1.193,"DBA-MG33S",4,"レギュラー",30,56950757,8.137390625,0.065,0.000104335750971668,0.930048041328055
"782",249,2010,"Nissan","KEI","ルークス",51391,"660 E",0,1.28783005181347,"DBA-ML21S",4,"レギュラー",19.6,53362801,8.688229375,0.058695652173913,0.000963049147288951,0.924956956438625
"783",249,2011,"Nissan","KEI","ルークス",49548,"660 E",0,1.2905046728972,"DBA-ML21S",4,"レギュラー",20.2,53783435,8.688229375,0.058695652173913,0.000921250195343603,0.93898110077945
"784",249,2012,"Nissan","KEI","ルークス",48810,"660 E",0,1.29184615384615,"DBA-ML21S",4,"レギュラー",20.8,54171475,8.688229375,0.058695652173913,0.000901027708771083,0.919761848832804
"785",249,2013,"Nissan","KEI","ルークス",16071,"660 E",0,1.28649689440994,"DBA-ML21S",4,"レギュラー",20.8,54594744,8.688229375,0.058695652173913,0.000294368996400093,0.919563190918159
"786",39,2008,"Nissan","Regular","GT-R",4874,"3.8 4WD",0,7.87244421906694,"CBA-R35",4,"ハイオク",8.2,52324877,12.08507825,0.275862068965517,9.31488095041294e-05,0.923564101259139
"787",39,2009,"Nissan","Regular","GT-R",538,"3.8 4WD",0,8.84916666666667,"CBA-R35",4,"ハイオク",8.3,52877802,12.0720975,0.278735632183908,1.01744017272125e-05,0.929189662611165
"788",39,2010,"Nissan","Regular","GT-R",385,"3.8 4WD",0,8.91335751295337,"CBA-R35",4,"ハイオク",8.4,53362801,12.0720975,0.278735632183908,7.21476370777464e-06,0.924956956438625
"789",39,2011,"Nissan","Regular","GT-R",550,"3.8 ピュアエディション 4WD",0,9.01900934579439,"DBA-R35",4,"ハイオク",8.7,53783435,12.1240205,0.317919075144509,1.02261969693829e-05,0.93898110077945
"790",39,2012,"Nissan","Regular","GT-R",585,"3.8 ピュアエディション 4WD",0,9.09380769230769,"DBA-R35",4,"ハイオク",8.7,54171475,12.1240205,0.317919075144509,1.07990413774039e-05,0.919761848832804
"791",39,2013,"Nissan","Regular","GT-R",663,"3.8 ピュアエディション 4WD",0,9.05615217391304,"DBA-R35",4,"ハイオク",8.7,54594744,12.1240205,0.317919075144509,1.21440261721898e-05,0.919563190918159
"792",39,2014,"Nissan","Regular","GT-R",658,"3.8 ピュアエディション 4WD",0,9.11486794354839,"DBA-R35",4,"ハイオク",8.7,55952365,12.1240205,0.316091954022989,1.1760003352852e-05,0.918813422810635
"793",39,2015,"Nissan","Regular","GT-R",653,"3.8 ピュアエディション 4WD",0,9.30069,"DBA-R35",4,"ハイオク",8.7,56412140,12.1240205,0.316091954022989,1.15755225736872e-05,0.92791704055191
"794",39,2016,"Nissan","Regular","GT-R",791,"3.8 ピュアエディション 4WD",0,9.961,"DBA-R35",4,"ハイオク",8.8,56950757,12.2278665,0.323863636363636,1.38891920260164e-05,0.930048041328055
"795",103,2006,"Nissan","Regular","エクストレイル",20780,"2.0 S",0,2.072,"CBA-T30",5,"レギュラー",13.2,51102005,13.170650625,0.111111111111111,0.000406637665195328,0.915227533635911
"796",103,2007,"Nissan","Regular","エクストレイル",27875,"2.0 20S",0,2.05041666666667,"DBA-T31",5,"レギュラー",14,51713048,13.80545775,0.0958041958041958,0.000539032238053344,0.920174188920367
"797",103,2008,"Nissan","Regular","エクストレイル",31710,"2.0 20S",0,2.09729208924949,"DBA-T31",5,"レギュラー",14,52324877,13.80545775,0.0958041958041958,0.00060602149145998,0.923564101259139
"798",103,2009,"Nissan","Regular","エクストレイル",32627,"2.0 20S",0,2.1275,"DBA-T31",5,"レギュラー",14,52877802,13.80545775,0.0958041958041958,0.000617026403631528,0.929189662611165
"799",103,2010,"Nissan","Regular","エクストレイル",36898,"2.0 20S",0,2.13050984455959,"DBA-T31",5,"レギュラー",14,53362801,13.80545775,0.0958041958041958,0.000691455457894723,0.924956956438625
"800",103,2011,"Nissan","Regular","エクストレイル",25114,"2.0 20X",0,2.32373831775701,"DBA-T31",5,"レギュラー",14,53783435,14.104305,0.0951388888888889,0.00046694674670742,0.93898110077945
"801",103,2012,"Nissan","Regular","エクストレイル",28325,"2.0 20S 4WD",0,2.27423076923077,"DBA-NT31",5,"レギュラー",13.8,54171475,13.97985525,0.0913333333333333,0.000522876661564043,0.919761848832804
"802",103,2013,"Nissan","Regular","エクストレイル",28198,"2.0 20S 4WD",0,2.26481366459627,"DBA-NT31",5,"レギュラー",13.8,54594744,13.97985525,0.0913333333333333,0.00051649660633998,0.919563190918159
"803",103,2014,"Nissan","Regular","エクストレイル",53736,"2.0 20X 2列車",0,2.26486995967742,"DBA-T32",5,"レギュラー",16.4,55952365,14.482832,0.102083333333333,0.000960388358919234,0.918813422810635
"804",103,2015,"Nissan","Regular","エクストレイル",58448,"2.0 20X 2列車",0,2.310687,"DBA-T32",5,"レギュラー",16.4,56412140,14.482832,0.102083333333333,0.00103608904040868,0.92791704055191
"805",103,2016,"Nissan","Regular","エクストレイル",56151,"2.0 20S エマージェンシーブレーキパッケージ 2列車",0,2.239,"DBA-T32",5,"レギュラー",16.4,56950757,14.482832,0.102083333333333,0.000985957043556067,0.930048041328055
"806",111,2006,"Nissan","Regular","エルグランド",22872,"2.5 V",0,2.91375,"CBA-ME51",8,"レギュラー",8.9,51102005,16.663344,0.0934673366834171,0.000447575393568217,0.915227533635911
"807",111,2007,"Nissan","Regular","エルグランド",18328,"2.5 V",0,2.9785,"CBA-ME51",8,"レギュラー",8.9,51713048,16.57655575,0.093,0.00035441732229746,0.920174188920367
"808",111,2008,"Nissan","Regular","エルグランド",15807,"2.5 250V",0,3.01219776876268,"CBA-ME51",8,"レギュラー",8.9,52324877,16.57655575,0.0925373134328358,0.000302093400047553,0.923564101259139
"809",111,2009,"Nissan","Regular","エルグランド",7059,"2.5 250V",0,3.05558333333333,"CBA-ME51",8,"レギュラー",8.9,52877802,16.57655575,0.0925373134328358,0.000133496471733072,0.929189662611165
"810",111,2010,"Nissan","Regular","エルグランド",20045,"2.5 250XG",0,3.18541243523316,"DBA-TE52",8,"レギュラー",10.8,53362801,16.41241375,0.0894736842105263,0.000375636203954137,0.924956956438625
"811",111,2011,"Nissan","Regular","エルグランド",17673,"2.5 250XG",0,3.22418691588785,"DBA-TE52",8,"レギュラー",10.8,53783435,16.41241375,0.0894736842105263,0.00032859559825437,0.93898110077945
"812",111,2012,"Nissan","Regular","エルグランド",17366,"2.5 250XG",0,3.22753846153846,"DBA-TE52",8,"レギュラー",10.8,54171475,16.41241375,0.0894736842105263,0.000320574619760677,0.919761848832804
"813",111,2013,"Nissan","Regular","エルグランド",10775,"2.5 250XG",0,3.21417391304348,"DBA-TE52",8,"レギュラー",10.8,54594744,16.41241375,0.0894736842105263,0.00019736332127503,0.919563190918159
"814",111,2014,"Nissan","Regular","エルグランド",10987,"2.5 250XG",0,3.23567237903226,"DBA-TE52",8,"レギュラー",10.8,55952365,16.41241375,0.0890052356020942,0.000196363460239795,0.918813422810635
"815",111,2015,"Nissan","Regular","エルグランド",7909,"2.5 250XG",0,3.120876,"DBA-TE52",8,"レギュラー",10.8,56412140,16.41241375,0.0890052356020942,0.000140200318583908,0.92791704055191
"816",111,2016,"Nissan","Regular","エルグランド",6987,"2.5 250XG",0,3.213,"DBA-TE52",8,"レギュラー",10.8,56950757,16.41241375,0.0890052356020942,0.000122684936391627,0.930048041328055
"817",121,2007,"Nissan","Regular","キャラバンコーチ",1717,"2.5 DX スーパーロングボディ 低床",0,2.42452777777778,"CBA-SGE25",10,"レギュラー",8.1,51713048,16.7986845,0.0790322580645161,3.32024521161468e-05,0.920174188920367
"818",121,2008,"Nissan","Regular","キャラバンコーチ",1602,"2.5 DX スーパーロングボディ 低床",0,2.42252434077079,"CBA-SGE25",10,"レギュラー",8.1,52324877,16.7986845,0.0790322580645161,3.06164121513367e-05,0.923564101259139
"819",121,2009,"Nissan","Regular","キャラバンコーチ",1018,"2.5 DX スーパーロングボディ 低床",0,2.48516666666667,"CBA-SGE25",10,"レギュラー",8.1,52877802,16.7986845,0.0790322580645161,1.92519348667329e-05,0.929189662611165
"820",121,2010,"Nissan","Regular","キャラバンコーチ",970,"2.5 DX スーパーロングボディ 低床",0,2.56737823834197,"CBA-SGE25",10,"レギュラー",8.1,53362801,16.7986845,0.0790322580645161,1.81774566143932e-05,0.924956956438625
"821",121,2011,"Nissan","Regular","キャラバンコーチ",975,"2.5 DX スーパーロングボディ 低床",0,2.57271028037383,"CBA-SGE25",10,"レギュラー",8.1,53783435,16.7986845,0.0790322580645161,1.8128258263906e-05,0.93898110077945
"822",121,2012,"Nissan","Regular","キャラバンコーチ",1087,"2.0 DX ロングボディ",0,2.05407692307692,"CBF-VR2E26",3,"レギュラー",9.9,54171475,15.83646975,0.0773809523809524,2.00659110722017e-05,0.919761848832804
"823",121,2013,"Nissan","Regular","キャラバンコーチ",1343,"2.0 DX ロングボディ",0,2.04557142857143,"CBF-VR2E26",3,"レギュラー",9.9,54594744,15.83646975,0.0773809523809524,2.45994376308459e-05,0.919563190918159
"824",121,2014,"Nissan","Regular","キャラバンコーチ",1393,"2.0 DX ロングボディ",0,2.04935987903226,"CBF-VR2E26",3,"レギュラー",9.9,55952365,15.83646975,0.0773809523809524,2.4896177310825e-05,0.918813422810635
"825",121,2015,"Nissan","Regular","キャラバンコーチ",1465,"2.0 DX ロングボディ",0,2.032965,"CBF-VR2E26",3,"レギュラー",9.9,56412140,15.83646975,0.0773809523809524,2.59695873973226e-05,0.92791704055191
"826",121,2016,"Nissan","Regular","キャラバンコーチ",1566,"2.0 DX ロングボディ",0,2.035,"CBF-VR2E26",3,"レギュラー",9.9,56950757,15.83646975,0.0773809523809524,2.74974395862728e-05,0.930048041328055
"827",136,2006,"Nissan","Regular","サファリワゴン",188,"4.8 グランロードリミテッド 4WD",0,4.58697222222222,"TA-WFGY61",7,"レギュラー",5.5,51102005,18.271405,0.101659751037344,3.67891631649287e-06,0.915227533635911
"828",136,2007,"Nissan","Regular","サファリワゴン",82,"4.8 グランロードリミテッド 4WD",0,4.58697222222222,"TA-WFGY61",7,"レギュラー",5.5,51713048,18.271405,0.101659751037344,1.58567331014795e-06,0.920174188920367
"829",145,2006,"Nissan","Regular","シーマ",1359,"3.0 300G",0,5.45030555555556,"GH-HF50",5,"ハイオク",9.1,51102005,13.73150475,0.16374269005848,2.65938684793287e-05,0.915227533635911
"830",145,2007,"Nissan","Regular","シーマ",1090,"3.0 300G",0,5.45030555555556,"GH-HF50",5,"ハイオク",9.1,51713048,13.73150475,0.16374269005848,2.10778525373326e-05,0.920174188920367
"831",145,2008,"Nissan","Regular","シーマ",850,"4.5 450XL",0,6.38306288032454,"CBA-GF50",5,"ハイオク",8,52324877,14.075136,0.157303370786517,1.62446631264895e-05,0.923564101259139
"832",145,2009,"Nissan","Regular","シーマ",311,"4.5 450XL",0,6.475,"CBA-GF50",5,"ハイオク",8,52877802,14.075136,0.157303370786517,5.88148501331428e-06,0.929189662611165
"833",145,2010,"Nissan","Regular","シーマ",202,"4.5 450XL",0,6.5219689119171,"CBA-GF50",5,"ハイオク",8,53362801,14.075136,0.157303370786517,3.78540849083241e-06,0.924956956438625
"834",145,2011,"Nissan","Regular","シーマ",10,"4.5 450XL",0,6.53551401869159,"CBA-GF50",5,"ハイオク",8,53783435,14.075136,0.157303370786517,1.85930853988779e-07,0.93898110077945
"835",145,2012,"Nissan","Regular","シーマ",1978,"3.5",0,7.63269230769231,"DAA-HGY51",5,"ハイオク",16.6,54171475,14.264064,0.158549222797927,3.65136817854784e-05,0.919761848832804
"836",145,2013,"Nissan","Regular","シーマ",808,"3.5",0,7.60108695652174,"DAA-HGY51",5,"ハイオク",16.6,54594744,14.264064,0.158549222797927,1.47999594979326e-05,0.919563190918159
"837",145,2014,"Nissan","Regular","シーマ",434,"3.5",0,7.61334677419355,"DAA-HGY51",5,"ハイオク",16.6,55952365,14.264064,0.158549222797927,7.75659795613644e-06,0.918813422810635
"838",145,2015,"Nissan","Regular","シーマ",238,"3.5",0,7.55244,"DAA-HGY51",5,"ハイオク",16.6,56412140,14.264064,0.158549222797927,4.21895003451385e-06,0.92791704055191
"839",145,2016,"Nissan","Regular","シーマ",245,"3.5",0,7.56,"DAA-HGY51",5,"ハイオク",16.6,56950757,14.264064,0.158549222797927,4.301962131952e-06,0.930048041328055
"840",151,2010,"Nissan","Regular","ジューク",22803,"1.5 15RS",1,1.7505792746114,"DBA-YF15",5,"レギュラー",17.2,53362801,11.421800375,0.0974358974358974,0.000427320147606195,0.924956956438625
"841",151,2011,"Nissan","Regular","ジューク",34224,"1.5 15RS",1,1.75421495327103,"DBA-YF15",5,"レギュラー",17.2,53783435,11.421800375,0.0974358974358974,0.000636329754691198,0.93898110077945
"842",151,2012,"Nissan","Regular","ジューク",33648,"1.5 15RS タイプV",1,1.68230769230769,"DBA-YF15",5,"レギュラー",17.2,54171475,11.421800375,0.0974358974358974,0.000621138708148523,0.919761848832804
"843",151,2013,"Nissan","Regular","ジューク",20382,"1.5 15RS タイプV",1,1.74669875776398,"DBA-YF15",5,"レギュラー",18,54594744,11.421800375,0.0966101694915254,0.000373332641691662,0.919563190918159
"844",151,2014,"Nissan","Regular","ジューク",14444,"1.5 15RS",1,1.75026411290323,"DBA-YF15",5,"レギュラー",18,55952365,11.421800375,0.095,0.000258148158706071,0.918813422810635
"845",151,2015,"Nissan","Regular","ジューク",9622,"1.5 15RX シンプルパッケージ",1,1.736262,"DBA-YF15",5,"レギュラー",18,56412140,11.421800375,0.095,0.000170566122823917,0.92791704055191
"846",151,2016,"Nissan","Regular","ジューク",8794,"1.5 15RX シンプルパッケージ",1,1.738,"DBA-YF15",5,"レギュラー",18,56950757,11.421800375,0.095,0.000154414101993412,0.930048041328055
"847",144,2006,"Nissan","Regular","シルフィ",35200,"1.5 15S",0,1.83458333333333,"DBA-G11",5,"レギュラー",16.6,51102005,11.720925,0.0939655172413793,0.000688818374151856,0.915227533635911
"848",144,2007,"Nissan","Regular","シルフィ",20187,"1.5 15S",0,1.83458333333333,"DBA-G11",5,"レギュラー",16.6,51713048,11.720925,0.0939655172413793,0.000390365696487277,0.920174188920367
"849",144,2008,"Nissan","Regular","シルフィ",13585,"1.5 15S",0,1.86729918864097,"DBA-G11",5,"レギュラー",16.6,52324877,11.720925,0.0939655172413793,0.000259627939498071,0.923564101259139
"850",144,2009,"Nissan","Regular","シルフィ",7770,"1.5 15S",0,1.89419444444444,"DBA-G11",5,"レギュラー",16.6,52877802,11.720925,0.0939655172413793,0.000146942567695987,0.929189662611165
"851",144,2010,"Nissan","Regular","シルフィ",5842,"1.5 15S",0,1.90793471502591,"DBA-G11",5,"レギュラー",16.6,53362801,11.720925,0.0939655172413793,0.000109477011898232,0.924956956438625
"852",144,2011,"Nissan","Regular","シルフィ",4518,"1.5 15S",0,1.91189719626168,"DBA-G11",5,"レギュラー",16.6,53783435,11.720925,0.0939655172413793,8.40035598321305e-05,0.93898110077945
"853",144,2012,"Nissan","Regular","シルフィ",5675,"1.5 15S",0,1.91388461538462,"DBA-G11",5,"レギュラー",16.6,54171475,11.720925,0.0939655172413793,0.000104759931310713,0.919761848832804
"854",144,2013,"Nissan","Regular","シルフィ",11166,"1.8 S",0,2.00317080745342,"DBA-TB17",5,"レギュラー",15.6,54594744,12.142988,0.10650406504065,0.000204525182863757,0.919563190918159
"855",144,2014,"Nissan","Regular","シルフィ",5867,"1.8 S",0,2.00706350806452,"DBA-TB17",5,"レギュラー",15.6,55952365,12.142988,0.10650406504065,0.00010485705117201,0.918813422810635
"856",144,2015,"Nissan","Regular","シルフィ",4707,"1.8 S",0,1.991007,"DBA-TB17",5,"レギュラー",15.6,56412140,12.142988,0.10650406504065,8.34394866069608e-05,0.92791704055191
"857",144,2016,"Nissan","Regular","シルフィ",4527,"1.8 S",0,1.993,"DBA-TB17",5,"レギュラー",15.6,56950757,12.142988,0.10650406504065,7.94897247810069e-05,0.930048041328055
"858",153,2006,"Nissan","Regular","スカイライン",7362,"2.5 250GT",0,2.849,"GH-V35",5,"ハイオク",12,51102005,12.219375,0.14527027027027,0.000144064797457556,0.915227533635911
"859",153,2007,"Nissan","Regular","スカイライン",22476,"2.5 250GT",0,2.87058333333333,"DBA-V36",5,"ハイオク",11.2,51713048,12.2037075,0.144230769230769,0.000434629186815676,0.920174188920367
"860",153,2008,"Nissan","Regular","スカイライン",12501,"2.5 250GT",0,2.82982454361055,"DBA-V36",5,"ハイオク",11.2,52324877,12.2037075,0.144230769230769,0.000238911216169701,0.923564101259139
"861",153,2009,"Nissan","Regular","スカイライン",6864,"2.5 250GT",0,2.9785,"DBA-V36",5,"ハイオク",11.2,52877802,12.2037075,0.143312101910828,0.000129808723895142,0.929189662611165
"862",153,2010,"Nissan","Regular","スカイライン",8970,"2.5 250GT Aパッケージ",0,3.00010569948187,"DBA-V36",5,"ハイオク",12.2,53362801,12.26787,0.142405063291139,0.000168094624568152,0.924956956438625
"863",153,2011,"Nissan","Regular","スカイライン",4624,"2.5 250GT Aパッケージ",0,3.00633644859813,"DBA-V36",5,"ハイオク",12.2,53783435,12.26787,0.142405063291139,8.59744268844115e-05,0.93898110077945
"864",153,2012,"Nissan","Regular","スカイライン",4694,"2.5 250GT Aパッケージ",0,3.00946153846154,"DBA-V36",5,"ハイオク",12.2,54171475,12.26787,0.142405063291139,8.66507696162971e-05,0.919761848832804
"865",153,2013,"Nissan","Regular","スカイライン",2614,"2.5 250GT",0,3.09214285714286,"DBA-V36",5,"ハイオク",11.4,54594744,12.26787,0.142405063291139,4.78800669895989e-05,0.919563190918159
"866",153,2014,"Nissan","Regular","スカイライン",12494,"2.5 250GT",0,3.09770564516129,"DBA-V36",5,"ハイオク",11.4,55952365,12.26787,0.142405063291139,0.00022329708494002,0.918813422810635
"867",153,2015,"Nissan","Regular","スカイライン",6143,"2.5 250GT",0,3.072924,"DBA-V36",5,"ハイオク",11.4,56412140,12.26787,0.142405063291139,0.000108895000260582,0.92791704055191
"868",153,2016,"Nissan","Regular","スカイライン",4203,"2.0 200GT-t",0,3.893,"DBA-YV37",5,"ハイオク",13.6,56950757,12.64081,0.127878787878788,7.38005993493642e-05,0.930048041328055
"869",157,2006,"Nissan","Regular","ステージア",3833,"2.5 250RX",0,2.89216666666667,"GH-M35",5,"ハイオク",11,51102005,12.716616,0.136942675159236,7.500684170807e-05,0.915227533635911
"870",157,2007,"Nissan","Regular","ステージア",1437,"2.5 250RX",0,2.89216666666667,"GH-M35",5,"ハイオク",11,51713048,12.716616,0.136942675159236,2.77879578863733e-05,0.920174188920367
"871",163,2006,"Nissan","Regular","セドリック",4428,"2.0 スーパーカスタム",0,2.48722222222222,"LA-QJY31",5,"ガス",8.9,51102005,11.48709975,0.0611510791366906,8.66502204756937e-05,0.915227533635911
"872",163,2007,"Nissan","Regular","セドリック",3833,"2.0 スーパーカスタム",0,2.48722222222222,"LA-QJY31",5,"ガス",8.9,51713048,11.48709975,0.0611510791366906,7.41205585097208e-05,0.920174188920367
"873",163,2008,"Nissan","Regular","セドリック",3049,"2.0 スーパーカスタム",0,2.45190669371197,"LA-QJY31",5,"ガス",8.9,52324877,11.48709975,0.0611510791366906,5.82705622031371e-05,0.923564101259139
"874",163,2009,"Nissan","Regular","セドリック",2301,"2.0 オリジナル",0,2.13161111111111,"ABA-QJY31",5,"ガス",8.9,52877802,11.48709975,0.0598591549295775,4.35154244875761e-05,0.929189662611165
"875",163,2010,"Nissan","Regular","セドリック",1060,"2.0 オリジナル",0,2.29097098445596,"ABA-QJY31",5,"ガス",10,53362801,11.48709975,0.0582191780821918,1.9864024753873e-05,0.924956956438625
"876",163,2011,"Nissan","Regular","セドリック",1162,"2.0 オリジナル",0,2.29572897196262,"ABA-QJY31",5,"ガス",10,53783435,11.48709975,0.0582191780821918,2.16051652334962e-05,0.93898110077945
"877",163,2012,"Nissan","Regular","セドリック",1793,"2.0 オリジナル",0,2.36665384615385,"ABA-QJY31",5,"ガス",10,54171475,11.48709975,0.0578231292517007,3.30986003242481e-05,0.919761848832804
"878",163,2013,"Nissan","Regular","セドリック",1795,"2.0 オリジナル",0,2.35685403726708,"ABA-QJY31",5,"ガス",10,54594744,11.48709975,0.0578231292517007,3.28786228945409e-05,0.919563190918159
"879",163,2014,"Nissan","Regular","セドリック",1563,"2.0 オリジナル",0,2.36054032258065,"ABA-QJY31",5,"ガス",10,55952365,11.48709975,0.0578231292517007,2.79344760494038e-05,0.918813422810635
"880",163,2015,"Nissan","Regular","セドリック",686,"2.0 オリジナル",0,2.341656,"ABA-QJY31",5,"ガス",10,56412140,11.48709975,0.0578231292517007,1.21605030406576e-05,0.92791704055191
"881",163,2016,"Nissan","Regular","セドリック",376,"2.0 オリジナル",0,2.344,"ABA-QJY31",5,"ガス",10,56950757,11.48709975,0.0578231292517007,6.60219494536306e-06,0.930048041328055
"882",167,2006,"Nissan","Regular","セレナワゴン",80901,"2.0 20S",0,2.15833333333333,"DBA-C25",8,"レギュラー",13.2,51102005,14.50242,0.0850931677018634,0.00158312770702441,0.915227533635911
"883",167,2007,"Nissan","Regular","セレナワゴン",77544,"2.0 20S",0,2.15833333333333,"DBA-C25",8,"レギュラー",13.2,51713048,14.50242,0.0850931677018634,0.00149950550197699,0.920174188920367
"884",167,2008,"Nissan","Regular","セレナワゴン",72927,"2.0 20S",0,2.16010953346856,"DBA-C25",8,"レギュラー",12,52324877,14.595984,0.0850931677018634,0.00139373476214765,0.923564101259139
"885",167,2009,"Nissan","Regular","セレナワゴン",78836,"2.0 20S",0,2.22308333333333,"DBA-C25",8,"レギュラー",12,52877802,14.595984,0.0850931677018634,0.00149090917205674,0.929189662611165
"886",167,2010,"Nissan","Regular","セレナワゴン",75040,"2.0 20S",0,2.23920932642487,"DBA-C26",8,"レギュラー",13.8,53362801,14.810104875,0.091875,0.00140622303540626,0.924956956438625
"887",167,2011,"Nissan","Regular","セレナワゴン",84359,"2.0 20S",0,2.24385981308411,"DBA-C26",8,"レギュラー",13.8,53783435,14.810104875,0.091875,0.00156849409116394,0.93898110077945
"888",167,2012,"Nissan","Regular","セレナワゴン",96020,"2.0 20S",0,2.24619230769231,"DBA-C26",8,"レギュラー",13.8,54171475,14.810104875,0.091304347826087,0.00177251957787747,0.919761848832804
"889",167,2013,"Nissan","Regular","セレナワゴン",96407,"2.0 20S",0,2.23689130434783,"DBA-C26",8,"レギュラー",13.8,54594744,14.810104875,0.091304347826087,0.00176586595955098,0.919563190918159
"890",167,2014,"Nissan","Regular","セレナワゴン",76909,"2.0 20S",0,2.26184879032258,"DBA-C26",8,"レギュラー",13.8,55952365,14.810104875,0.091304347826087,0.00137454422167857,0.918813422810635
"891",167,2015,"Nissan","Regular","セレナワゴン",61796,"2.0 20S",0,2.282715,"DBA-C26",8,"レギュラー",13.8,56412140,14.810104875,0.091304347826087,0.00109543796778495,0.92791704055191
"892",167,2016,"Nissan","Regular","セレナワゴン",73502,"2.0 B",0,2.317,"DBA-C27",8,"レギュラー",15,56950757,14.82591075,0.0925925925925926,0.00129062375764382,0.930048041328055
"893",174,2006,"Nissan","Regular","ティアナ",16640,"2.3 230JK",0,2.48208333333333,"CBA-J31",5,"レギュラー",11.2,51102005,12.4962,0.117687074829932,0.000325623231417241,0.915227533635911
"894",174,2007,"Nissan","Regular","ティアナ",9778,"2.3 230JK",0,2.48208333333333,"CBA-J31",5,"レギュラー",11.2,51713048,12.4962,0.117687074829932,0.000189081873495447,0.920174188920367
"895",174,2008,"Nissan","Regular","ティアナ",15832,"2.5 250XE",0,2.50053955375254,"CBA-J32",5,"レギュラー",12,52324877,12.84098125,0.125,0.000302571184257156,0.923564101259139
"896",174,2009,"Nissan","Regular","ティアナ",8289,"2.5 250XE",0,2.62288888888889,"CBA-J32",5,"レギュラー",12,52877802,12.84098125,0.125,0.000156757650403094,0.929189662611165
"897",174,2010,"Nissan","Regular","ティアナ",5616,"2.5 250XE",0,2.66572538860104,"DBA-J32",5,"レギュラー",12.6,53362801,12.84098125,0.124161073825503,0.000105241851903539,0.924956956438625
"898",174,2011,"Nissan","Regular","ティアナ",4503,"2.5 250XE",0,2.67126168224299,"DBA-J32",5,"レギュラー",12.6,53783435,12.84098125,0.124161073825503,8.37246635511473e-05,0.93898110077945
"899",174,2012,"Nissan","Regular","ティアナ",4187,"2.5 250XE",0,2.68234615384615,"DBA-J32",5,"レギュラー",11.4,54171475,12.84098125,0.124161073825503,7.72916004225471e-05,0.919761848832804
"900",174,2013,"Nissan","Regular","ティアナ",3451,"2.5 250XE",0,2.67123913043478,"DBA-J32",5,"レギュラー",11.4,54594744,12.84098125,0.124161073825503,6.321121315268e-05,0.919563190918159
"901",174,2014,"Nissan","Regular","ティアナ",7281,"2.5 XE",0,2.44714717741935,"DBA-L33",5,"レギュラー",14.4,55952365,13.127688,0.118493150684932,0.000130128547738777,0.918813422810635
"902",174,2015,"Nissan","Regular","ティアナ",5601,"2.5 XE",0,2.496501,"DBA-L33",5,"レギュラー",14.4,56412140,13.127688,0.118493150684932,9.92871392576137e-05,0.92791704055191
"903",174,2016,"Nissan","Regular","ティアナ",5076,"2.5 XE",0,2.564,"DBA-L33",5,"レギュラー",14.4,56950757,13.127688,0.118493150684932,8.91296317624013e-05,0.930048041328055
"904",182,2009,"Nissan","Regular","デュアリス",9840,"2.0 20S",0,2.14188888888889,"DBA-J10",5,"レギュラー",14.2,52877802,12.4043305,0.0985611510791367,0.000186089429360169,0.929189662611165
"905",182,2010,"Nissan","Regular","デュアリス",9299,"2.0 20S",0,2.17191917098446,"DBA-KJ10",5,"レギュラー",15,53362801,12.4043305,0.0978571428571429,0.00017425996810025,0.924956956438625
"906",182,2011,"Nissan","Regular","デュアリス",6374,"2.0 20S",0,2.17642990654206,"DBA-KJ10",5,"レギュラー",15,53783435,12.4043305,0.0978571428571429,0.000118512326332448,0.93898110077945
"907",182,2012,"Nissan","Regular","デュアリス",5771,"2.0 20S",0,2.17869230769231,"DBA-KJ10",5,"レギュラー",15,54171475,12.4043305,0.0978571428571429,0.000106532081690595,0.919761848832804
"908",182,2013,"Nissan","Regular","デュアリス",2523,"2.0 20S",0,2.16967080745342,"DBA-KJ10",5,"レギュラー",15,54594744,12.4043305,0.0978571428571429,4.62132398679257e-05,0.919563190918159
"909",182,2014,"Nissan","Regular","デュアリス",209,"2.0 20S",0,2.11280443548387,"DBA-KJ10",5,"レギュラー",15,55952365,12.4043305,0.0978571428571429,3.73532021389981e-06,0.918813422810635
"910",213,2006,"Nissan","Regular","フーガ",14671,"2.5 250XV",0,3.64758333333333,"CBA-Y50",5,"ハイオク",11.2,51102005,13.0914735,0.128834355828221,0.000287092453613121,0.915227533635911
"911",213,2007,"Nissan","Regular","フーガ",8551,"2.5 250XV",0,3.64758333333333,"CBA-Y50",5,"ハイオク",11.2,51713048,13.0914735,0.128834355828221,0.000165354786281404,0.920174188920367
"912",213,2008,"Nissan","Regular","フーガ",8191,"2.5 250GT",0,4.02132961460446,"DBA-Y50",5,"ハイオク",11.2,52324877,13.4369615,0.133532934131737,0.000156541218434207,0.923564101259139
"913",213,2009,"Nissan","Regular","フーガ",5330,"2.5 250GT Aパッケージ",0,4.10083333333333,"DBA-Y51",5,"ハイオク",12.2,52877802,13.6852875,0.133136094674556,0.000100798440903425,0.929189662611165
"914",213,2010,"Nissan","Regular","フーガ",10091,"2.5 250GT Aパッケージ",0,4.13058031088083,"DBA-Y51",5,"ハイオク",12.2,53362801,13.6852875,0.133136094674556,0.000189101767727672,0.924956956438625
"915",213,2011,"Nissan","Regular","フーガ",7289,"2.5 250GT Aパッケージ",0,4.13915887850467,"DBA-Y51",5,"ハイオク",12.2,53783435,13.6852875,0.133136094674556,0.000135524999472421,0.93898110077945
"916",213,2012,"Nissan","Regular","フーガ",5606,"2.5 250GT Aパッケージ",0,4.14346153846154,"DBA-Y51",5,"ハイオク",11.2,54171475,13.6852875,0.133136094674556,0.000103486198225173,0.919761848832804
"917",213,2013,"Nissan","Regular","フーガ",3922,"2.5 250GT Aパッケージ",0,4.12630434782609,"DBA-Y51",5,"ハイオク",11.2,54594744,13.6852875,0.133136094674556,7.18384172659551e-05,0.919563190918159
"918",213,2014,"Nissan","Regular","フーガ",2020,"2.5 250GT Aパッケージ",0,4.13295967741935,"DBA-Y51",5,"ハイオク",11.2,55952365,13.6852875,0.133136094674556,3.61021379525244e-05,0.918813422810635
"919",213,2015,"Nissan","Regular","フーガ",4319,"2.5 250GT Aパッケージ",0,4.099896,"DBA-Y51",5,"ハイオク",11.2,56412140,13.78215,0.132352941176471,7.65615344498542e-05,0.92791704055191
"920",213,2016,"Nissan","Regular","フーガ",2907,"2.5 250GT",0,4.776,"DBA-Y51",5,"ハイオク",11.2,56950757,13.78215,0.131578947368421,5.10440976227937e-05,0.930048041328055
"921",206,2006,"Nissan","Regular","フェアレディZ",3371,"3.5",0,3.47491666666667,"CBA-Z33",2,"ハイオク",9,51102005,10.298718375,0.189189189189189,6.59661005473269e-05,0.915227533635911
"922",206,2007,"Nissan","Regular","フェアレディZ",3290,"3.5",0,3.56125,"CBA-Z33",2,"ハイオク",9.2,51713048,10.298718375,0.21006711409396,6.36203071998386e-05,0.920174188920367
"923",206,2008,"Nissan","Regular","フェアレディZ",2366,"3.5",0,3.5106845841785,"CBA-Z33",2,"ハイオク",9.2,52324877,10.298718375,0.21006711409396,4.52174975967932e-05,0.923564101259139
"924",206,2009,"Nissan","Regular","フェアレディZ",3742,"3.7",0,3.83155555555556,"CBA-Z34",2,"ハイオク",9.8,52877802,10.31124375,0.225503355704698,7.07669354335114e-05,0.929189662611165
"925",206,2010,"Nissan","Regular","フェアレディZ",1921,"3.7",0,3.88108911917098,"CBA-Z34",2,"ハイオク",9.8,53362801,10.31124375,0.225503355704698,3.59988599548963e-05,0.924956956438625
"926",206,2011,"Nissan","Regular","フェアレディZ",1301,"3.7",0,3.88914953271028,"CBA-Z34",2,"ハイオク",9.8,53783435,10.31124375,0.225503355704698,2.41896041039402e-05,0.93898110077945
"927",206,2012,"Nissan","Regular","フェアレディZ",1342,"3.7",0,3.92538461538462,"CBA-Z34",2,"ハイオク",9.2,54171475,10.3355055,0.222516556291391,2.47731855187624e-05,0.919761848832804
"928",206,2013,"Nissan","Regular","フェアレディZ",1082,"3.7",0,3.90913043478261,"CBA-Z34",2,"ハイオク",9.2,54594744,10.3355055,0.222516556291391,1.98187576445088e-05,0.919563190918159
"929",206,2014,"Nissan","Regular","フェアレディZ",804,"3.7",0,3.91543548387097,"CBA-Z34",2,"ハイオク",9.2,55952365,10.3355055,0.222516556291391,1.43693657989256e-05,0.918813422810635
"930",206,2015,"Nissan","Regular","フェアレディZ",723,"3.7",0,3.90609,"CBA-Z34",2,"ハイオク",9.2,56412140,10.3355055,0.222516556291391,1.28163902308971e-05,0.92791704055191
"931",206,2016,"Nissan","Regular","フェアレディZ",684,"3.7",0,3.91,"CBA-Z34",2,"ハイオク",9.2,56950757,10.3355055,0.222516556291391,1.20103759112456e-05,0.930048041328055
"932",219,2006,"Nissan","Regular","プレサージュ",12494,"2.5 250XG",0,2.54683333333333,"DBA-TU31",8,"レギュラー",11,51102005,14.755545,0.0958823529411765,0.000244491385416287,0.915227533635911
"933",219,2007,"Nissan","Regular","プレサージュ",8174,"2.5 250XG",0,2.52525,"DBA-TU31",8,"レギュラー",11,51713048,14.755545,0.0958823529411765,0.000158064556550602,0.920174188920367
"934",219,2008,"Nissan","Regular","プレサージュ",3700,"2.5 250XG",0,2.60084482758621,"DBA-TU31",8,"レギュラー",11,52324877,14.755545,0.0953216374269006,7.07120630211897e-05,0.923564101259139
"935",219,2009,"Nissan","Regular","プレサージュ",1040,"2.5 250XG",0,2.63830555555556,"DBA-TU31",8,"レギュラー",11,52877802,14.755545,0.0953216374269006,1.96679884689609e-05,0.929189662611165
"936",220,2006,"Nissan","Regular","プレジデント",252,"4.5 ソブリン",0,8.63333333333333,"UA-PGF50",5,"ハイオク",7.8,51102005,14.00355,0.149732620320856,4.93131336040533e-06,0.915227533635911
"937",220,2007,"Nissan","Regular","プレジデント",187,"4.5 ソブリン",0,8.63333333333333,"UA-PGF50",5,"ハイオク",7.8,51713048,14.00355,0.149732620320856,3.61610864631302e-06,0.920174188920367
"938",220,2008,"Nissan","Regular","プレジデント",103,"4.5 ソブリン",0,9.14905679513185,"CBA-PGF50",5,"ハイオク",7.8,52324877,14.00355,0.148936170212766,1.96847094356285e-06,0.923564101259139
"939",220,2009,"Nissan","Regular","プレジデント",54,"4.5 ソブリン",0,9.28083333333333,"CBA-PGF50",5,"ハイオク",7.8,52877802,14.00355,0.148936170212766,1.02122247819605e-06,0.929189662611165
"940",220,2010,"Nissan","Regular","プレジデント",65,"4.5 ソブリン",0,9.34815544041451,"CBA-PGF50",5,"ハイオク",7.8,53362801,14.00355,0.148936170212766,1.21807698962429e-06,0.924956956438625
"941",235,2006,"Nissan","Regular","ムラーノ",9386,"2.5 250XL",0,2.97438888888889,"CBA-TZ50",5,"レギュラー",10.6,51102005,15.110406,0.099390243902439,0.000183671853971287,0.915227533635911
"942",235,2007,"Nissan","Regular","ムラーノ",7159,"2.5 250XL",0,2.97438888888889,"CBA-TZ50",5,"レギュラー",10.6,51713048,15.110406,0.099390243902439,0.000138437014967673,0.920174188920367
"943",235,2008,"Nissan","Regular","ムラーノ",5954,"2.5 250XL FOUR 4WD",0,3.19153144016227,"CBA-TNZ51",5,"レギュラー",11.4,52324877,15.5437375,0.0977011494252874,0.000113789087358963,0.923564101259139
"944",235,2009,"Nissan","Regular","ムラーノ",4544,"2.5 250XL FOUR 4WD",0,3.2375,"CBA-TNZ51",5,"レギュラー",11.4,52877802,15.5437375,0.0977011494252874,8.59339803874601e-05,0.929189662611165
"945",235,2010,"Nissan","Regular","ムラーノ",3474,"2.5 250XL",0,3.07671295336788,"CBA-TZ51",5,"レギュラー",11.6,53362801,15.4617125,0.102409638554217,6.51015301839197e-05,0.924956956438625
"946",235,2011,"Nissan","Regular","ムラーノ",3648,"2.5 250XL",0,3.08310280373832,"CBA-TZ51",5,"レギュラー",11.6,53783435,15.5258025,0.103030303030303,6.78275755351067e-05,0.93898110077945
"947",235,2012,"Nissan","Regular","ムラーノ",2893,"2.5 250XL",0,3.08630769230769,"CBA-TZ51",5,"レギュラー",11.6,54171475,15.5258025,0.103030303030303,5.34044900937255e-05,0.919761848832804
"948",235,2013,"Nissan","Regular","ムラーノ",2028,"2.5 250XL",0,3.07352795031056,"CBA-TZ51",5,"レギュラー",11.6,54594744,15.5258025,0.103030303030303,3.71464329972863e-05,0.919563190918159
"949",235,2014,"Nissan","Regular","ムラーノ",694,"2.5 250XL",0,3.07756451612903,"CBA-TZ51",5,"レギュラー",11.6,55952365,15.5258025,0.103030303030303,1.24034077916099e-05,0.918813422810635
"950",235,2015,"Nissan","Regular","ムラーノ",63,"2.5 250XL",0,3.052944,"CBA-TZ51",5,"レギュラー",11.6,56412140,15.5258025,0.103030303030303,1.11678089148896e-06,0.92791704055191
"951",245,2006,"Nissan","Regular","ラフェスタ",18102,"2.0 20S パノラミックルーフレス仕様",0,1.83458333333333,"DBA-B30",7,"レギュラー",15,51102005,12.19044,0.0978571428571429,0.000354232676389116,0.915227533635911
"952",245,2007,"Nissan","Regular","ラフェスタ",13907,"2.0 20S",0,1.92091666666667,"DBA-B30",7,"レギュラー",15,51713048,12.28536,0.0978571428571429,0.000268926325905214,0.920174188920367
"953",245,2008,"Nissan","Regular","ラフェスタ",9234,"2.0 20S",0,1.93112981744422,"DBA-B30",7,"レギュラー",15,52324877,12.28536,0.0978571428571429,0.000176474375658829,0.923564101259139
"954",245,2009,"Nissan","Regular","ラフェスタ",6148,"2.0 ジョイ X",0,1.84280555555556,"DBA-B30",7,"レギュラー",15,52877802,12.28536,0.0971631205673759,0.000116268070295358,0.929189662611165
"955",245,2010,"Nissan","Regular","ラフェスタ",10504,"2.0 ジョイ X",0,1.85617305699482,"DBA-B30",7,"レギュラー",15,53362801,12.28536,0.0971631205673759,0.000196841241523285,0.924956956438625
"956",245,2011,"Nissan","Regular","ラフェスタ",16242,"2.0",0,2.16190654205607,"DBA-CWEFWN",7,"レギュラー",14,53783435,13.04314375,0.1,0.000301988893048575,0.93898110077945
"957",245,2012,"Nissan","Regular","ラフェスタ",14128,"2.0",0,2.16415384615385,"DBA-CWEFWN",7,"レギュラー",14,54171475,13.04314375,0.1,0.000260801464239251,0.919761848832804
"958",245,2013,"Nissan","Regular","ラフェスタ",8411,"2.0",0,2.21827639751553,"DBA-CWFFWN",7,"レギュラー",16.2,54594744,13.04314375,0.102027027027027,0.000154062449674643,0.919563190918159
"959",245,2014,"Nissan","Regular","ラフェスタ",3703,"2.0",0,2.22156653225806,"DBA-CWFFWN",7,"レギュラー",16.2,55952365,13.04314375,0.102027027027027,6.61812954644545e-05,0.918813422810635
"960",245,2015,"Nissan","Regular","ラフェスタ",2183,"2.0",0,2.203794,"DBA-CWFFWN",7,"レギュラー",16.2,56412140,13.04314375,0.102027027027027,3.86973442241333e-05,0.92791704055191
"961",245,2016,"Nissan","Regular","ラフェスタ",1729,"2.0",0,2.304,"DBA-CWFFWN",7,"レギュラー",16.2,56950757,13.04314375,0.101342281879195,3.03595613312041e-05,0.930048041328055
"962",53,2009,"Nissan","Regular","NV200バネット",1361,"1.6 16S",0,1.91577777777778,"DBA-M20",7,"レギュラー",12.8,52877802,13.7973,0.0813432835820895,2.57385887560152e-05,0.929189662611165
"963",53,2010,"Nissan","Regular","NV200バネット",1153,"1.6 16S",0,1.92967461139896,"DBA-M20",7,"レギュラー",12.8,53362801,13.7973,0.0813432835820895,2.16068118313355e-05,0.924956956438625
"964",53,2011,"Nissan","Regular","NV200バネット",2122,"1.6 16S",0,1.93368224299065,"DBA-M20",7,"レギュラー",12.8,53783435,13.7973,0.0813432835820895,3.9454527216419e-05,0.93898110077945
"965",53,2012,"Nissan","Regular","NV200バネット",1898,"1.6 16X-2R",0,1.89103846153846,"DBA-M20",5,"レギュラー",13.2,54171475,13.7973,0.083206106870229,3.50368898022437e-05,0.919761848832804
"966",53,2013,"Nissan","Regular","NV200バネット",1492,"1.6 16X-2R",0,1.88320807453416,"DBA-M20",5,"レギュラー",13.2,54594744,13.7973,0.083206106870229,2.73286380828162e-05,0.919563190918159
"967",53,2014,"Nissan","Regular","NV200バネット",1484,"1.6 16X-2R",0,1.95167540322581,"DBA-M20",5,"レギュラー",13.2,55952365,13.7973,0.083206106870229,2.65225607532407e-05,0.918813422810635
"968",53,2015,"Nissan","Regular","NV200バネット",1712,"1.6 16X-2R",0,1.871127,"DBA-M20",5,"レギュラー",13.2,56412140,13.7973,0.083206106870229,3.0348077559192e-05,0.92791704055191
"969",53,2016,"Nissan","Regular","NV200バネット",1939,"1.6 16X-2R",0,1.873,"DBA-M20",5,"レギュラー",13.2,56950757,13.7973,0.083206106870229,3.40469574443058e-05,0.930048041328055
"970",98,2006,"Nissan","Regular","ウイングロード",35507,"1.5 15RS",0,1.53447222222222,"DBA-Y12",5,"レギュラー",16.6,51102005,11.187720375,0.0923728813559322,0.000694825966221873,0.915227533635911
"971",98,2007,"Nissan","Regular","ウイングロード",24852,"1.5 15RS",0,1.53447222222222,"DBA-Y12",5,"レギュラー",16.6,51713048,11.187720375,0.0923728813559322,0.000480575037851182,0.920174188920367
"972",98,2008,"Nissan","Regular","ウイングロード",16872,"1.5 15B",0,1.5126845841785,"DBA-Y12",5,"レギュラー",16.6,52324877,11.187720375,0.0923728813559322,0.000322447007376625,0.923564101259139
"973",98,2009,"Nissan","Regular","ウイングロード",13174,"1.5 15B",0,1.53447222222222,"DBA-Y12",5,"レギュラー",16.6,52877802,11.187720375,0.0923728813559322,0.000249140461625088,0.929189662611165
"974",98,2010,"Nissan","Regular","ウイングロード",10486,"1.5 15S",0,1.67397202072539,"DBA-Y12",5,"レギュラー",15,53362801,11.326329,0.0915966386554622,0.000196503927895389,0.924956956438625
"975",98,2011,"Nissan","Regular","ウイングロード",7290,"1.5 15S",0,1.67744859813084,"DBA-Y12",5,"レギュラー",15,53783435,11.326329,0.0915966386554622,0.00013554359255782,0.93898110077945
"976",98,2012,"Nissan","Regular","ウイングロード",7374,"1.5 15S",0,1.67919230769231,"DBA-Y12",5,"レギュラー",15,54171475,11.326329,0.0915966386554622,0.00013612330105466,0.919761848832804
"977",98,2013,"Nissan","Regular","ウイングロード",6001,"1.5 15S",0,1.67223913043478,"DBA-Y12",5,"レギュラー",15,54594744,11.326329,0.0915966386554622,0.000109919006122641,0.919563190918159
"978",98,2014,"Nissan","Regular","ウイングロード",5063,"1.5 15B",0,1.66667842741935,"DBA-Y12",5,"レギュラー",17.2,55952365,11.262554625,0.0908333333333333,9.04876853730848e-05,0.918813422810635
"979",98,2015,"Nissan","Regular","ウイングロード",3913,"1.5 15S",0,1.661337,"DBA-Y12",5,"レギュラー",15,56412140,11.326329,0.0915966386554622,6.93645020380365e-05,0.92791704055191
"980",98,2016,"Nissan","Regular","ウイングロード",3494,"1.5 15B",0,1.676,"DBA-Y12",5,"レギュラー",17.2,56950757,11.262554625,0.0908333333333333,6.13512477103685e-05,0.930048041328055
"981",123,2006,"Nissan","Regular","キューブ",57069,"1.4 14S",0,1.37927777777778,"DBA-BZ11",5,"レギュラー",16.4,51102005,10.215724,0.091588785046729,0.00111676635779751,0.915227533635911
"982",123,2007,"Nissan","Regular","キューブ",51847,"1.4 14S",0,1.40291666666667,"DBA-BZ11",5,"レギュラー",16.4,51713048,10.215724,0.0907407407407407,0.00100259029403952,0.920174188920367
"983",123,2008,"Nissan","Regular","キューブ",47295,"1.5 15S",0,1.46810446247465,"DBA-Z12",5,"レギュラー",17.4,52324877,10.8793575,0.0931623931623932,0.000903872167726261,0.923564101259139
"984",123,2009,"Nissan","Regular","キューブ",59760,"1.5 15S",0,1.48925,"DBA-Z12",5,"レギュラー",18,52877802,10.8793575,0.0931623931623932,0.00113015287587029,0.929189662611165
"985",123,2010,"Nissan","Regular","キューブ",54406,"1.5 15S",0,1.50005284974093,"DBA-Z12",5,"レギュラー",18,53362801,10.8793575,0.0931623931623932,0.00101954917996152,0.924956956438625
"986",123,2011,"Nissan","Regular","キューブ",35734,"1.5 15S",0,1.50316822429907,"DBA-Z12",5,"レギュラー",18,53783435,10.8793575,0.0931623931623932,0.000664405313643504,0.93898110077945
"987",123,2012,"Nissan","Regular","キューブ",40680,"1.5 15X",0,1.59196153846154,"DBA-Z12",5,"レギュラー",19,54171475,10.8793575,0.0925,0.000750948723474855,0.919761848832804
"988",123,2013,"Nissan","Regular","キューブ",20995,"1.5 15X",0,1.58536956521739,"DBA-Z12",5,"レギュラー",19,54594744,10.8793575,0.0925,0.000384560828786009,0.919563190918159
"989",123,2014,"Nissan","Regular","キューブ",14478,"1.5 15X",0,1.60927620967742,"DBA-Z12",5,"レギュラー",19,55952365,10.8793575,0.0925,0.000258755818453787,0.918813422810635
"990",123,2015,"Nissan","Regular","キューブ",11012,"1.5 15X",0,1.575423,"DBA-Z12",5,"レギュラー",19,56412140,10.8793575,0.0925,0.000195206209159943,0.92791704055191
"991",123,2016,"Nissan","Regular","キューブ",11024,"1.5 15X",0,1.62,"DBA-Z12",5,"レギュラー",19,56950757,10.8793575,0.0925,0.00019357073690873,0.930048041328055
"992",127,2006,"Nissan","Regular","クルー",2495,"2.0 E-L",0,1.66602777777778,"LA-QK30",5,"その他",9.3,51102005,11.3712465,0.06640625,4.8823916008775e-05,0.915227533635911
"993",127,2007,"Nissan","Regular","クルー",2124,"2.0 E-L",0,1.66602777777778,"LA-QK30",5,"その他",9.3,51713048,11.3712465,0.06640625,4.10728062287104e-05,0.920174188920367
"994",127,2008,"Nissan","Regular","クルー",1549,"2.0 E-L",0,1.64237221095335,"LA-QK30",5,"その他",9.3,52324877,11.3712465,0.06640625,2.96035096269792e-05,0.923564101259139
"995",127,2009,"Nissan","Regular","クルー",1372,"2.0 E-L",0,1.66602777777778,"LA-QK30",5,"その他",9.3,52877802,11.3712465,0.06640625,2.59466155571292e-05,0.929189662611165
"996",176,2006,"Nissan","Regular","ティーダ",69348,"1.5 15S",0,1.50055555555556,"DBA-C11",5,"レギュラー",16.8,51102005,10.940674125,0.0990909090909091,0.0013570504718944,0.915227533635911
"997",176,2007,"Nissan","Regular","ティーダ",62239,"1.5 15S",0,1.50055555555556,"DBA-C11",5,"レギュラー",16.8,51713048,10.940674125,0.0981981981981982,0.00120354537988169,0.920174188920367
"998",176,2008,"Nissan","Regular","ティーダ",65302,"1.5 15S",0,1.47924949290061,"DBA-C11",5,"レギュラー",16.8,52324877,11.05775625,0.0981981981981982,0.00124801057821885,0.923564101259139
"999",176,2009,"Nissan","Regular","ティーダ",57624,"1.5 15S",0,1.48719444444444,"DBA-C11",5,"レギュラー",16.8,52877802,11.05775625,0.0981981981981982,0.00108975785339943,0.929189662611165
"1000",176,2010,"Nissan","Regular","ティーダ",46825,"1.5 15S",0,1.55181450777202,"DBA-C11",5,"レギュラー",18,53362801,11.05775625,0.0973214285714286,0.000877483923679344,0.924956956438625
"1001",176,2011,"Nissan","Regular","ティーダ",27421,"1.5 15S",0,1.55503738317757,"DBA-C11",5,"レギュラー",18,53783435,11.05775625,0.0973214285714286,0.000509840994722632,0.93898110077945
"1002",176,2012,"Nissan","Regular","ティーダ",23227,"1.2 B",0,1.44138461538462,"DBA-N17",5,"レギュラー",22.6,54171475,11.213060625,0.0766990291262136,0.00042876809243241,0.919761848832804
"1003",176,2013,"Nissan","Regular","ティーダ",671,"1.2 B",0,1.43541614906832,"DBA-N17",5,"レギュラー",22.6,54594744,11.213060625,0.0766990291262136,1.22905604246445e-05,0.919563190918159
"1004",176,2014,"Nissan","Regular","ティーダ",10,"1.2 B",0,1.39779435483871,"DBA-N17",5,"レギュラー",22.6,55952365,11.213060625,0.0766990291262136,1.78723455210517e-07,0.918813422810635
"1005",190,2006,"Nissan","Regular","ノート",69863,"1.5 15S",0,1.32275,"DBA-E11",5,"レギュラー",18.2,51102005,10.3506585,0.101869158878505,0.00136712835435713,0.915227533635911
"1006",190,2007,"Nissan","Regular","ノート",55659,"1.5 15S",0,1.37516666666667,"DBA-E11",5,"レギュラー",19.4,51713048,10.3506585,0.1,0.00107630476548201,0.920174188920367
"1007",190,2008,"Nissan","Regular","ノート",62704,"1.5 15X",0,1.41744523326572,"DBA-E11",5,"レギュラー",17.6,52324877,10.428483,0.0990909090909091,0.00119835924315694,0.923564101259139
"1008",190,2009,"Nissan","Regular","ノート",65745,"1.5 15X",0,1.43786111111111,"DBA-E11",5,"レギュラー",18,52877802,10.428483,0.0990909090909091,0.00124333836720369,0.929189662611165
"1009",190,2010,"Nissan","Regular","ノート",66347,"1.5 15X",0,1.44829119170984,"DBA-E11",5,"レギュラー",18,53362801,10.428483,0.0990909090909091,0.0012433192927785,0.924956956438625
"1010",190,2011,"Nissan","Regular","ノート",46475,"1.5 15X SV",0,1.34756074766355,"DBA-E11",5,"レギュラー",18,53783435,10.428483,0.0990909090909091,0.000864113643912852,0.93898110077945
"1011",190,2012,"Nissan","Regular","ノート",85330,"1.2 S",0,1.29807692307692,"DBA-E12",5,"レギュラー",22.6,54171475,10.5979875,0.0766990291262136,0.00157518324911773,0.919761848832804
"1012",190,2013,"Nissan","Regular","ノート",147634,"1.2 S",0,1.29270186335404,"DBA-E12",5,"レギュラー",22.6,54594744,10.5979875,0.0766990291262136,0.00270417972836359,0.919563190918159
"1013",190,2014,"Nissan","Regular","ノート",106765,"1.2 S",0,1.25882056451613,"DBA-E12",5,"レギュラー",22.6,55952365,10.5979875,0.0766990291262136,0.00190814096955508,0.918813422810635
"1014",190,2015,"Nissan","Regular","ノート",97995,"1.2 X",0,1.462536,"DBA-E12",5,"レギュラー",23.4,56412140,10.5979875,0.0759615384615385,0.00173712608668985,0.92791704055191
"1015",190,2016,"Nissan","Regular","ノート",102402,"1.2 X",0,1.48,"DBA-E12",5,"レギュラー",23.4,56950757,10.5979875,0.0759615384615385,0.00179807969892305,0.930048041328055
"1016",232,2006,"Nissan","Regular","マーチ",50316,"1.2 12B",0,1.11513888888889,"DBA-AK12",5,"レギュラー",19,51102005,9.4298375,0.0947368421052632,0.000984618900960931,0.915227533635911
"1017",232,2007,"Nissan","Regular","マーチ",45693,"1.2 12B",0,1.13466666666667,"DBA-AK12",5,"レギュラー",19,51713048,9.4298375,0.0947368421052632,0.000883587445860859,0.920174188920367
"1018",232,2008,"Nissan","Regular","マーチ",46686,"1.2 12B",0,1.11855578093306,"DBA-AK12",5,"レギュラー",19,52324877,9.4298375,0.0947368421052632,0.000892233344380341,0.923564101259139
"1019",232,2009,"Nissan","Regular","マーチ",31433,"1.2 12B",0,1.13466666666667,"DBA-AK12",5,"レギュラー",19,52877802,9.4298375,0.0947368421052632,0.00059444603994697,0.929189662611165
"1020",232,2010,"Nissan","Regular","マーチ",22322,"1.2 12S",0,1.03523316062176,"DBA-K13",5,"レギュラー",21.4,53362801,9.5349555,0.0840425531914894,0.000418306377882975,0.924956956438625
"1021",232,2011,"Nissan","Regular","マーチ",55,"1.2 12S",0,1.03738317757009,"DBA-K13",5,"レギュラー",21.4,53783435,9.5349555,0.0840425531914894,1.02261969693829e-06,0.93898110077945
"1022",2,2006,"Peugeot","Foreign","206",3080,"スタイル",0,1.9425,"GH-T1KFW",5,"ハイオク",13.2,51102005,9.222408,0.0711538461538462,6.02716077382874e-05,0.915227533635911
"1023",3,2007,"Peugeot","Foreign","207",2799,"1.6",0,2.45638888888889,"ABA-A75FW",5,"ハイオク",11.6,51713048,10.367175,0.096,5.41256048183429e-05,0.920174188920367
"1024",3,2008,"Peugeot","Foreign","207",3703,"1.6",0,2.42151115618661,"ABA-A75FW",5,"ハイオク",11.6,52324877,10.367175,0.096,7.0769397126342e-05,0.923564101259139
"1025",3,2009,"Peugeot","Foreign","207",2745,"スタイル 1.6",0,2.04527777777778,"ABA-A75F01",5,"ハイオク",11.2,52877802,10.4057625,0.0991735537190083,5.19121426416325e-05,0.929189662611165
"1026",3,2010,"Peugeot","Foreign","207",3076,"スタイル 1.6",0,2.06011398963731,"ABA-A75F01",5,"ハイオク",11.2,53362801,10.4057625,0.0991735537190083,5.76431510782202e-05,0.924956956438625
"1027",3,2011,"Peugeot","Foreign","207",2354,"スタイル",0,2.06439252336449,"ABA-A75F01",5,"ハイオク",11.2,53783435,10.4057625,0.0991735537190083,4.37681230289586e-05,0.93898110077945
"1028",5,2006,"Peugeot","Foreign","307",3563,"フェリーヌ",0,2.37416666666667,"GH-T5NFU",5,"ハイオク",11.2,51102005,11.336688,0.0850393700787402,6.97232916790643e-05,0.915227533635911
"1029",6,2010,"Peugeot","Foreign","308",1718,"スタイル",0,2.62949222797927,"ABA-T75FW",5,"ハイオク",10,53362801,11.828817,0.0895522388059701,3.21947118180697e-05,0.924956956438625
"1030",55,2006,"Subaru","KEI","R1",2783,"660 R",1,1.30630555555556,"DBA-RJ1",4,"レギュラー",24,51102005,7.31651625,0.0666666666666667,5.44597027063811e-05,0.915227533635911
"1031",55,2007,"Subaru","KEI","R1",1435,"660 R",1,1.30630555555556,"DBA-RJ1",4,"レギュラー",24.5,51713048,7.31651625,0.0666666666666667,2.77492829275892e-05,0.920174188920367
"1032",55,2008,"Subaru","KEI","R1",1296,"660 R",1,1.28775760649087,"DBA-RJ1",4,"レギュラー",24.5,52324877,7.31651625,0.0666666666666667,2.47683334258005e-05,0.923564101259139
"1033",55,2009,"Subaru","KEI","R1",1112,"660 R",1,1.30630555555556,"DBA-RJ1",4,"レギュラー",24.5,52877802,7.31651625,0.0666666666666667,2.1029618439889e-05,0.929189662611165
"1034",55,2010,"Subaru","KEI","R1",1121,"660 R",1,1.31578134715026,"DBA-RJ1",4,"レギュラー",24.5,53362801,7.31651625,0.0666666666666667,2.10071431595204e-05,0.924956956438625
"1035",56,2006,"Subaru","KEI","R2",16079,"660 i",1,0.917805555555556,"DBA-RC1",4,"レギュラー",22.5,51102005,7.61159,0.0567901234567901,0.000314645188579196,0.915227533635911
"1036",56,2007,"Subaru","KEI","R2",9543,"660 F",1,0.84175,"DBA-RC1",4,"レギュラー",23,51713048,7.61159,0.0567901234567901,0.000184537565838316,0.920174188920367
"1037",56,2008,"Subaru","KEI","R2",8061,"660 F",1,0.829798174442191,"DBA-RC1",4,"レギュラー",23,52324877,7.61159,0.0567901234567901,0.000154056740544273,0.923564101259139
"1038",56,2009,"Subaru","KEI","R2",6522,"660 F",1,0.84175,"DBA-RC1",4,"レギュラー",23,52877802,7.61159,0.0567901234567901,0.000123340981533234,0.929189662611165
"1039",56,2010,"Subaru","KEI","R2",2698,"660 F",1,0.847855958549223,"DBA-RC1",4,"レギュラー",23,53362801,7.61159,0.0567901234567901,5.05595648924051e-05,0.924956956438625
"1040",140,2016,"Subaru","KEI","シフォン",471,"660 L スマートアシスト",0,1.285,"DBA-LA600F",4,"レギュラー",28,56950757,8.76334375,0.0565217391304348,8.27030271081384e-06,0.930048041328055
"1041",156,2006,"Subaru","KEI","ステラ",36294,"660 L",0,1.01441666666667,"DBA-RN1",4,"レギュラー",22.5,51102005,8.237543125,0.0627906976744186,0.000710226536121234,0.915227533635911
"1042",156,2007,"Subaru","KEI","ステラ",49958,"660 L",0,0.967138888888889,"DBA-RN1",4,"レギュラー",23,51713048,8.237543125,0.0627906976744186,0.000966061795467945,0.920174188920367
"1043",156,2008,"Subaru","KEI","ステラ",44834,"660 L",0,0.953406693711968,"DBA-RN1",4,"レギュラー",21,52324877,8.237543125,0.0627906976744186,0.000856839090132978,0.923564101259139
"1044",156,2009,"Subaru","KEI","ステラ",33680,"660 L",0,0.97125,"DBA-RN1",4,"レギュラー",21,52877802,8.237543125,0.0627906976744186,0.000636940241956351,0.929189662611165
"1045",156,2010,"Subaru","KEI","ステラ",29333,"660 L",0,0.978295336787565,"DBA-RN1",4,"レギュラー",21,53362801,8.237543125,0.0627906976744186,0.00054969003594845,0.924956956438625
"1046",156,2011,"Subaru","KEI","ステラ",24394,"660 L",0,1.17535514018692,"DBA-LA100F",4,"レギュラー",27,53783435,8.187466875,0.0641975308641975,0.000453559725220228,0.93898110077945
"1047",156,2012,"Subaru","KEI","ステラ",21821,"660 L",0,1.17657692307692,"DBA-LA100F",4,"レギュラー",25,54171475,8.187466875,0.0641975308641975,0.00040281347332706,0.919761848832804
"1048",156,2013,"Subaru","KEI","ステラ",23439,"660 L",0,1.11792857142857,"DBA-LA100F",4,"レギュラー",29,54594744,8.1123525,0.0641975308641975,0.000429327042910944,0.919563190918159
"1049",156,2014,"Subaru","KEI","ステラ",14927,"660 L",0,1.11883971774194,"DBA-LA100F",4,"レギュラー",29,55952365,8.1123525,0.0641975308641975,0.000266780501592739,0.918813422810635
"1050",156,2015,"Subaru","KEI","ステラ",15841,"660 L",0,1.132866,"DBA-LA150F",4,"レギュラー",31,56412140,8.16242875,0.0634146341463415,0.000280808350826613,0.92791704055191
"1051",156,2016,"Subaru","KEI","ステラ",11742,"660 L",0,1.134,"DBA-LA150F",4,"レギュラー",31,56950757,8.16242875,0.0634146341463415,0.000206178119809716,0.930048041328055
"1052",178,2006,"Subaru","KEI","ディアスワゴン",4447,"660",0,1.27444444444444,"TA-TW1",4,"レギュラー",15.8,51102005,9.5144875,0.051063829787234,8.70220258481052e-05,0.915227533635911
"1053",178,2007,"Subaru","KEI","ディアスワゴン",3425,"660",0,1.27444444444444,"TA-TW1",4,"レギュラー",15.8,51713048,9.5144875,0.051063829787234,6.62308669177651e-05,0.920174188920367
"1054",178,2008,"Subaru","KEI","ディアスワゴン",4184,"660",0,1.27762576064909,"ABA-TW1",4,"レギュラー",15.8,52324877,9.5144875,0.0505263157894737,7.99619653190967e-05,0.923564101259139
"1055",178,2009,"Subaru","KEI","ディアスワゴン",2956,"660 LS",0,1.40805555555556,"ABA-S321N",4,"レギュラー",15.2,52877802,9.389296875,0.065979381443299,5.59024749175467e-05,0.929189662611165
"1056",178,2010,"Subaru","KEI","ディアスワゴン",950,"660 LS",0,1.41826943005181,"ABA-S321N",4,"レギュラー",15.2,53362801,9.389296875,0.065979381443299,1.78026636945088e-05,0.924956956438625
"1057",178,2011,"Subaru","KEI","ディアスワゴン",1073,"660 LS",0,1.42121495327103,"ABA-S321N",4,"レギュラー",15.2,53783435,9.389296875,0.065979381443299,1.9950380632996e-05,0.93898110077945
"1058",178,2012,"Subaru","KEI","ディアスワゴン",933,"660 LS",0,1.42269230769231,"ABA-S321N",4,"レギュラー",15.2,54171475,9.389296875,0.065979381443299,1.72230865044749e-05,0.919761848832804
"1059",178,2013,"Subaru","KEI","ディアスワゴン",1027,"660 LS",0,1.41680124223603,"ABA-S321N",4,"レギュラー",15.2,54594744,9.389296875,0.065979381443299,1.88113346588822e-05,0.919563190918159
"1060",178,2014,"Subaru","KEI","ディアスワゴン",860,"660 LS",0,1.41894254032258,"ABA-S321N",4,"レギュラー",15.2,55952365,9.389296875,0.065979381443299,1.53702171481045e-05,0.918813422810635
"1061",178,2015,"Subaru","KEI","ディアスワゴン",653,"660 LS",0,1.407591,"ABA-S321N",4,"レギュラー",14.8,56412140,9.389296875,0.0653061224489796,1.15755225736872e-05,0.92791704055191
"1062",178,2016,"Subaru","KEI","ディアスワゴン",599,"660 LS",0,1.409,"ABA-S321N",4,"レギュラー",14.8,56950757,9.389296875,0.0653061224489796,1.05178584368949e-05,0.930048041328055
"1063",218,2006,"Subaru","KEI","プレオ",11265,"660 A",0,0.715333333333333,"LE-RV1",4,"レギュラー",21.5,51102005,7.76181875,0.0560975609756098,0.000220441448432405,0.915227533635911
"1064",218,2007,"Subaru","KEI","プレオ",3217,"660 A",0,0.715333333333333,"LE-RV1",4,"レギュラー",21.5,51713048,7.76181875,0.0560975609756098,6.22086712042191e-05,0.920174188920367
"1065",218,2008,"Subaru","KEI","プレオ",104,"660 A",0,0.705176470588235,"LE-RV1",4,"レギュラー",21.5,52324877,7.76181875,0.0560975609756098,1.98758231194695e-06,0.923564101259139
"1066",218,2010,"Subaru","KEI","プレオ",2856,"660 A",0,0.760896373056995,"HBD-L275B",4,"レギュラー",19.4,53362801,7.66166625,0.0805555555555556,5.35204289594918e-05,0.924956956438625
"1067",218,2011,"Subaru","KEI","プレオ",4405,"660 A",0,0.814345794392523,"HBD-L275B",4,"レギュラー",24,53783435,7.66166625,0.0783783783783784,8.19025411820573e-05,0.93898110077945
"1068",218,2012,"Subaru","KEI","プレオ",6600,"660 A",0,0.815192307692308,"HBD-L275B",4,"レギュラー",24,54171475,7.66166625,0.0783783783783784,0.000121835338616864,0.919761848832804
"1069",218,2013,"Subaru","KEI","プレオ",11822,"660 A",0,0.811816770186335,"HBD-L275B",4,"レギュラー",24,54594744,7.66166625,0.0783783783783784,0.000216540991565049,0.919563190918159
"1070",218,2014,"Subaru","KEI","プレオ",10410,"660 A",0,0.812694556451613,"HBD-L275B",4,"レギュラー",24,55952365,7.66166625,0.0783783783783784,0.000186051116874148,0.918813422810635
"1071",218,2015,"Subaru","KEI","プレオ",7073,"660 A",0,0.806193,"HBD-L275B",4,"レギュラー",24,56412140,7.66166625,0.0783783783783784,0.000125380813420657,0.92791704055191
"1072",218,2016,"Subaru","KEI","プレオ",6548,"660 A",0,0.807,"HBD-L275B",4,"レギュラー",24,56950757,7.66166625,0.0783783783783784,0.000114976522612333,0.930048041328055
"1073",248,2010,"Subaru","KEI","ルクラ",6647,"660 L スペシャル",1,1.18637720207254,"DBA-L455F",4,"レギュラー",21.5,53362801,8.66319125,0.0666666666666667,0.000124562426923579,0.924956956438625
"1074",248,2011,"Subaru","KEI","ルクラ",3840,"660 L スペシャル",1,1.17742990654206,"DBA-L455F",4,"レギュラー",23,53783435,8.66319125,0.0597701149425287,7.13974479316912e-05,0.93898110077945
"1075",248,2012,"Subaru","KEI","ルクラ",3641,"660 L スペシャル",1,1.23473076923077,"DBA-L455F",4,"レギュラー",25,54171475,8.66319125,0.0597701149425287,6.72124951369702e-05,0.919761848832804
"1076",248,2013,"Subaru","KEI","ルクラ",1742,"660 L スペシャル",1,1.22961801242236,"DBA-L455F",4,"レギュラー",24.8,54594744,8.66319125,0.0597701149425287,3.1907833472028e-05,0.919563190918159
"1077",248,2014,"Subaru","KEI","ルクラ",877,"660 L スペシャル",1,1.23163004032258,"DBA-L455F",4,"レギュラー",25,55952365,8.66319125,0.0597701149425287,1.56740470219623e-05,0.918813422810635
"1078",21,2012,"Subaru","Regular","BRZ",4830,"2.0 R",0,2.64392307692308,"DBA-ZC6",4,"ハイオク",12.8,54171475,9.7838,0.16260162601626,8.91613159877962e-05,0.919761848832804
"1079",21,2013,"Subaru","Regular","BRZ",4786,"2.0 R",0,2.6329751552795,"DBA-ZC6",4,"ハイオク",12.8,54594744,9.7838,0.16260162601626,8.76641165310712e-05,0.919563190918159
"1080",21,2014,"Subaru","Regular","BRZ",2822,"2.0 R",0,2.64855846774194,"DBA-ZC6",4,"ハイオク",12.8,55952365,9.93432,0.16260162601626,5.04357590604079e-05,0.918813422810635
"1081",21,2015,"Subaru","Regular","BRZ",2043,"2.0 R カスタマイズ パッケージ",0,2.476521,"DBA-ZC6",4,"ハイオク",12.8,56412140,9.93432,0.161290322580645,3.62156089097134e-05,0.92791704055191
"1082",21,2016,"Subaru","Regular","BRZ",2095,"2.0 R",0,2.738,"DBA-ZC6",4,"ハイオク",12.4,56950757,9.93432,0.161290322580645,3.67861659854671e-05,0.930048041328055
"1083",70,2014,"Subaru","Regular","WRX",5271,"S4 2.0GT アイサイト 4WD",0,3.371625,"DBA-VAG",5,"ハイオク",13.2,55952365,12.165836875,0.194805194805195,9.42051332414635e-05,0.918813422810635
"1084",70,2015,"Subaru","Regular","WRX",7295,"S4 2.0GT アイサイト 4WD",0,3.344652,"DBA-VAG",5,"ハイオク",13.2,56412140,12.165836875,0.194805194805195,0.000129316136562095,0.92791704055191
"1085",70,2016,"Subaru","Regular","WRX",7615,"S4 2.0GT アイサイト 4WD",0,3.348,"DBA-VAG",5,"ハイオク",13.2,56950757,12.165836875,0.194805194805195,0.000133712006672712,0.930048041328055
"1086",95,2006,"Subaru","Regular","インプレッサ",26039,"1.5 i",0,1.39263888888889,"LA-GD2",5,"レギュラー",15,51102005,10.873764,0.0833333333333333,0.000509549478538073,0.915227533635911
"1087",95,2007,"Subaru","Regular","インプレッサ",34013,"1.5 i",0,1.39263888888889,"LA-GD2",5,"レギュラー",15,51713048,10.873764,0.0833333333333333,0.000657725686561736,0.920174188920367
"1088",95,2008,"Subaru","Regular","インプレッサ",24737,"1.5 i",0,1.6494645030426,"DBA-GE2",5,"レギュラー",16.6,52324877,11.75457,0.0873015873015873,0.000472757919717613,0.923564101259139
"1089",95,2009,"Subaru","Regular","インプレッサ",21712,"1.5 i",0,1.67322222222222,"DBA-GE2",5,"レギュラー",16.6,52877802,11.75457,0.0873015873015873,0.000410607082344308,0.929189662611165
"1090",95,2010,"Subaru","Regular","インプレッサ",24074,"1.5 i",0,1.63049222797927,"DBA-GE2",5,"レギュラー",16.6,53362801,11.75457,0.0873015873015873,0.000451138237664848,0.924956956438625
"1091",95,2011,"Subaru","Regular","インプレッサ",21669,"1.5 i",0,1.6338785046729,"DBA-GE2",5,"レギュラー",16.6,53783435,11.75457,0.0873015873015873,0.000402893567508286,0.93898110077945
"1092",95,2012,"Subaru","Regular","インプレッサ",52017,"1.6 i",0,1.61376923076923,"DBA-GJ2",5,"レギュラー",16.4,54171475,11.674878,0.092,0.000960228607399005,0.919761848832804
"1093",95,2013,"Subaru","Regular","インプレッサ",58243,"1.6 i",0,1.60708695652174,"DBA-GJ2",5,"レギュラー",16.4,54594744,11.674878,0.092,0.00106682430821546,0.919563190918159
"1094",95,2014,"Subaru","Regular","インプレッサ",45841,"1.6 i",0,1.60927620967742,"DBA-GJ2",5,"レギュラー",16.4,55952365,11.6876235,0.092,0.000819286191030531,0.918813422810635
"1095",95,2015,"Subaru","Regular","インプレッサ",44024,"1.6 i",0,1.596402,"DBA-GJ2",5,"レギュラー",16.4,56412140,11.6876235,0.092,0.000780399396300158,0.92791704055191
"1096",95,2016,"Subaru","Regular","インプレッサ",42423,"1.6 i",0,1.598,"DBA-GJ2",5,"レギュラー",16.4,56950757,11.6876235,0.092,0.000744906691933875,0.930048041328055
"1097",101,2008,"Subaru","Regular","エクシーガ",9710,"2.0 i",0,2.02130324543611,"DBA-YA4",7,"レギュラー",14,52324877,13.96641,0.1,0.000185571387009663,0.923564101259139
"1098",101,2009,"Subaru","Regular","エクシーガ",9882,"2.0 i",0,1.96408333333333,"DBA-YA4",7,"レギュラー",14,52877802,13.96641,0.1,0.000186883713509877,0.929189662611165
"1099",101,2010,"Subaru","Regular","エクシーガ",11521,"2.0 i",0,1.97833056994819,"DBA-YA4",7,"レギュラー",14,53362801,13.96641,0.1,0.000215899461499407,0.924956956438625
"1100",101,2011,"Subaru","Regular","エクシーガ",7373,"2.0 i",0,2.06957943925234,"DBA-YA4",7,"レギュラー",15,53783435,13.96641,0.0993377483443709,0.000137086818645927,0.93898110077945
"1101",101,2012,"Subaru","Regular","エクシーガ",8636,"2.0 i 4WD",0,2.268,"DBA-YA5",7,"レギュラー",13.8,54171475,13.96641,0.0961538461538462,0.000159419694590188,0.919761848832804
"1102",101,2013,"Subaru","Regular","エクシーガ",4975,"2.5 i 4WD",0,2.4975,"DBA-YAM",7,"レギュラー",12,54594744,13.96641,0.110897435897436,9.11259882453153e-05,0.919563190918159
"1103",101,2014,"Subaru","Regular","エクシーガ",2455,"2.5 i アイサイト 4WD",0,2.61029032258065,"DBA-YAM",7,"レギュラー",13.2,55952365,13.96641,0.110191082802548,4.38766082541819e-05,0.918813422810635
"1104",101,2015,"Subaru","Regular","エクシーガ",4181,"2.5 i 4WD",0,2.481516,"DBA-YAM",7,"レギュラー",12,56412140,13.96641,0.110897435897436,7.41152524970689e-05,0.92791704055191
"1105",101,2016,"Subaru","Regular","エクシーガ",4343,"2.5 i 4WD",0,2.484,"DBA-YAM",7,"レギュラー",12,56950757,13.96641,0.110897435897436,7.62588634247654e-05,0.930048041328055
"1106",207,2006,"Subaru","Regular","フォレスター",14895,"2.0 X 4WD",0,2.08330555555556,"CBA-SG5",5,"レギュラー",13,51102005,12.37254525,0.100719424460432,0.000291475843266815,0.915227533635911
"1107",207,2007,"Subaru","Regular","フォレスター",12550,"2.0 X 4WD",0,2.08330555555556,"CBA-SG5",5,"レギュラー",13,51713048,12.37254525,0.100719424460432,0.000242685366370205,0.920174188920367
"1108",207,2008,"Subaru","Regular","フォレスター",23143,"2.0 X 4WD",0,2.07500202839757,"DBA-SH5",5,"レギュラー",13.8,52324877,13.59564,0.102068965517241,0.00044229439851335,0.923564101259139
"1109",207,2009,"Subaru","Regular","フォレスター",12939,"2.0 X 4WD",0,2.10488888888889,"DBA-SH5",5,"レギュラー",13.8,52877802,13.59564,0.102068965517241,0.000244696252692198,0.929189662611165
"1110",207,2010,"Subaru","Regular","フォレスター",14098,"2.0 X 4WD",0,2.13050984455959,"DBA-SHJ",5,"レギュラー",15,53362801,13.59564,0.102068965517241,0.000264191529226511,0.924956956438625
"1111",207,2011,"Subaru","Regular","フォレスター",14515,"2.0 X 4WD",0,2.13493457943925,"DBA-SHJ",5,"レギュラー",15,53783435,13.59564,0.102068965517241,0.000269878634564713,0.93898110077945
"1112",207,2012,"Subaru","Regular","フォレスター",12472,"2.0i 4WD",0,2.17038461538462,"DBA-SJ5",5,"レギュラー",14.4,54171475,13.980402375,0.100680272108844,0.000230231870186293,0.919761848832804
"1113",207,2013,"Subaru","Regular","フォレスター",35166,"2.0i 4WD",0,2.16139751552795,"DBA-SJ5",5,"レギュラー",14.4,54594744,13.980402375,0.100680272108844,0.000644127940228092,0.919563190918159
"1114",207,2014,"Subaru","Regular","フォレスター",25921,"2.0i 4WD",0,2.16416431451613,"DBA-SJ5",5,"レギュラー",14.4,55952365,14.145362875,0.100680272108844,0.000463269068251181,0.918813422810635
"1115",207,2015,"Subaru","Regular","フォレスター",20458,"2.0i 4WD",0,2.146851,"DBA-SJ5",5,"レギュラー",16,56412140,14.19153925,0.0986666666666667,0.000362652436160018,0.92791704055191
"1116",207,2016,"Subaru","Regular","フォレスター",28544,"2.0i 4WD",0,2.149,"DBA-SJ5",5,"レギュラー",16,56950757,14.19153925,0.0986666666666667,0.000501204926916072,0.930048041328055
"1117",253,2014,"Subaru","Regular","レヴォーグ",30258,"1.6 GT 4WD",0,2.68682661290323,"DBA-VM4",5,"レギュラー",17.4,55952365,12.397077,0.111842105263158,0.000540781430775982,0.918813422810635
"1118",253,2015,"Subaru","Regular","レヴォーグ",29484,"1.6 GT アイサイト 4WD",0,2.773224,"DBA-VM4",5,"レギュラー",17.6,56412140,12.397077,0.111111111111111,0.000522653457216833,0.92791704055191
"1119",253,2016,"Subaru","Regular","レヴォーグ",24184,"1.6 GT アイサイト 4WD",0,2.776,"DBA-VM4",5,"レギュラー",17.6,56950757,12.397077,0.111111111111111,0.000424647559996437,0.930048041328055
"1120",251,2006,"Subaru","Regular","レガシィ",52104,"2.0 i 4WD",0,2.2015,"CBA-BL5",5,"レギュラー",14,51102005,11.42643375,0.103703703703704,0.00101960774337524,0.915227533635911
"1121",251,2007,"Subaru","Regular","レガシィ",38265,"2.0 i 4WD",0,2.2015,"CBA-BL5",5,"レギュラー",14,51713048,11.42643375,0.103703703703704,0.000739948648936725,0.920174188920367
"1122",251,2008,"Subaru","Regular","レガシィ",26356,"2.0 i 4WD",0,2.17024137931035,"CBA-BL5",5,"レギュラー",14,52324877,11.42643375,0.103703703703704,0.00050369922513148,0.923564101259139
"1123",251,2009,"Subaru","Regular","レガシィ",28261,"2.5 i 4WD",0,2.26625,"DBA-BM9",5,"レギュラー",14,52877802,12.671197,0.118055555555556,0.00053445867511664,0.929189662611165
"1124",251,2010,"Subaru","Regular","レガシィ",27419,"2.5 i 4WD",0,2.28268911917098,"DBA-BM9",5,"レギュラー",14,53362801,12.671197,0.118055555555556,0.000513822353515514,0.924956956438625
"1125",251,2011,"Subaru","Regular","レガシィ",22367,"2.5 i 4WD",0,2.28742990654206,"DBA-BM9",5,"レギュラー",14,53783435,12.671197,0.118055555555556,0.000415871541116703,0.93898110077945
"1126",251,2012,"Subaru","Regular","レガシィ",26008,"2.5 i 4WD",0,2.35523076923077,"DBA-BMM",5,"レギュラー",13,54171475,12.7113805,0.120138888888889,0.000480105073749607,0.919761848832804
"1127",251,2013,"Subaru","Regular","レガシィ",20886,"2.5 i Bスポーツ 4WD",0,2.44372360248447,"DBA-BMM",5,"レギュラー",14.4,54594744,12.7113805,0.117687074829932,0.000382564299596313,0.919563190918159
"1128",251,2014,"Subaru","Regular","レガシィ",12408,"2.5 i Bスポーツ 4WD",0,2.44714717741935,"DBA-BMM",5,"レギュラー",14.4,55952365,12.7113805,0.117687074829932,0.00022176006322521,0.918813422810635
"1129",251,2015,"Subaru","Regular","レガシィ",15507,"2.5 4WD",0,2.913084,"DBA-BN9",5,"レギュラー",14.8,56412140,13.2342,0.11437908496732,0.00027488763943364,0.92791704055191
"1130",251,2016,"Subaru","Regular","レガシィ",11954,"2.5 4WD",0,2.938,"DBA-BN9",5,"レギュラー",14.8,56950757,13.2342,0.11437908496732,0.000209900633981037,0.930048041328055
"1131",150,2016,"Subaru","Regular","ジャスティ",460,"1.0 L スマートアシスト",0,1.528,"DBA-M900F",5,"レギュラー",24.6,56950757,10.720565,0.0644859813084112,8.07715339060375e-06,0.930048041328055
"1132",180,2008,"Subaru","Regular","デックス",1104,"1.3 i",0,1.45797261663286,"DBA-M401F",5,"レギュラー",16.4,52324877,10.49997,0.0867924528301887,2.10989506960523e-05,0.923564101259139
"1133",180,2009,"Subaru","Regular","デックス",2698,"1.3 i",0,1.47897222222222,"DBA-M401F",5,"レギュラー",16.4,52877802,10.49997,0.0867924528301887,5.10233008550545e-05,0.929189662611165
"1134",180,2010,"Subaru","Regular","デックス",1064,"1.3 i",0,1.48970051813472,"DBA-M401F",5,"レギュラー",16.4,53362801,10.49997,0.0867924528301887,1.99389833378499e-05,0.924956956438625
"1135",180,2011,"Subaru","Regular","デックス",330,"1.3 i",0,1.49279439252336,"DBA-M401F",5,"レギュラー",16.4,53783435,10.49997,0.0867924528301887,6.13571818162972e-06,0.93898110077945
"1136",187,2010,"Subaru","Regular","トレジア",963,"1.3 i",0,1.47831295336788,"DBA-NSP120X",5,"レギュラー",18.4,53362801,10.71943425,0.0871559633027523,1.80462790924337e-05,0.924956956438625
"1137",187,2011,"Subaru","Regular","トレジア",7552,"1.3 i シンプルスタイルパッケージ",0,1.42121495327103,"DBA-NSP120X",5,"レギュラー",18.4,53783435,10.71943425,0.0871559633027523,0.000140414980932326,0.93898110077945
"1138",187,2012,"Subaru","Regular","トレジア",4103,"1.3 i シンプルスタイルパッケージ",0,1.42269230769231,"DBA-NSP120X",5,"レギュラー",18.4,54171475,10.71943425,0.0871559633027523,7.57409688401506e-05,0.919761848832804
"1139",187,2013,"Subaru","Regular","トレジア",1924,"1.3 i シンプルスタイルパッケージ",0,1.41680124223603,"DBA-NSP120X",5,"レギュラー",18.4,54594744,10.71943425,0.0871559633027523,3.52414877153742e-05,0.919563190918159
"1140",187,2014,"Subaru","Regular","トレジア",1588,"1.3 i シンプルスタイルパッケージ",0,1.57705040322581,"DBA-NSP120X",5,"レギュラー",21.8,55952365,10.71943425,0.09,2.83812846874301e-05,0.918813422810635
"1141",187,2015,"Subaru","Regular","トレジア",993,"1.3 i シンプルスタイルパッケージ",0,1.42857,"DBA-NSP120X",5,"レギュラー",18.4,56412140,10.71943425,0.0871559633027523,1.76025940515641e-05,0.92791704055191
"1142",187,2016,"Subaru","Regular","トレジア",371,"1.3 i シンプルスタイルパッケージ",0,1.43,"DBA-NSP120X",5,"レギュラー",18.4,56950757,10.71943425,0.0871559633027523,6.51439979981302e-06,0.930048041328055
"1143",44,2006,"Suzuki","KEI","Kei",24634,"660 A",0,0.881833333333333,"CBA-HN22S",4,"レギュラー",19.8,51102005,7.736780625,0.0701298701298701,0.000482055449683432,0.915227533635911
"1144",44,2007,"Suzuki","KEI","Kei",18695,"660 A",0,0.884916666666667,"CBA-HN22S",4,"レギュラー",19.8,51713048,7.736780625,0.0701298701298701,0.000361514177234341,0.920174188920367
"1145",44,2008,"Suzuki","KEI","Kei",14263,"660 A",0,0.872351926977688,"CBA-HN22S",4,"レギュラー",19.8,52324877,7.736780625,0.0701298701298701,0.000272585447262494,0.923564101259139
"1146",44,2009,"Suzuki","KEI","Kei",8787,"660 A",0,0.884916666666667,"CBA-HN22S",4,"レギュラー",19.8,52877802,7.736780625,0.0701298701298701,0.000166175591035346,0.929189662611165
"1147",44,2010,"Suzuki","KEI","Kei",206,"660 A",0,0.891335751295337,"CBA-HN22S",4,"レギュラー",19.8,53362801,7.736780625,0.0701298701298701,3.86036707480929e-06,0.924956956438625
"1148",49,2006,"Suzuki","KEI","MRワゴン",59602,"660 G",0,1.04422222222222,"DBA-MF22S",4,"レギュラー",21,51102005,8.1123525,0.0658536585365854,0.00116633388455111,0.915227533635911
"1149",49,2007,"Suzuki","KEI","MRワゴン",46213,"660 G",0,1.04422222222222,"DBA-MF22S",4,"レギュラー",21,51713048,8.1123525,0.0658536585365854,0.000893642935144724,0.920174188920367
"1150",49,2008,"Suzuki","KEI","MRワゴン",27131,"660 G",0,1.02939553752535,"DBA-MF22S",4,"レギュラー",21,52324877,8.1123525,0.0658536585365854,0.000518510535629162,0.923564101259139
"1151",49,2009,"Suzuki","KEI","MRワゴン",17612,"660 G",0,1.04422222222222,"DBA-MF22S",4,"レギュラー",20.2,52877802,8.1123525,0.0658536585365854,0.000333069820110904,0.929189662611165
"1152",49,2010,"Suzuki","KEI","MRワゴン",11938,"660 G",0,1.05179689119171,"DBA-MF22S",4,"レギュラー",20.2,53362801,8.1123525,0.0658536585365854,0.000223713893878996,0.924956956438625
"1153",49,2011,"Suzuki","KEI","MRワゴン",28723,"660 G",0,1.17431775700935,"DBA-MF33S",4,"レギュラー",23,53783435,8.137390625,0.0683544303797468,0.000534049191911971,0.93898110077945
"1154",49,2012,"Suzuki","KEI","MRワゴン",38107,"660 G",0,1.17553846153846,"DBA-MF33S",4,"レギュラー",23,54171475,8.137390625,0.0683544303797468,0.000703451401314068,0.919761848832804
"1155",49,2013,"Suzuki","KEI","MRワゴン",28711,"660 L",0,1.1592950310559,"DBA-MF33S",4,"レギュラー",30,54594744,8.137390625,0.065,0.000525893115278643,0.919563190918159
"1156",49,2014,"Suzuki","KEI","MRワゴン",17382,"660 L",0,1.21551713709677,"DBA-MF33S",4,"レギュラー",30,55952365,8.137390625,0.065,0.000310657109846921,0.918813422810635
"1157",49,2015,"Suzuki","KEI","MRワゴン",6516,"660 L",0,1.205793,"DBA-MF33S",4,"レギュラー",30,56412140,8.137390625,0.065,0.00011550705220543,0.92791704055191
"1158",49,2016,"Suzuki","KEI","MRワゴン",841,"660 L",0,1.207,"DBA-MF33S",4,"レギュラー",30,56950757,8.137390625,0.065,1.47671434815168e-05,0.930048041328055
"1159",86,2006,"Suzuki","KEI","アルト",92848,"660 VS",0,0.733833333333333,"GBD-HA24V",4,"レギュラー",20,51102005,7.5114375,0.073972602739726,0.00181691501145601,0.915227533635911
"1160",86,2007,"Suzuki","KEI","アルト",76117,"660 VS",0,0.733833333333333,"GBD-HA24V",4,"レギュラー",20,51713048,7.5114375,0.073972602739726,0.00147191091888453,0.920174188920367
"1161",86,2008,"Suzuki","KEI","アルト",70814,"660 VS",0,0.723413793103448,"GBD-HA24V",4,"レギュラー",20,52324877,7.5114375,0.073972602739726,0.00135335244075203,0.923564101259139
"1162",86,2009,"Suzuki","KEI","アルト",87386,"660 VS",0,0.733833333333333,"GBD-HA24V",4,"レギュラー",20,52877802,7.5114375,0.073972602739726,0.00165260273110444,0.929189662611165
"1163",86,2010,"Suzuki","KEI","アルト",106709,"660 E",0,0.758825906735751,"DBA-HA25S",4,"レギュラー",21.8,53362801,7.686704375,0.073972602739726,0.0019996888843972,0.924956956438625
"1164",86,2011,"Suzuki","KEI","アルト",83100,"660 E",0,0.760401869158879,"DBA-HA25S",4,"レギュラー",21.8,53783435,7.686704375,0.073972602739726,0.00154508539664676,0.93898110077945
"1165",86,2012,"Suzuki","KEI","アルト",112002,"660 VP",0,0.785076923076923,"HBD-HA25V",4,"レギュラー",21.8,54171475,7.686704375,0.073972602739726,0.00206754569632819,0.919761848832804
"1166",86,2013,"Suzuki","KEI","アルト",111361,"660 VP",0,0.781826086956522,"HBD-HA25V",4,"レギュラー",21.8,54594744,7.686704375,0.076056338028169,0.00203977511095207,0.919563190918159
"1167",86,2014,"Suzuki","KEI","アルト",110568,"660 VP",0,0.761334677419355,"HBD-HA25V",4,"レギュラー",21.8,55952365,7.686704375,0.076056338028169,0.00197610949957164,0.918813422810635
"1168",86,2015,"Suzuki","KEI","アルト",109355,"バン 660 VP オートギヤシフト",0,0.777222,"HBD-HA36V",4,"レギュラー",26.2,56412140,7.386246875,0.0790322580645161,0.00193850118077421,0.92791704055191
"1169",86,2016,"Suzuki","KEI","アルト",99715,"バン 660 VP オートギヤシフト",0,0.778,"HBD-HA36V",4,"レギュラー",26.2,56950757,7.386246875,0.0790322580645161,0.00175089858770446,0.930048041328055
"1170",108,2006,"Suzuki","KEI","エブリイワゴン",37159,"660 JP",0,1.26827777777778,"ABA-DA64W",4,"レギュラー",15.8,51102005,8.988686875,0.0526881720430108,0.000727153464917864,0.915227533635911
"1171",108,2007,"Suzuki","KEI","エブリイワゴン",34658,"660 JP",0,1.26827777777778,"ABA-DA64W",4,"レギュラー",15.8,51713048,8.988686875,0.0526881720430108,0.000670198360769607,0.920174188920367
"1172",108,2008,"Suzuki","KEI","エブリイワゴン",33416,"660 JP",0,1.25026977687627,"ABA-DA64W",4,"レギュラー",15.8,52324877,8.988686875,0.0526881720430108,0.000638625485923264,0.923564101259139
"1173",108,2009,"Suzuki","KEI","エブリイワゴン",23421,"660 JP",0,1.26827777777778,"ABA-DA64W",4,"レギュラー",15.8,52877802,8.988686875,0.0526881720430108,0.000442926882626475,0.929189662611165
"1174",108,2010,"Suzuki","KEI","エブリイワゴン",19630,"660 JPターボ",0,1.39135336787565,"ABA-DA64W",4,"レギュラー",14.4,53362801,8.988686875,0.0666666666666667,0.000367859250866535,0.924956956438625
"1175",108,2011,"Suzuki","KEI","エブリイワゴン",20282,"660 JPターボ",0,1.39424299065421,"ABA-DA64W",4,"レギュラー",14.4,53783435,8.988686875,0.0666666666666667,0.000377104958060042,0.93898110077945
"1176",108,2012,"Suzuki","KEI","エブリイワゴン",21378,"660 JPターボ",0,1.39569230769231,"ABA-DA64W",4,"レギュラー",14.4,54171475,8.988686875,0.0666666666666667,0.000394635737719898,0.919761848832804
"1177",108,2013,"Suzuki","KEI","エブリイワゴン",18295,"660 JPターボ",0,1.38991304347826,"ABA-DA64W",4,"レギュラー",14.4,54594744,8.988686875,0.0666666666666667,0.000335105518582521,0.919563190918159
"1178",108,2014,"Suzuki","KEI","エブリイワゴン",12470,"660 JPターボ",0,1.39175201612903,"ABA-DA64W",4,"レギュラー",14.4,55952365,8.988686875,0.0666666666666667,0.000222868148647515,0.918813422810635
"1179",108,2015,"Suzuki","KEI","エブリイワゴン",15612,"660 JPターボ",0,1.424574,"ABA-DA17W",4,"レギュラー",16.2,56412140,9.088839375,0.0680851063829787,0.000276748940919455,0.92791704055191
"1180",108,2016,"Suzuki","KEI","エブリイワゴン",17282,"660 JPターボ",0,1.426,"ABA-DA17W",4,"レギュラー",16.2,56950757,9.088839375,0.0680851063829787,0.000303455141079161,0.930048041328055
"1181",148,2006,"Suzuki","KEI","ジムニー",16470,"660 XG 4WD",0,1.406,"ABA-JB23W",4,"レギュラー",14.8,51102005,8.41281,0.0646464646464646,0.000322296551769348,0.915227533635911
"1182",148,2007,"Suzuki","KEI","ジムニー",15466,"660 XG 4WD",0,1.406,"ABA-JB23W",4,"レギュラー",14.8,51713048,8.41281,0.0646464646464646,0.000299073456277418,0.920174188920367
"1183",148,2008,"Suzuki","KEI","ジムニー",14948,"660 XG 4WD",0,1.38603651115619,"ABA-JB23W",4,"レギュラー",14.8,52324877,8.41281,0.0646464646464646,0.000285676734605606,0.923564101259139
"1184",148,2009,"Suzuki","KEI","ジムニー",11222,"660 XG 4WD",0,1.406,"ABA-JB23W",4,"レギュラー",14.8,52877802,8.41281,0.0646464646464646,0.000212225160191038,0.929189662611165
"1185",148,2010,"Suzuki","KEI","ジムニー",11444,"660 XG 4WD",0,1.41619896373057,"ABA-JB23W",4,"レギュラー",14.8,53362801,8.41281,0.0646464646464646,0.000214456508757852,0.924956956438625
"1186",148,2011,"Suzuki","KEI","ジムニー",12957,"660 XG 4WD",0,1.41914018691589,"ABA-JB23W",4,"レギュラー",14.8,53783435,8.41281,0.0646464646464646,0.000240910607513261,0.93898110077945
"1187",148,2012,"Suzuki","KEI","ジムニー",14733,"660 XG 4WD",0,1.42061538461538,"ABA-JB23W",4,"レギュラー",13.6,54171475,8.41281,0.0646464646464646,0.000271969703612464,0.919761848832804
"1188",148,2013,"Suzuki","KEI","ジムニー",15590,"660 XG 4WD",0,1.41473291925466,"ABA-JB23W",4,"レギュラー",13.6,54594744,8.41281,0.0646464646464646,0.000285558624471249,0.919563190918159
"1189",148,2014,"Suzuki","KEI","ジムニー",14593,"660 XG 4WD",0,1.41692842741935,"ABA-JB23W",4,"レギュラー",13.6,55952365,8.41281,0.0646464646464646,0.000260811138188708,0.918813422810635
"1190",148,2015,"Suzuki","KEI","ジムニー",12973,"660 XG 4WD",0,1.405593,"ABA-JB23W",4,"レギュラー",13.6,56412140,8.41281,0.0646464646464646,0.000229968230242639,0.92791704055191
"1191",148,2016,"Suzuki","KEI","ジムニー",13267,"660 XG 4WD",0,1.407,"ABA-JB23W",4,"レギュラー",13.6,56950757,8.41281,0.0646464646464646,0.000232955639202478,0.930048041328055
"1192",162,2013,"Suzuki","KEI","スペーシア",107193,"660 G",0,1.27098447204969,"DBA-MK32S",4,"レギュラー",29,54594744,8.688229375,0.0619047619047619,0.00196343076542313,0.919563190918159
"1193",162,2014,"Suzuki","KEI","スペーシア",121086,"660 G",0,1.27291935483871,"DBA-MK32S",4,"レギュラー",29,55952365,8.688229375,0.0619047619047619,0.00216409082976207,0.918813422810635
"1194",162,2015,"Suzuki","KEI","スペーシア",79375,"660 G",0,1.272726,"DAA-MK42S",4,"レギュラー",32,56412140,8.688229375,0.0619047619047619,0.001407055289872,0.92791704055191
"1195",162,2016,"Suzuki","KEI","スペーシア",81277,"660 G",0,1.274,"DAA-MK42S",4,"レギュラー",32,56950757,8.688229375,0.0619047619047619,0.00142714520897413,0.930048041328055
"1196",166,2006,"Suzuki","KEI","セルボ",12248,"660 G",1,1.06580555555556,"DBA-HG21S",4,"レギュラー",21,51102005,7.686704375,0.0683544303797468,0.000239677484278748,0.915227533635911
"1197",166,2007,"Suzuki","KEI","セルボ",32174,"660 G",1,1.06580555555556,"DBA-HG21S",4,"レギュラー",21,51713048,7.686704375,0.0683544303797468,0.000622164061959759,0.920174188920367
"1198",166,2008,"Suzuki","KEI","セルボ",16272,"660 G",1,1.06181744421907,"DBA-HG21S",4,"レギュラー",20,52324877,7.686704375,0.0683544303797468,0.000310980186346162,0.923564101259139
"1199",166,2009,"Suzuki","KEI","セルボ",8476,"660 G",1,1.02263888888889,"DBA-HG21S",4,"レギュラー",20.2,52877802,7.686704375,0.0683544303797468,0.000160294106022032,0.929189662611165
"1200",166,2010,"Suzuki","KEI","セルボ",153,"660 G",1,1.03005699481865,"DBA-HG21S",4,"レギュラー",20.2,53362801,7.686704375,0.0683544303797468,2.86716583711563e-06,0.924956956438625
"1201",193,2014,"Suzuki","KEI","ハスラー",104233,"660 A",0,1.08661391129032,"DBA-MR31S",4,"レギュラー",26,55952365,8.337695625,0.0675324675324675,0.00186288819069578,0.918813422810635
"1202",193,2015,"Suzuki","KEI","ハスラー",95557,"660 A",0,1.077921,"DBA-MR31S",4,"レギュラー",26,56412140,8.337695625,0.0675324675324675,0.00169390843885731,0.92791704055191
"1203",193,2016,"Suzuki","KEI","ハスラー",85762,"660 A",0,1.079,"DBA-MR31S",4,"レギュラー",26.6,56950757,8.337695625,0.0675324675324675,0.00150589745453252,0.930048041328055
"1204",199,2008,"Suzuki","KEI","パレット",72595,"660 G",0,1.12767444219067,"DBA-MK21S",4,"レギュラー",20,52324877,8.688229375,0.06,0.00138738978784413,0.923564101259139
"1205",199,2009,"Suzuki","KEI","パレット",62130,"660 G",0,1.1655,"DBA-MK21S",4,"レギュラー",18.6,52877802,8.688229375,0.06,0.00117497319574668,0.929189662611165
"1206",199,2010,"Suzuki","KEI","パレット",80435,"660 L",0,1.25056165803109,"DBA-MK21S",4,"レギュラー",20.2,53362801,8.688229375,0.058695652173913,0.00150732342554507,0.924956956438625
"1207",199,2011,"Suzuki","KEI","パレット",54825,"660 L",0,1.25315887850467,"DBA-MK21S",4,"レギュラー",20.2,53783435,8.688229375,0.058695652173913,0.00101936590699348,0.93898110077945
"1208",199,2012,"Suzuki","KEI","パレット",60136,"660 L",0,1.25446153846154,"DBA-MK21S",4,"レギュラー",20.2,54171475,8.688229375,0.058695652173913,0.00111010453379754,0.919761848832804
"1209",199,2013,"Suzuki","KEI","パレット",12239,"660 L",0,1.24926708074534,"DBA-MK21S",4,"レギュラー",20.2,54594744,8.688229375,0.058695652173913,0.000224179089474254,0.919563190918159
"1210",255,2006,"Suzuki","KEI","ワゴンR",221066,"660 FA",0,0.933222222222222,"CBA-MH21S",4,"レギュラー",21,51102005,8.237543125,0.0658536585365854,0.00432597507671176,0.915227533635911
"1211",255,2007,"Suzuki","KEI","ワゴンR",226725,"660 FA",0,0.933222222222222,"DBA-MH22S",4,"レギュラー",21,51713048,8.237543125,0.0658536585365854,0.00438429001516213,0.920174188920367
"1212",255,2008,"Suzuki","KEI","ワゴンR",205354,"660 FA",0,0.919971602434077,"DBA-MH22S",4,"レギュラー",21,52324877,8.237543125,0.0658536585365854,0.00392459594314957,0.923564101259139
"1213",255,2009,"Suzuki","KEI","ワゴンR",201528,"660 FA",0,0.933222222222222,"DBA-MH23S",4,"レギュラー",20.4,52877802,8.3126575,0.0666666666666667,0.00381120228862766,0.929189662611165
"1214",255,2010,"Suzuki","KEI","ワゴンR",195105,"660 FX",0,1.10873471502591,"DBA-MH23S",4,"レギュラー",20.4,53362801,8.3126575,0.0666666666666667,0.00365619863170226,0.924956956438625
"1215",255,2011,"Suzuki","KEI","ワゴンR",160439,"660 FX",0,1.11103738317757,"DBA-MH23S",4,"レギュラー",20.4,53783435,8.3126575,0.0666666666666667,0.00298305602831058,0.93898110077945
"1216",255,2012,"Suzuki","KEI","ワゴンR",195701,"660 FX",0,1.15269230769231,"DBA-MH34S",4,"レギュラー",28.8,54171475,8.212505,0.0666666666666667,0.00361262084888772,0.919761848832804
"1217",255,2013,"Suzuki","KEI","ワゴンR",186090,"660 FX",0,1.14791925465839,"DBA-MH34S",4,"レギュラー",30,54594744,8.212505,0.0666666666666667,0.00340856987991371,0.919563190918159
"1218",255,2014,"Suzuki","KEI","ワゴンR",175369,"660 FA",0,1.08661391129032,"DBA-MH34S",4,"レギュラー",26,55952365,8.212505,0.0675324675324675,0.00313425536168132,0.918813422810635
"1219",255,2015,"Suzuki","KEI","ワゴンR",108107,"660 FA",0,1.077921,"DBA-MH34S",4,"レギュラー",26,56412140,8.212505,0.0675324675324675,0.00191637828311424,0.92791704055191
"1220",255,2016,"Suzuki","KEI","ワゴンR",81134,"660 FA",0,1.079,"DBA-MH34S",4,"レギュラー",26,56950757,8.212505,0.0675324675324675,0.0014246342678114,0.930048041328055
"1221",67,2006,"Suzuki","Regular","SX4",7240,"1.5G",0,1.69480555555556,"DBA-YA11S",5,"レギュラー",16.4,51102005,11.33837675,0.092436974789916,0.000141677415592598,0.915227533635911
"1222",67,2007,"Suzuki","Regular","SX4",8413,"1.5G",0,1.69480555555556,"DBA-YA11S",5,"レギュラー",16.4,51713048,11.33837675,0.092436974789916,0.000162686214125302,0.920174188920367
"1223",67,2008,"Suzuki","Regular","SX4",5991,"1.5G",0,1.67074137931035,"DBA-YA11S",5,"レギュラー",16.4,52324877,11.33837675,0.092436974789916,0.000114496207989175,0.923564101259139
"1224",67,2009,"Suzuki","Regular","SX4",5384,"1.5G",0,1.70508333333333,"DBA-YA11S",5,"レギュラー",16.4,52877802,11.33837675,0.0932773109243697,0.000101819663381621,0.929189662611165
"1225",67,2010,"Suzuki","Regular","SX4",1918,"1.5G",0,1.7174518134715,"DBA-YA11S",5,"レギュラー",16.4,53362801,11.33837675,0.0932773109243697,3.59426410169136e-05,0.924956956438625
"1226",67,2011,"Suzuki","Regular","SX4",990,"1.5G",0,1.72101869158879,"DBA-YA11S",5,"レギュラー",16.4,53783435,11.33837675,0.0932773109243697,1.84071545448891e-05,0.93898110077945
"1227",67,2012,"Suzuki","Regular","SX4",1083,"1.5G",0,1.72280769230769,"DBA-YA11S",5,"レギュラー",16.4,54171475,11.33837675,0.0932773109243697,1.999207147304e-05,0.919761848832804
"1228",67,2013,"Suzuki","Regular","SX4",891,"1.5G",0,1.71567391304348,"DBA-YA11S",5,"レギュラー",16.4,54594744,11.33837675,0.0932773109243697,1.63202523671509e-05,0.919563190918159
"1229",67,2014,"Suzuki","Regular","SX4",763,"1.5G",0,1.71803830645161,"DBA-YA11S",5,"レギュラー",16.4,55952365,11.33837675,0.0932773109243697,1.36365996325624e-05,0.918813422810635
"1230",67,2015,"Suzuki","Regular","SX4",126,"1.5G",0,1.704294,"DBA-YA11S",5,"レギュラー",16.4,56412140,11.33837675,0.0932773109243697,2.23356178297792e-06,0.92791704055191
"1231",102,2006,"Suzuki","Regular","エクシード",8973,"2.0 XE 4WD",0,2.10488888888889,"CBA-TD54W",5,"レギュラー",11.6,51102005,13.4683005,0.0935483870967742,0.00017558997929729,0.915227533635911
"1232",102,2007,"Suzuki","Regular","エクシード",6810,"2.0 XE 4WD",0,2.10488888888889,"CBA-TD54W",5,"レギュラー",11.6,51713048,13.4683005,0.0935483870967742,0.000131688234659848,0.920174188920367
"1233",102,2008,"Suzuki","Regular","エクシード",6220,"2.4 XE 4WD",0,2.07500202839757,"CBA-TDA4W",5,"レギュラー",10.6,52324877,13.560339,0.102469135802469,0.000118872711349135,0.923564101259139
"1234",102,2009,"Suzuki","Regular","エクシード",3121,"2.4 XE 4WD",0,2.10488888888889,"CBA-TDA4W",5,"レギュラー",10.6,52877802,13.560339,0.102469135802469,5.90228769342568e-05,0.929189662611165
"1235",102,2010,"Suzuki","Regular","エクシード",1861,"2.4 XE 4WD",0,2.12015751295337,"CBA-TDA4W",5,"レギュラー",10.6,53362801,13.560339,0.102469135802469,3.48744811952431e-05,0.924956956438625
"1236",102,2011,"Suzuki","Regular","エクシード",1429,"2.4 XE 4WD",0,2.12456074766355,"CBA-TDA4W",5,"レギュラー",10.6,53783435,13.560339,0.102469135802469,2.65695190349966e-05,0.93898110077945
"1237",102,2012,"Suzuki","Regular","エクシード",1443,"2.4 XG 4WD",0,2.27942307692308,"CBA-TDA4W",5,"レギュラー",10.6,54171475,13.192185,0.102469135802469,2.66376353975962e-05,0.919761848832804
"1238",102,2013,"Suzuki","Regular","エクシード",1588,"2.4 XG 4WD",0,2.26998447204969,"CBA-TDA4W",5,"レギュラー",10.6,54594744,13.192185,0.102469135802469,2.90870491122735e-05,0.919563190918159
"1239",102,2014,"Suzuki","Regular","エクシード",1421,"2.4 XG 4WD",0,2.30615927419355,"CBA-TDA4W",5,"レギュラー",9.6,55952365,13.192185,0.102469135802469,2.53966029854145e-05,0.918813422810635
"1240",102,2015,"Suzuki","Regular","エクシード",1034,"1.6",0,2.125872,"DBA-YD21S",5,"レギュラー",18.2,56412140,11.93110625,0.102631578947368,1.83293879650728e-05,0.92791704055191
"1241",102,2016,"Suzuki","Regular","エクシード",544,"1.6",0,2.128,"DBA-YD21S",5,"レギュラー",18.2,56950757,11.93110625,0.102631578947368,9.55211183584443e-06,0.930048041328055
"1242",109,2006,"Suzuki","Regular","エリオ",984,"1.5",0,1.50877777777778,"CBA-RB21S",5,"レギュラー",16.2,51102005,11.080485,0.094017094017094,1.92556045501541e-05,0.915227533635911
"1243",109,2007,"Suzuki","Regular","エリオ",168,"1.5",0,1.50877777777778,"CBA-RB21S",5,"レギュラー",16.2,51713048,11.080485,0.094017094017094,3.2486965378641e-06,0.920174188920367
"1244",118,2009,"Suzuki","Regular","キザシ",236,"2.4",0,2.86544444444444,"CBA-RE91S",5,"レギュラー",12.6,52877802,12.52524,0.126174496644295,4.46312046026421e-06,0.929189662611165
"1245",118,2010,"Suzuki","Regular","キザシ",460,"2.4",0,2.88623005181347,"CBA-RE91S",5,"レギュラー",12.6,53362801,12.52524,0.126174496644295,8.62023715734112e-06,0.924956956438625
"1246",118,2011,"Suzuki","Regular","キザシ",198,"2.4",0,2.89222429906542,"CBA-RE91S",5,"レギュラー",12.6,53783435,12.52524,0.126174496644295,3.68143090897783e-06,0.93898110077945
"1247",118,2012,"Suzuki","Regular","キザシ",146,"2.4",0,2.89523076923077,"CBA-RE91S",5,"レギュラー",12.6,54171475,12.52524,0.126174496644295,2.69514536940336e-06,0.919761848832804
"1248",118,2013,"Suzuki","Regular","キザシ",1373,"2.4",0,2.88324223602485,"CBA-RE91S",5,"レギュラー",12.6,54594744,12.52524,0.126174496644295,2.51489410775513e-05,0.919563190918159
"1249",118,2014,"Suzuki","Regular","キザシ",810,"2.4",0,2.88723084677419,"CBA-RE91S",5,"レギュラー",12.6,55952365,12.52524,0.126174496644295,1.44765998720519e-05,0.918813422810635
"1250",118,2015,"Suzuki","Regular","キザシ",139,"2.4",0,2.864133,"CBA-RE91S",5,"レギュラー",12.6,56412140,12.52524,0.126174496644295,2.46400863360263e-06,0.92791704055191
"1251",118,2016,"Suzuki","Regular","キザシ",22,"2.4",0,2.867,"CBA-RE91S",5,"レギュラー",12.6,56950757,12.52524,0.126174496644295,3.86298640420179e-07,0.930048041328055
"1252",89,2016,"Suzuki","Regular","イグニス",24261,"1.2 ハイブリッド MG",0,1.382,"DAA-FF21S",5,"レギュラー",28.8,56950757,9.79649,0.107058823529412,0.000425999605237908,0.930048041328055
"1253",141,2006,"Suzuki","Regular","シボレーMW",3363,"1.3",0,1.35975,"DBA-ME34S",5,"レギュラー",18,51102005,9.84555,0.0907216494845361,6.58095509168378e-05,0.915227533635911
"1254",141,2007,"Suzuki","Regular","シボレーMW",4902,"1.3",0,1.34330555555556,"DBA-ME34S",5,"レギュラー",18,51713048,9.84555,0.0907216494845361,9.47923239798203e-05,0.920174188920367
"1255",141,2008,"Suzuki","Regular","シボレーMW",8730,"1.3",0,1.3242322515213,"DBA-ME34S",5,"レギュラー",18,52324877,9.84555,0.0907216494845361,0.00016684224599324,0.923564101259139
"1256",141,2009,"Suzuki","Regular","シボレーMW",7495,"1.3",0,1.34330555555556,"DBA-ME34S",5,"レギュラー",18,52877802,9.84555,0.0907216494845361,0.000141741897668137,0.929189662611165
"1257",141,2010,"Suzuki","Regular","シボレーMW",5558,"1.3",0,1.35304974093264,"DBA-ME34S",5,"レギュラー",18,53362801,9.84555,0.0907216494845361,0.000104154952435874,0.924956956438625
"1258",141,2011,"Suzuki","Regular","シボレーMW",400,"1.3",0,1.35585981308411,"DBA-ME34S",5,"レギュラー",18,53783435,9.84555,0.0907216494845361,7.43723415955117e-06,0.93898110077945
"1259",142,2006,"Suzuki","Regular","シボレークルーズ",3399,"1.3 LS",0,1.1655,"DBA-HR52S",5,"レギュラー",18,51102005,9.01700625,0.0936170212765957,6.65140242540386e-05,0.915227533635911
"1260",142,2007,"Suzuki","Regular","シボレークルーズ",1677,"1.3 LS",0,1.1655,"DBA-HR52S",5,"レギュラー",18,51713048,9.01700625,0.0936170212765957,3.24289529404648e-05,0.920174188920367
"1261",142,2008,"Suzuki","Regular","シボレークルーズ",547,"1.3 LS",0,1.14895131845842,"DBA-HR52S",5,"レギュラー",18,52324877,9.01700625,0.0936170212765957,1.04539185061056e-05,0.923564101259139
"1262",149,2006,"Suzuki","Regular","ジムニーシエラ",1103,"1.3 4WD",0,1.63519444444444,"ABA-JB43W",4,"レギュラー",12.8,51102005,9.6844,0.0822429906542056,2.15842803036789e-05,0.915227533635911
"1263",149,2007,"Suzuki","Regular","ジムニーシエラ",1016,"1.3 4WD",0,1.63519444444444,"ABA-JB43W",4,"レギュラー",12.8,51713048,9.6844,0.0822429906542056,1.9646879062321e-05,0.920174188920367
"1264",149,2008,"Suzuki","Regular","ジムニーシエラ",984,"1.3 4WD",0,1.72140060851927,"ABA-JB43W",4,"レギュラー",12.8,52324877,9.6844,0.0822429906542056,1.88055864899596e-05,0.923564101259139
"1265",149,2009,"Suzuki","Regular","ジムニーシエラ",772,"1.3 4WD",0,1.74619444444444,"ABA-JB43W",4,"レギュラー",12.8,52877802,9.6844,0.0822429906542056,1.45996991327287e-05,0.929189662611165
"1266",149,2010,"Suzuki","Regular","ジムニーシエラ",804,"1.3 4WD",0,1.75886113989637,"ABA-JB43W",4,"レギュラー",12.8,53362801,9.6844,0.0822429906542056,1.50666753793527e-05,0.924956956438625
"1267",149,2011,"Suzuki","Regular","ジムニーシエラ",778,"1.3 4WD",0,1.76251401869159,"ABA-JB43W",4,"レギュラー",12.8,53783435,9.6844,0.0822429906542056,1.4465420440327e-05,0.93898110077945
"1268",149,2012,"Suzuki","Regular","ジムニーシエラ",887,"1.3 4WD",0,1.76434615384615,"ABA-JB43W",4,"レギュラー",12.6,54171475,9.8208,0.0822429906542056,1.63739311141149e-05,0.919761848832804
"1269",149,2013,"Suzuki","Regular","ジムニーシエラ",1170,"1.3 4WD",0,1.75704037267081,"ABA-JB43W",4,"レギュラー",12.6,54594744,9.8208,0.0822429906542056,2.14306344215113e-05,0.919563190918159
"1270",149,2014,"Suzuki","Regular","ジムニーシエラ",1185,"1.3 4WD",0,1.79256048387097,"ABA-JB43W",4,"レギュラー",12.6,55952365,9.8208,0.0822429906542056,2.11787294424463e-05,0.918813422810635
"1271",149,2015,"Suzuki","Regular","ジムニーシエラ",1299,"1.3 4WD",0,1.745253,"ABA-JB43W",4,"レギュラー",12.6,56412140,9.8208,0.0822429906542056,2.30269583816533e-05,0.92791704055191
"1272",149,2016,"Suzuki","Regular","ジムニーシエラ",1131,"1.3 4WD",0,1.747,"ABA-JB43W",4,"レギュラー",12.6,56950757,9.8208,0.0822429906542056,1.98592619234192e-05,0.930048041328055
"1273",152,2006,"Suzuki","Regular","スイフト",53702,"1.3 XE",1,1.13363888888889,"DBA-ZC11S",5,"レギュラー",17,51102005,9.4292705,0.0892156862745098,0.00105087853206542,0.915227533635911
"1274",152,2007,"Suzuki","Regular","スイフト",52937,"1.2 XE",1,1.13363888888889,"DBA-ZC71S",5,"レギュラー",20.5,51713048,9.5823845,0.09,0.00102366814657686,0.920174188920367
"1275",152,2008,"Suzuki","Regular","スイフト",58950,"1.2 XE",1,1.11754259634888,"DBA-ZC71S",5,"レギュラー",20.5,52324877,9.5823845,0.09,0.00112661516624301,0.923564101259139
"1276",152,2009,"Suzuki","Regular","スイフト",46159,"1.2 XG オーディオレス仕様",1,1.20866666666667,"DBA-ZC71S",5,"レギュラー",21,52877802,9.5823845,0.09,0.000872937192056508,0.929189662611165
"1277",152,2010,"Suzuki","Regular","スイフト",44589,"1.2 XG",1,1.28783005181347,"DBA-ZC72S",5,"レギュラー",20.6,53362801,9.8538825,0.0919191919191919,0.000835582075236268,0.924956956438625
"1278",152,2011,"Suzuki","Regular","スイフト",31339,"1.2 XG",1,1.2905046728972,"DBA-ZC72S",5,"レギュラー",20.6,53783435,9.8538825,0.0919191919191919,0.000582688703315435,0.93898110077945
"1279",152,2012,"Suzuki","Regular","スイフト",43108,"1.2 XG",1,1.29184615384615,"DBA-ZC72S",5,"レギュラー",20.6,54171475,9.8538825,0.0919191919191919,0.000795769360166028,0.919761848832804
"1280",152,2013,"Suzuki","Regular","スイフト",40926,"1.2 XG",1,1.32372670807453,"DBA-ZC72S",5,"レギュラー",20.6,54594744,9.8538825,0.0928571428571429,0.000749632601995533,0.919563190918159
"1281",152,2014,"Suzuki","Regular","スイフト",39382,"1.2 XG",1,1.32629334677419,"DBA-ZC72S",5,"レギュラー",20.6,55952365,9.8538825,0.0928571428571429,0.000703848711310058,0.918813422810635
"1282",152,2015,"Suzuki","Regular","スイフト",31473,"1.2 XG",1,1.315683,"DBA-ZC72S",5,"レギュラー",20.6,56412140,9.8538825,0.0928571428571429,0.000557911825362413,0.92791704055191
"1283",152,2016,"Suzuki","Regular","スイフト",17803,"1.2 XG",1,1.317,"DBA-ZC72S",5,"レギュラー",20.6,56950757,9.8538825,0.0928571428571429,0.000312603395245475,0.930048041328055
"1284",160,2008,"Suzuki","Regular","スプラッシュ",1835,"1.2",0,1.25533569979716,"DBA-XB32S",5,"レギュラー",18.6,52324877,9.923508,0.0838095238095238,3.50693609848333e-05,0.923564101259139
"1285",160,2009,"Suzuki","Regular","スプラッシュ",5399,"1.2",0,1.27341666666667,"DBA-XB32S",5,"レギュラー",18.6,52877802,9.923508,0.0838095238095238,0.000102103336292231,0.929189662611165
"1286",160,2010,"Suzuki","Regular","スプラッシュ",4325,"1.2",0,1.28265388601036,"DBA-XB32S",5,"レギュラー",18.6,53362801,9.923508,0.0838095238095238,8.10489689250008e-05,0.924956956438625
"1287",160,2011,"Suzuki","Regular","スプラッシュ",3091,"1.2",0,1.33511214953271,"DBA-XB32S",5,"レギュラー",19.6,53783435,9.923508,0.0866666666666667,5.74712269679317e-05,0.93898110077945
"1288",160,2012,"Suzuki","Regular","スプラッシュ",1028,"1.2",0,1.3365,"DBA-XB32S",5,"レギュラー",19.6,54171475,10.08378,0.0866666666666667,1.89767769845661e-05,0.919761848832804
"1289",160,2013,"Suzuki","Regular","スプラッシュ",1257,"1.2",0,1.33096583850932,"DBA-XB32S",5,"レギュラー",19.6,54594744,10.08378,0.0866666666666667,2.30241944169571e-05,0.919563190918159
"1290",160,2014,"Suzuki","Regular","スプラッシュ",330,"1.2",0,1.33334274193548,"DBA-XB32S",5,"レギュラー",19.6,55952365,10.08378,0.0866666666666667,5.89787402194706e-06,0.918813422810635
"1291",246,2007,"Suzuki","Regular","ランディ",4334,"2.0 S",0,2.26316666666667,"DBA-SC25",8,"レギュラー",13.2,51713048,14.50242,0.0850931677018634,8.3808635685137e-05,0.920174188920367
"1292",246,2008,"Suzuki","Regular","ランディ",2626,"2.0 S",0,2.21786105476673,"DBA-SC25",8,"レギュラー",12,52324877,14.595984,0.0850931677018634,5.01864533766606e-05,0.923564101259139
"1293",246,2009,"Suzuki","Regular","ランディ",2055,"2.0 S",0,2.28269444444444,"DBA-SC25",8,"レギュラー",12,52877802,14.595984,0.0850931677018634,3.88631887535719e-05,0.929189662611165
"1294",246,2010,"Suzuki","Regular","ランディ",1756,"2.0 S",0,2.29925284974093,"DBA-SC25",8,"レギュラー",12,53362801,14.595984,0.0850931677018634,3.290681836585e-05,0.924956956438625
"1295",246,2011,"Suzuki","Regular","ランディ",1944,"2.0 S",0,2.30402803738318,"DBA-SC26",8,"レギュラー",13.8,53783435,14.810104875,0.091875,3.61449580154187e-05,0.93898110077945
"1296",246,2012,"Suzuki","Regular","ランディ",1609,"2.0 S",0,2.30642307692308,"DBA-SC26",8,"レギュラー",13.8,54171475,14.810104875,0.091304347826087,2.97019787628083e-05,0.919761848832804
"1297",246,2013,"Suzuki","Regular","ランディ",1555,"2.0 S",0,2.29687267080745,"DBA-SC26",8,"レギュラー",13.8,54594744,14.810104875,0.091304347826087,2.84825953208976e-05,0.919563190918159
"1298",246,2014,"Suzuki","Regular","ランディ",1529,"2.0 S",0,2.32227217741936,"DBA-SC26",8,"レギュラー",13.8,55952365,14.810104875,0.091304347826087,2.7326816301688e-05,0.918813422810635
"1299",246,2015,"Suzuki","Regular","ランディ",1144,"2.0 S",0,2.303694,"DBA-SC26",8,"レギュラー",13.8,56412140,14.810104875,0.091304347826087,2.02793228549741e-05,0.92791704055191
"1300",246,2016,"Suzuki","Regular","ランディ",526,"2.0 S",0,2.306,"DBA-SC26",8,"レギュラー",13.8,56950757,14.810104875,0.091304347826087,9.23604931186428e-06,0.930048041328055
"1301",171,2006,"Suzuki","Regular","ソリオ",4270,"1.3 E",0,1.02777777777778,"DBA-MA34S",5,"レギュラー",18,51102005,9.5619285,0.0907216494845361,8.35583652735348e-05,0.915227533635911
"1302",171,2007,"Suzuki","Regular","ソリオ",4518,"1.3 E",0,1.02777777777778,"DBA-MA34S",5,"レギュラー",18,51713048,9.5619285,0.0907216494845361,8.73667318932738e-05,0.920174188920367
"1303",171,2008,"Suzuki","Regular","ソリオ",3052,"1.3 E",0,1.0131845841785,"DBA-MA34S",5,"レギュラー",18,52324877,9.5619285,0.0907216494845361,5.83278963082895e-05,0.923564101259139
"1304",171,2009,"Suzuki","Regular","ソリオ",1708,"1.3 E",0,1.02777777777778,"DBA-MA34S",5,"レギュラー",18,52877802,9.5619285,0.0907216494845361,3.23008887547936e-05,0.929189662611165
"1305",171,2010,"Suzuki","Regular","ソリオ",2312,"1.3 E",0,1.03523316062176,"DBA-MA34S",5,"レギュラー",18,53362801,9.5619285,0.0907216494845361,4.33260615386363e-05,0.924956956438625
"1306",171,2011,"Suzuki","Regular","ソリオ",36996,"1.2 G",0,1.43470093457944,"DBA-MA15S",5,"レギュラー",20,53783435,10.608003,0.091,0.000687869787416888,0.93898110077945
"1307",171,2012,"Suzuki","Regular","ソリオ",38877,"1.2 G",0,1.43619230769231,"DBA-MA15S",5,"レギュラー",20,54171475,10.608003,0.091,0.000717665524152702,0.919761848832804
"1308",171,2013,"Suzuki","Regular","ソリオ",30296,"1.2 G",0,1.43024534161491,"DBA-MA15S",5,"レギュラー",20.6,54594744,10.608003,0.091,0.000554925214046246,0.919563190918159
"1309",171,2014,"Suzuki","Regular","ソリオ",32857,"1.2 G",0,1.46526713709677,"DBA-MA15S",5,"レギュラー",20.6,55952365,10.608003,0.091,0.000587231656785196,0.918813422810635
"1310",171,2015,"Suzuki","Regular","ソリオ",38488,"1.2 G",0,1.453545,"DBA-MA26S",5,"レギュラー",24.8,56412140,10.52016875,0.0978494623655914,0.000682264491295668,0.92791704055191
"1311",171,2016,"Suzuki","Regular","ソリオ",48814,"1.2 G",0,1.455,"DBA-MA26S",5,"レギュラー",24.8,56950757,10.52016875,0.0978494623655914,0.000857126446975937,0.930048041328055
"1312",203,2012,"Toyota","KEI","ピクシスエポック",32284,"660 D",0,0.825576923076923,"DBA-LA300A",4,"レギュラー",30,54171475,7.5114375,0.0712328767123288,0.000595959404834371,0.919761848832804
"1313",203,2013,"Toyota","KEI","ピクシスエポック",29708,"660 D",0,0.770450310559006,"DBA-LA300A",4,"レギュラー",33.4,54594744,7.46136125,0.0712328767123288,0.00054415494649082,0.919563190918159
"1314",203,2014,"Toyota","KEI","ピクシスエポック",23756,"660 D",0,0.771405241935484,"DBA-LA300A",4,"レギュラー",35.2,55952365,7.46136125,0.0671232876712329,0.000424575440198104,0.918813422810635
"1315",203,2015,"Toyota","KEI","ピクシスエポック",18554,"660 D",0,0.765234,"DBA-LA300A",4,"レギュラー",35.2,56412140,7.46136125,0.0671232876712329,0.000328900835883907,0.92791704055191
"1316",203,2016,"Toyota","KEI","ピクシスエポック",21061,"660 D",0,0.766,"DBA-LA300A",4,"レギュラー",35.2,56950757,7.46136125,0.0671232876712329,0.000369810712085882,0.930048041328055
"1317",23,2016,"Toyota","Regular","C-HR",4655,"1.2 S-T 4WD",0,2.516,"DBA-NGX50",5,"レギュラー",15.4,56950757,12.248003,0.0789115646258503,8.17372805070879e-05,0.930048041328055
"1318",34,2010,"Toyota","Regular","FJクルーザー",263,"4.0 4WD",0,3.25063212435233,"CBA-GSJ15W",5,"レギュラー",8.4,53362801,16.246602,0.142268041237113,4.92852689647982e-06,0.924956956438625
"1319",34,2011,"Toyota","Regular","FJクルーザー",7033,"4.0 4WD",0,3.25738317757009,"CBA-GSJ15W",5,"レギュラー",8.4,53783435,16.246602,0.142268041237113,0.000130765169610308,0.93898110077945
"1320",34,2012,"Toyota","Regular","FJクルーザー",4752,"4.0 4WD",0,3.27115384615385,"CBA-GSJ15W",5,"レギュラー",8,54171475,16.246602,0.142268041237113,8.77214438041423e-05,0.919761848832804
"1321",34,2013,"Toyota","Regular","FJクルーザー",4032,"4.0 4WD",0,3.25760869565217,"CBA-GSJ15W",5,"レギュラー",8,54594744,16.246602,0.142268041237113,7.38532632372083e-05,0.919563190918159
"1322",34,2014,"Toyota","Regular","FJクルーザー",3360,"4.0 4WD",0,3.26286290322581,"CBA-GSJ15W",5,"レギュラー",8,55952365,16.246602,0.142268041237113,6.00510809507337e-05,0.918813422810635
"1323",34,2015,"Toyota","Regular","FJクルーザー",2236,"4.0 4WD",0,3.23676,"CBA-GSJ15W",5,"レギュラー",8,56412140,16.246602,0.142268041237113,3.96368583074494e-05,0.92791704055191
"1324",34,2016,"Toyota","Regular","FJクルーザー",2705,"4.0 4WD",0,3.24,"CBA-GSJ15W",5,"レギュラー",8,56950757,16.246602,0.142268041237113,4.7497173742572e-05,0.930048041328055
"1325",57,2006,"Toyota","Regular","RAV4",22523,"2.4 X",0,2.02883333333333,"DBA-ACA36W",5,"レギュラー",13.4,51102005,13.257622125,0.115646258503401,0.000440745915938132,0.915227533635911
"1326",57,2007,"Toyota","Regular","RAV4",14063,"2.4 X",0,2.04013888888889,"DBA-ACA36W",5,"レギュラー",13.4,51713048,13.257622125,0.115646258503401,0.000271942972690374,0.920174188920367
"1327",57,2008,"Toyota","Regular","RAV4",11210,"2.4 X",0,2.04663286004057,"DBA-ACA36W",5,"レギュラー",13.4,52324877,13.349370375,0.115646258503401,0.000214238439585821,0.923564101259139
"1328",57,2009,"Toyota","Regular","RAV4",7915,"2.4 X",0,2.07611111111111,"DBA-ACA36W",5,"レギュラー",13.4,52877802,13.349370375,0.115646258503401,0.000149684739165217,0.929189662611165
"1329",57,2010,"Toyota","Regular","RAV4",6026,"2.4 X",0,2.09117098445596,"DBA-ACA36W",5,"レギュラー",13.4,53362801,13.349370375,0.115646258503401,0.000112925106761169,0.924956956438625
"1330",57,2011,"Toyota","Regular","RAV4",4051,"2.4 X",0,2.09551401869159,"DBA-ACA36W",5,"レギュラー",13.4,53783435,13.349370375,0.115646258503401,7.53205889508545e-05,0.93898110077945
"1331",57,2012,"Toyota","Regular","RAV4",3012,"2.4 X",0,2.09769230769231,"DBA-ACA36W",5,"レギュラー",13.4,54171475,13.349370375,0.115646258503401,5.56012181687872e-05,0.919761848832804
"1332",57,2013,"Toyota","Regular","RAV4",2305,"2.4 スタイル",0,2.22344720496894,"DBA-ACA36W",5,"レギュラー",12.2,54594744,13.257622125,0.116438356164384,4.2220181488533e-05,0.919563190918159
"1333",57,2014,"Toyota","Regular","RAV4",2150,"2.4 スタイル",0,2.22660181451613,"DBA-ACA36W",5,"レギュラー",12.2,55952365,13.257622125,0.116438356164384,3.84255428702612e-05,0.918813422810635
"1334",57,2015,"Toyota","Regular","RAV4",1709,"2.4 スタイル",0,2.208789,"DBA-ACA36W",5,"レギュラー",12.2,56412140,13.257622125,0.116438356164384,3.02948975167402e-05,0.92791704055191
"1335",57,2016,"Toyota","Regular","RAV4",775,"2.4 スタイル",0,2.211,"DBA-ACA36W",5,"レギュラー",12.2,56950757,13.257622125,0.116438356164384,1.36082475602563e-05,0.930048041328055
"1336",65,2010,"Toyota","Regular","SAI",33444,"2.4 S",0,3.49908808290155,"DAA-AZK10",5,"レギュラー",19.8,53362801,12.18552075,0.0955414012738854,0.000626728720630688,0.924956956438625
"1337",65,2011,"Toyota","Regular","SAI",12755,"2.4 S",0,3.59971962616822,"DAA-AZK10",5,"レギュラー",21,53783435,12.1987515,0.0955414012738854,0.000237154804262688,0.93898110077945
"1338",65,2012,"Toyota","Regular","SAI",8543,"2.4 S",0,3.60346153846154,"DAA-AZK10",5,"レギュラー",21,54171475,12.1987515,0.0955414012738854,0.000157702923909678,0.919761848832804
"1339",65,2013,"Toyota","Regular","SAI",12528,"2.4 S",0,3.31965838509317,"DAA-AZK10",5,"レギュラー",22.4,54594744,12.34057275,0.0955414012738854,0.000229472639344183,0.919563190918159
"1340",65,2014,"Toyota","Regular","SAI",16198,"2.4 S",0,3.32530040322581,"DAA-AZK10",5,"レギュラー",22.4,55952365,12.34057275,0.0955414012738854,0.000289496252749995,0.918813422810635
"1341",65,2015,"Toyota","Regular","SAI",8254,"2.4 S",0,3.300696,"DAA-AZK10",5,"レギュラー",22.4,56412140,12.34057275,0.0955414012738854,0.000146316023465871,0.92791704055191
"1342",65,2016,"Toyota","Regular","SAI",4617,"2.4 S",0,3.304,"DAA-AZK10",5,"レギュラー",22.4,56950757,12.34057275,0.0955414012738854,8.10700374009076e-05,0.930048041328055
"1343",76,2006,"Toyota","Regular","アイシス",45196,"1.8 L Xセレクション",0,1.83458333333333,"CBA-ZNM10G",7,"レギュラー",14.4,51102005,12.814878,0.0942857142857143,0.000884427137447934,0.915227533635911
"1344",76,2007,"Toyota","Regular","アイシス",36658,"1.8 L Xセレクション",0,1.86747222222222,"CBA-ZNM10G",7,"レギュラー",14.4,51713048,12.884373,0.0942857142857143,0.000708873319553703,0.920174188920367
"1345",76,2008,"Toyota","Regular","アイシス",26536,"1.8 L Xセレクション",0,1.84095638945233,"CBA-ZNM10G",7,"レギュラー",14.4,52324877,12.884373,0.0942857142857143,0.000507139271440619,0.923564101259139
"1346",76,2009,"Toyota","Regular","アイシス",22345,"1.8 L Xセレクション",0,1.93941666666667,"DBA-ZGM10G",7,"レギュラー",16.4,52877802,12.884373,0.100699300699301,0.00042257807917205,0.929189662611165
"1347",76,2010,"Toyota","Regular","アイシス",29301,"1.8 L Xセレクション",0,1.95348497409326,"DBA-ZGM10G",7,"レギュラー",16.4,53362801,12.884373,0.100699300699301,0.000549090367276635,0.924956956438625
"1348",76,2011,"Toyota","Regular","アイシス",18064,"1.8 L Xセレクション",0,1.96065420560748,"DBA-ZGM10G",7,"レギュラー",16.4,53783435,12.884373,0.100699300699301,0.000335865494645331,0.93898110077945
"1349",76,2012,"Toyota","Regular","アイシス",19287,"1.8 L Xセレクション",0,1.97307692307692,"DBA-ZGM10G",7,"レギュラー",15.2,54171475,12.884373,0.0993055555555555,0.0003560360872581,0.919761848832804
"1350",76,2013,"Toyota","Regular","アイシス",14025,"1.8 L Xセレクション",0,1.9855900621118,"DBA-ZGM10G",7,"レギュラー",15.2,54594744,12.884373,0.0993055555555555,0.000256892861334783,0.919563190918159
"1351",76,2014,"Toyota","Regular","アイシス",9790,"1.8 L Xセレクション",0,1.98893649193548,"DBA-ZGM10G",7,"レギュラー",15.2,55952365,12.884373,0.0993055555555555,0.000174970262651096,0.918813422810635
"1352",76,2015,"Toyota","Regular","アイシス",4716,"1.8 L Xセレクション",0,1.973025,"DBA-ZGM10G",7,"レギュラー",15.2,56412140,12.884373,0.0993055555555555,8.35990267343164e-05,0.92791704055191
"1353",76,2016,"Toyota","Regular","アイシス",3346,"1.8 L Xセレクション",0,1.99,"DBA-ZGM10G",7,"レギュラー",15.4,56950757,12.884373,0.0993055555555555,5.87525114020872e-05,0.930048041328055
"1354",87,2006,"Toyota","Regular","アルファード",66199,"2.4 G AX",1,2.91375,"DBA-ANH10W",8,"レギュラー",9.7,51102005,16.904547,0.0893258426966292,0.00129542862359314,0.915227533635911
"1355",87,2007,"Toyota","Regular","アルファード",52236,"2.4 G AX",1,2.91375,"DBA-ANH10W",8,"レギュラー",9.7,51713048,16.904547,0.0893258426966292,0.00101011257352303,0.920174188920367
"1356",87,2008,"Toyota","Regular","アルファード",45119,"2.4 240X",1,3.0395537525355,"DBA-ANH20W",8,"レギュラー",11.6,52324877,16.774695,0.0918918918918919,0.000862285830122448,0.923564101259139
"1357",87,2009,"Toyota","Regular","アルファード",29602,"2.4 240X",1,3.08333333333333,"DBA-ANH20W",8,"レギュラー",11.6,52877802,16.774695,0.0918918918918919,0.000559819033325175,0.929189662611165
"1358",87,2010,"Toyota","Regular","アルファード",35754,"2.4 240X",1,3.10569948186528,"DBA-ANH20W",8,"レギュラー",11.6,53362801,16.774695,0.0918918918918919,0.000670017302877336,0.924956956438625
"1359",87,2011,"Toyota","Regular","アルファード",17783,"2.4 240X",1,3.11214953271028,"DBA-ANH20W",8,"レギュラー",11.2,53783435,16.843869,0.0918918918918919,0.000330640837648246,0.93898110077945
"1360",87,2012,"Toyota","Regular","アルファード",41471,"2.4 240X",1,3.11538461538462,"DBA-ANH20W",8,"レギュラー",11.2,54171475,16.843869,0.0918918918918919,0.000765550504209088,0.919761848832804
"1361",87,2013,"Toyota","Regular","アルファード",33764,"2.4 240X",1,3.10248447204969,"DBA-ANH20W",8,"レギュラー",11.2,54594744,16.843869,0.0918918918918919,0.000618447812485392,0.919563190918159
"1362",87,2014,"Toyota","Regular","アルファード",25863,"2.4 240X",1,3.10777620967742,"DBA-ANH20W",8,"レギュラー",11.2,55952365,16.843869,0.0918918918918919,0.00046223247221096,0.918813422810635
"1363",87,2015,"Toyota","Regular","アルファード",44366,"2.5 X",1,3.194802,"DBA-AGH30W",8,"レギュラー",11.6,56412140,17.09437,0.0947916666666667,0.00078646192113967,0.92791704055191
"1364",87,2016,"Toyota","Regular","アルファード",37069,"2.5 X",1,3.198,"DBA-AGH30W",8,"レギュラー",11.6,56950757,17.09437,0.0947916666666667,0.000650895650078892,0.930048041328055
"1365",90,2006,"Toyota","Regular","イスト",18945,"1.3 F",0,1.35975,"DBA-NCP60",5,"レギュラー",18,51102005,9.99736425,0.087,0.000370729093701901,0.915227533635911
"1366",90,2007,"Toyota","Regular","イスト",16602,"1.5 150X",0,1.70508333333333,"DBA-NCP110",5,"レギュラー",18,51713048,10.33835625,0.0947826086956522,0.000321040832866784,0.920174188920367
"1367",90,2008,"Toyota","Regular","イスト",13004,"1.5 150X",0,1.68087322515213,"DBA-NCP110",5,"レギュラー",18,52324877,10.33835625,0.0947826086956522,0.000248524234466906,0.923564101259139
"1368",90,2009,"Toyota","Regular","イスト",5269,"1.5 150X",0,1.70508333333333,"DBA-NCP110",5,"レギュラー",18.6,52877802,10.33835625,0.0947826086956522,9.96448377336108e-05,0.929189662611165
"1369",90,2010,"Toyota","Regular","イスト",4915,"1.5 150X",0,1.79612953367876,"DBA-NCP110",5,"レギュラー",18.6,53362801,10.33835625,0.0947826086956522,9.21053600615905e-05,0.924956956438625
"1370",90,2011,"Toyota","Regular","イスト",1689,"1.5 150X",0,1.79985981308411,"DBA-NCP110",5,"レギュラー",18.6,53783435,10.33835625,0.0947826086956522,3.14037212387048e-05,0.93898110077945
"1371",90,2012,"Toyota","Regular","イスト",944,"1.5 150X",0,1.84326923076923,"DBA-NCP110",5,"レギュラー",17.2,54171475,10.33835625,0.0947826086956522,1.74261454021697e-05,0.919761848832804
"1372",90,2013,"Toyota","Regular","イスト",527,"1.5 150X",0,1.83563664596273,"DBA-NCP110",5,"レギュラー",17.2,54594744,10.33835625,0.0947826086956522,9.65294388045853e-06,0.919563190918159
"1373",90,2014,"Toyota","Regular","イスト",380,"1.5 150X",0,1.83888508064516,"DBA-NCP110",5,"レギュラー",17.2,55952365,10.33835625,0.0947826086956522,6.79149129799965e-06,0.918813422810635
"1374",90,2015,"Toyota","Regular","イスト",300,"1.5 150X",0,1.824174,"DBA-NCP110",5,"レギュラー",17.2,56412140,10.33835625,0.0947826086956522,5.31800424518552e-06,0.92791704055191
"1375",90,2016,"Toyota","Regular","イスト",76,"1.5 150X",0,1.826,"DBA-NCP110",5,"レギュラー",17.2,56950757,10.33835625,0.0947826086956522,1.33448621236062e-06,0.930048041328055
"1376",91,2006,"Toyota","Regular","イプサム",7193,"2.4 240i",0,2.32072222222222,"DBA-ACM21W",7,"レギュラー",12,51102005,13.702304,0.10738255033557,0.000140757686513474,0.915227533635911
"1377",91,2007,"Toyota","Regular","イプサム",4922,"2.4 240i",0,2.32072222222222,"DBA-ACM21W",7,"レギュラー",12,51713048,13.702304,0.10738255033557,9.51790735676613e-05,0.920174188920367
"1378",91,2008,"Toyota","Regular","イプサム",2834,"2.4 240i",0,2.28777079107505,"DBA-ACM21W",7,"レギュラー",12,52324877,13.702304,0.10738255033557,5.41616180005545e-05,0.923564101259139
"1379",91,2009,"Toyota","Regular","イプサム",1183,"2.4 240i",0,2.32072222222222,"DBA-ACM21W",7,"レギュラー",12,52877802,13.702304,0.10738255033557,2.23723368834431e-05,0.929189662611165
"1380",91,2010,"Toyota","Regular","イプサム",21,"2.4 240i",0,2.33755647668394,"DBA-ACM21W",7,"レギュラー",12,53362801,13.702304,0.10738255033557,3.93532565878616e-07,0.924956956438625
"1381",256,2007,"Toyota","Regular","ヴァンガード",13159,"2.4 240S 4WD",0,2.7195,"DBA-ACA33W",5,"レギュラー",12.6,51713048,13.97631675,0.106918238993711,0.000254461891319962,0.920174188920367
"1382",256,2008,"Toyota","Regular","ヴァンガード",20230,"2.4 240S 4WD",0,2.6859523326572,"DBA-ACA33W",5,"レギュラー",12.6,52324877,13.97631675,0.106918238993711,0.000386622982410451,0.923564101259139
"1383",256,2009,"Toyota","Regular","ヴァンガード",19070,"2.4 240S 4WD",0,2.72463888888889,"DBA-ACA33W",5,"レギュラー",12.6,52877802,13.97631675,0.106918238993711,0.000360642827022197,0.929189662611165
"1384",256,2010,"Toyota","Regular","ヴァンガード",26374,"2.4 240S 4WD",0,2.72266321243523,"DBA-ACA33W",5,"レギュラー",12.6,53362801,13.97631675,0.106918238993711,0.000494239423451554,0.924956956438625
"1385",256,2011,"Toyota","Regular","ヴァンガード",19036,"2.4 240S 4WD",0,2.72831775700935,"DBA-ACA33W",5,"レギュラー",12.6,53783435,13.97631675,0.106918238993711,0.00035393797365304,0.93898110077945
"1386",256,2012,"Toyota","Regular","ヴァンガード",17023,"2.4 240S 4WD",0,2.73115384615385,"DBA-ACA33W",5,"レギュラー",12.6,54171475,13.97631675,0.106918238993711,0.000314242874132558,0.919761848832804
"1387",256,2013,"Toyota","Regular","ヴァンガード",11065,"2.4 240S 4WD",0,2.71984472049689,"DBA-ACA33W",5,"レギュラー",12.6,54594744,13.97631675,0.106918238993711,0.000202675187926515,0.919563190918159
"1388",256,2014,"Toyota","Regular","ヴァンガード",581,"2.4 240S 4WD",0,2.64855846774194,"DBA-ACA33W",5,"レギュラー",12.6,55952365,13.97631675,0.106918238993711,1.0383832747731e-05,0.918813422810635
"1389",96,2006,"Toyota","Regular","ウィッシュ",78142,"1.8 Eパッケージ",0,1.76983333333333,"DBA-ZNE10G",7,"レギュラー",14.4,51102005,12.289428,0.101538461538462,0.0015291376532095,0.915227533635911
"1390",96,2007,"Toyota","Regular","ウィッシュ",56787,"1.8 Eパッケージ",0,1.76983333333333,"DBA-ZNE10G",7,"レギュラー",14.4,51713048,12.289428,0.101538461538462,0.00109811744223624,0.920174188920367
"1391",96,2008,"Toyota","Regular","ウィッシュ",39292,"1.8 Eパッケージ",0,1.74470385395538,"DBA-ZNE10G",7,"レギュラー",14.4,52324877,12.289428,0.101538461538462,0.000750923886548267,0.923564101259139
"1392",96,2009,"Toyota","Regular","ウィッシュ",60357,"1.8 X",0,1.89111111111111,"DBA-ZGE20G",7,"レギュラー",16,52877802,12.3702795,0.107462686567164,0.00114144305771257,0.929189662611165
"1393",96,2010,"Toyota","Regular","ウィッシュ",59447,"1.8 X",0,1.90482901554404,"DBA-ZGE20G",7,"レギュラー",16.4,53362801,12.3702795,0.107462686567164,0.00111401573541839,0.924956956438625
"1394",96,2011,"Toyota","Regular","ウィッシュ",36766,"1.8 X",0,1.90878504672897,"DBA-ZGE20G",7,"レギュラー",16.4,53783435,12.3702795,0.107462686567164,0.000683593377775146,0.93898110077945
"1395",96,2012,"Toyota","Regular","ウィッシュ",36513,"1.8 X",0,1.92115384615385,"DBA-ZGE20G",7,"レギュラー",15.8,54171475,12.3702795,0.105925925925926,0.000674026321048116,0.919761848832804
"1396",96,2013,"Toyota","Regular","ウィッシュ",26021,"1.8 X",0,1.91319875776398,"DBA-ZGE20G",7,"レギュラー",15.8,54594744,12.3702795,0.105925925925926,0.000476620972890724,0.919563190918159
"1397",96,2014,"Toyota","Regular","ウィッシュ",18588,"1.8 X",0,1.91642842741936,"DBA-ZGE20G",7,"レギュラー",15.8,55952365,12.3702795,0.105925925925926,0.000332211158545309,0.918813422810635
"1398",96,2015,"Toyota","Regular","ウィッシュ",13204,"1.8 X",0,1.904094,"DBA-ZGE20G",7,"レギュラー",16,56412140,12.3702795,0.105925925925926,0.000234063093511432,0.92791704055191
"1399",96,2016,"Toyota","Regular","ウィッシュ",10752,"1.8 X",0,1.906,"DBA-ZGE20G",7,"レギュラー",16,56950757,12.3702795,0.105925925925926,0.000188794680990808,0.930048041328055
"1400",97,2006,"Toyota","Regular","ウィンダム",289,"3.0 X",0,3.45333333333333,"TA-MCV30",5,"ハイオク",9.8,51102005,12.81222075,0.141447368421053,5.65535540141722e-06,0.915227533635911
"1401",259,2008,"Toyota","Regular","ヴェルファイア",38969,"2.4 X",0,3.0395537525355,"DBA-ANH20W",8,"レギュラー",11.6,52324877,16.774695,0.0918918918918919,0.0007447509145602,0.923564101259139
"1402",259,2009,"Toyota","Regular","ヴェルファイア",49636,"2.4 X",0,3.08333333333333,"DBA-ANH20W",8,"レギュラー",11.6,52877802,16.774695,0.0918918918918919,0.000938692572735909,0.929189662611165
"1403",259,2010,"Toyota","Regular","ヴェルファイア",61015,"2.4 X",0,3.10569948186528,"DBA-ANH20W",8,"レギュラー",11.6,53362801,16.774695,0.0918918918918919,0.00114339950033732,0.924956956438625
"1404",259,2011,"Toyota","Regular","ヴェルファイア",27206,"2.4 X",0,3.11214953271028,"DBA-ANH20W",8,"レギュラー",11.2,53783435,16.843869,0.0918918918918919,0.000505843481361873,0.93898110077945
"1405",259,2012,"Toyota","Regular","ヴェルファイア",58513,"2.4 X",0,3.11538461538462,"DBA-ANH20W",8,"レギュラー",11.2,54171475,16.843869,0.0918918918918919,0.00108014411643766,0.919761848832804
"1406",259,2013,"Toyota","Regular","ヴェルファイア",50575,"2.4 X",0,3.10248447204969,"DBA-ANH20W",8,"レギュラー",11.2,54594744,16.843869,0.0918918918918919,0.000926371227237552,0.919563190918159
"1407",259,2014,"Toyota","Regular","ヴェルファイア",36734,"2.4 X",0,3.10777620967742,"DBA-ANH20W",8,"レギュラー",11.2,55952365,16.843869,0.0918918918918919,0.000656522740370313,0.918813422810635
"1408",259,2015,"Toyota","Regular","ヴェルファイア",54180,"2.5 X",0,3.194802,"DBA-AGH30W",8,"レギュラー",11.6,56412140,17.14654,0.0947916666666667,0.000960431566680505,0.92791704055191
"1409",259,2016,"Toyota","Regular","ヴェルファイア",48982,"2.5 X",0,3.198,"DBA-AGH30W",8,"レギュラー",11.6,56950757,17.14654,0.0947916666666667,0.000860076363866419,0.930048041328055
"1410",260,2006,"Toyota","Regular","ヴォクシー",63546,"2.0 X Eエディション",0,2.05041666666667,"DBA-AZR60G",8,"レギュラー",14.2,51102005,14.361735,0.103333333333333,0.00124351285238221,0.915227533635911
"1411",260,2007,"Toyota","Regular","ヴォクシー",73457,"2.0 トランスX",0,2.05041666666667,"DBA-ZRR70G",5,"レギュラー",13.4,51713048,14.40877125,0.0934640522875817,0.00142047322370169,0.920174188920367
"1412",260,2008,"Toyota","Regular","ヴォクシー",70165,"2.0 トランスX",0,2.02130324543611,"DBA-ZRR70G",5,"レギュラー",13.4,52324877,14.40877125,0.0934640522875817,0.00134094916267075,0.923564101259139
"1413",260,2009,"Toyota","Regular","ヴォクシー",71426,"2.0 トランスX",0,2.05041666666667,"DBA-ZRR70G",5,"レギュラー",13.4,52877802,14.40877125,0.0934640522875817,0.00135077475421539,0.929189662611165
"1414",260,2010,"Toyota","Regular","ヴォクシー",72163,"2.0 トランスX",0,2.12222797927461,"DBA-ZRR70G",5,"レギュラー",13.6,53362801,14.40877125,0.101935483870968,0.00135230907388089,0.924956956438625
"1415",260,2011,"Toyota","Regular","ヴォクシー",48652,"2.0 トランスX",0,2.12663551401869,"DBA-ZRR70G",5,"レギュラー",13.6,53783435,14.40877125,0.101935483870968,0.000904590790826209,0.93898110077945
"1416",260,2012,"Toyota","Regular","ヴォクシー",50539,"2.0 トランスX",0,2.12884615384615,"DBA-ZRR70G",5,"レギュラー",13.6,54171475,14.40877125,0.101935483870968,0.000932944875508743,0.919761848832804
"1417",260,2013,"Toyota","Regular","ヴォクシー",41918,"2.0 トランスX",0,2.12003105590062,"DBA-ZRR70G",5,"レギュラー",13.6,54594744,14.40877125,0.101935483870968,0.000767802849299925,0.919563190918159
"1418",260,2014,"Toyota","Regular","ヴォクシー",109174,"2.0 X Cパッケージ",0,2.25782056451613,"DBA-ZRR80G",8,"レギュラー",14.6,55952365,14.523395625,0.0974358974358974,0.0019511954499153,0.918813422810635
"1419",260,2015,"Toyota","Regular","ヴォクシー",92546,"2.0 X Cパッケージ",0,2.239758,"DBA-ZRR80G",8,"レギュラー",14.6,56412140,14.523395625,0.0974358974358974,0.00164053340291646,0.92791704055191
"1420",260,2016,"Toyota","Regular","ヴォクシー",91868,"2.0 X Cパッケージ",0,2.254,"DBA-ZRR80G",8,"レギュラー",14.6,56950757,14.523395625,0.0974358974358974,0.00161311288627823,0.930048041328055
"1421",105,2006,"Toyota","Regular","エスティマ",95626,"2.4 X",0,2.74108333333333,"DBA-ACR50W",8,"レギュラー",12.4,51102005,14.93163,0.1,0.00187127687064333,0.915227533635911
"1422",105,2007,"Toyota","Regular","エスティマ",74234,"2.4 X",0,2.74108333333333,"DBA-ACR50W",8,"レギュラー",12.4,51713048,14.93163,0.1,0.00143549844518931,0.920174188920367
"1423",105,2008,"Toyota","Regular","エスティマ",58463,"2.4 X",0,2.70216328600406,"DBA-ACR50W",8,"レギュラー",12.4,52324877,14.93163,0.1,0.00111730792983995,0.923564101259139
"1424",105,2009,"Toyota","Regular","エスティマ",52403,"2.4 X",0,2.81611111111111,"DBA-ACR50W",8,"レギュラー",12.4,52877802,14.93163,0.1,0.00099102076897977,0.929189662611165
"1425",105,2010,"Toyota","Regular","エスティマ",50053,"2.4 X",0,2.83653886010363,"DBA-ACR50W",8,"レギュラー",12.4,53362801,14.93163,0.1,0.000937975500948685,0.924956956438625
"1426",105,2011,"Toyota","Regular","エスティマ",32901,"2.4 X",0,2.84242990654206,"DBA-ACR50W",8,"レギュラー",12.4,53783435,14.93163,0.1,0.000611731102708483,0.93898110077945
"1427",105,2012,"Toyota","Regular","エスティマ",39331,"2.4 X",0,2.85576923076923,"DBA-ACR50W",8,"レギュラー",11.6,54171475,14.93163,0.1,0.000726046318657559,0.919761848832804
"1428",105,2013,"Toyota","Regular","エスティマ",34882,"2.4 X",0,2.84394409937888,"DBA-ACR50W",8,"レギュラー",11.6,54594744,14.93163,0.1,0.000638925974265948,0.919563190918159
"1429",105,2014,"Toyota","Regular","エスティマ",25688,"2.4 X",0,2.89931552419355,"DBA-ACR50W",8,"レギュラー",11.6,55952365,14.93163,0.1,0.000459104811744776,0.918813422810635
"1430",105,2015,"Toyota","Regular","エスティマ",17193,"2.4 X",0,2.876121,"DBA-ACR50W",8,"レギュラー",11.6,56412140,14.93163,0.1,0.000304774823291582,0.92791704055191
"1431",105,2016,"Toyota","Regular","エスティマ",20336,"2.4 アエラス",0,3.271,"DBA-ACR50W",8,"レギュラー",11.6,56950757,15.223729,0.0982658959537572,0.000357080415981126,0.930048041328055
"1432",114,2006,"Toyota","Regular","オーリス",9342,"1.5 150X",0,1.66705555555556,"DBA-NZE151H",5,"レギュラー",17.6,51102005,11.252208,0.0887096774193548,0.000182810831003598,0.915227533635911
"1433",114,2007,"Toyota","Regular","オーリス",32343,"1.5 150X",0,1.66705555555556,"DBA-NZE151H",5,"レギュラー",17.6,51713048,11.252208,0.0887096774193548,0.000625432095977015,0.920174188920367
"1434",114,2008,"Toyota","Regular","オーリス",22900,"1.5 150X",0,1.64338539553753,"DBA-NZE151H",5,"レギュラー",17.6,52324877,11.252208,0.0887096774193548,0.000437650335996012,0.923564101259139
"1435",114,2009,"Toyota","Regular","オーリス",13513,"1.5 150X",0,1.66705555555556,"DBA-NZE151H",5,"レギュラー",17.6,52877802,11.252208,0.0887096774193548,0.000255551469404874,0.929189662611165
"1436",114,2010,"Toyota","Regular","オーリス",18606,"1.5 150X",0,1.6791481865285,"DBA-NZE151H",5,"レギュラー",20,53362801,11.318868,0.0887096774193548,0.000348669853368454,0.924956956438625
"1437",114,2011,"Toyota","Regular","オーリス",7240,"1.5 150X",0,1.68263551401869,"DBA-NZE151H",5,"レギュラー",20,53783435,11.318868,0.0887096774193548,0.000134613938287876,0.93898110077945
"1438",114,2012,"Toyota","Regular","オーリス",10117,"1.5 150X Cパッケージ",0,1.77576923076923,"DBA-NZE181H",5,"レギュラー",18.2,54171475,10.98504,0.0885245901639344,0.000186758806179821,0.919761848832804
"1439",114,2013,"Toyota","Regular","オーリス",13521,"1.5 150X Cパッケージ",0,1.76841614906832,"DBA-NZE181H",5,"レギュラー",18.2,54594744,10.98504,0.0885245901639344,0.000247661203430132,0.919563190918159
"1440",114,2014,"Toyota","Regular","オーリス",8838,"1.5 150X Cパッケージ",0,1.7714122983871,"DBA-NZE181H",5,"レギュラー",18.2,55952365,10.98504,0.0885245901639344,0.000157955789715055,0.918813422810635
"1441",114,2015,"Toyota","Regular","オーリス",7995,"1.5 150X Cパッケージ",0,1.78821,"DBA-NZE181H",5,"レギュラー",18.2,56412140,11.278784,0.0885245901639344,0.000141724813134194,0.92791704055191
"1442",114,2016,"Toyota","Regular","オーリス",15445,"1.5 150X Cパッケージ",0,1.79,"DBA-NZE181H",5,"レギュラー",18.2,56950757,11.278784,0.0885245901639344,0.000271199204604076,0.930048041328055
"1443",115,2006,"Toyota","Regular","カムリ",12942,"2.4 G",0,2.54683333333333,"DBA-ACV40",5,"レギュラー",11.4,51102005,12.882051,0.111333333333333,0.000253258164723674,0.915227533635911
"1444",115,2007,"Toyota","Regular","カムリ",7341,"2.4 G",0,2.54683333333333,"DBA-ACV40",5,"レギュラー",11.4,51713048,12.882051,0.111333333333333,0.000141956436217026,0.920174188920367
"1445",115,2008,"Toyota","Regular","カムリ",4864,"2.4 G",0,2.51067139959432,"DBA-ACV40",5,"レギュラー",11.4,52324877,12.882051,0.111333333333333,9.29576958202883e-05,0.923564101259139
"1446",115,2009,"Toyota","Regular","カムリ",2626,"2.4 G",0,2.57458333333333,"DBA-ACV40",5,"レギュラー",11.4,52877802,12.882051,0.111333333333333,4.96616708841264e-05,0.929189662611165
"1447",115,2010,"Toyota","Regular","カムリ",1176,"2.4 G",0,2.59325906735751,"DBA-ACV40",5,"レギュラー",11.4,53362801,12.882051,0.111333333333333,2.20378236892025e-05,0.924956956438625
"1448",115,2011,"Toyota","Regular","カムリ",5286,"2.5",0,3.15364485981308,"DAA-AVV50",5,"レギュラー",23.4,53783435,12.94426875,0.103896103896104,9.82830494184687e-05,0.93898110077945
"1449",115,2012,"Toyota","Regular","カムリ",19306,"2.5",0,3.15692307692308,"DAA-AVV50",5,"レギュラー",23.4,54171475,12.94426875,0.103896103896104,0.000356386825354119,0.919761848832804
"1450",115,2013,"Toyota","Regular","カムリ",11572,"2.5",0,3.15419254658385,"DAA-AVV50",5,"レギュラー",23.4,54594744,12.94426875,0.103896103896104,0.000211961796175837,0.919563190918159
"1451",115,2014,"Toyota","Regular","カムリ",8834,"2.5",0,3.23063709677419,"DAA-AVV50",5,"レギュラー",23.4,55952365,13.0113375,0.103896103896104,0.000157884300332971,0.918813422810635
"1452",115,2015,"Toyota","Regular","カムリ",7201,"2.5",0,3.217779,"DAA-AVV50",5,"レギュラー",23.4,56412140,13.0113375,0.103896103896104,0.00012764982856527,0.92791704055191
"1453",115,2016,"Toyota","Regular","カムリ",4900,"2.5",0,3.208,"DAA-AVV50",5,"レギュラー",23.4,56950757,13.0113375,0.103896103896104,8.60392426390399e-05,0.930048041328055
"1454",116,2006,"Toyota","Regular","カルディナ",10898,"1.8 X",1,1.87775,"CBA-ZZT241W",5,"レギュラー",15.6,51102005,11.339493,0.106451612903226,0.000213259734133719,0.915227533635911
"1455",116,2007,"Toyota","Regular","カルディナ",4453,"1.8 X",1,1.87775,"CBA-ZZT241W",5,"レギュラー",15.6,51713048,11.339493,0.106451612903226,8.61097957327907e-05,0.920174188920367
"1456",117,2006,"Toyota","Regular","カローラ",143176,"1.5 X",1,1.53241666666667,"DBA-NZE141",5,"レギュラー",18.2,51102005,10.913427,0.0973451327433628,0.00280176873686267,0.915227533635911
"1457",117,2007,"Toyota","Regular","カローラ",147069,"1.5 X",1,1.53241666666667,"DBA-NZE141",5,"レギュラー",18.2,51713048,10.913427,0.0973451327433628,0.00284394375670914,0.920174188920367
"1458",117,2008,"Toyota","Regular","カローラ",144051,"1.5 X",1,1.45898580121704,"DBA-NZE141",5,"レギュラー",18.2,52324877,10.913427,0.0973451327433628,0.00275301172709876,0.923564101259139
"1459",117,2009,"Toyota","Regular","カローラ",90178,"1.5 X",1,1.48,"DBA-NZE141",5,"レギュラー",18.6,52877802,10.913427,0.0973451327433628,0.00170540371553265,0.929189662611165
"1460",117,2010,"Toyota","Regular","カローラ",111265,"1.5 X",1,1.49073575129534,"DBA-NZE141",5,"レギュラー",20,53362801,10.913427,0.0973451327433628,0.00208506671154687,0.924956956438625
"1461",117,2011,"Toyota","Regular","カローラ",70758,"1.5 X",1,1.49383177570093,"DBA-NZE141",5,"レギュラー",20,53783435,10.913427,0.0973451327433628,0.0013156095366538,0.93898110077945
"1462",117,2012,"Toyota","Regular","カローラ",80459,"1.3 X",1,1.44865384615385,"DBA-NRE160",5,"レギュラー",20.6,54171475,10.789692,0.0904761904761905,0.00148526507723853,0.919761848832804
"1463",117,2013,"Toyota","Regular","カローラ",101664,"1.3 X",1,1.44265527950311,"DBA-NRE160",5,"レギュラー",20.6,54594744,10.789692,0.0904761904761905,0.00186215728019532,0.919563190918159
"1464",117,2014,"Toyota","Regular","カローラ",114331,"1.3 X",1,1.44512600806452,"DBA-NRE160",5,"レギュラー",20.6,55952365,10.789692,0.0904761904761905,0.00204336313576736,0.918813422810635
"1465",117,2015,"Toyota","Regular","カローラ",109027,"1.3 X",1,1.483515,"DBA-NRE160",5,"レギュラー",20.6,56412140,10.88868,0.0904761904761905,0.00193268682946614,0.92791704055191
"1466",117,2016,"Toyota","Regular","カローラ",84770,"1.3 X",1,1.485,"DBA-NRE160",5,"レギュラー",20.6,56950757,10.88868,0.0904761904761905,0.00148847889765539,0.930048041328055
"1467",124,2006,"Toyota","Regular","クラウン",64389,"2.5 ロイヤルエクストラ",0,3.46463888888889,"DBA-GRS180",5,"ハイオク",12,51102005,12.664344,0.138709677419355,0.001260009269695,0.915227533635911
"1468",124,2007,"Toyota","Regular","クラウン",51339,"2.5 ロイヤルエクストラ",0,3.46463888888889,"DBA-GRS180",5,"ハイオク",12,51713048,12.664344,0.138709677419355,0.000992766854508363,0.920174188920367
"1469",124,2008,"Toyota","Regular","クラウン",73376,"2.5 ロイヤルサルーン",0,3.72851926977688,"DBA-GRS200",5,"ハイオク",12,52324877,12.8502255,0.135220125786164,0.00140231576655211,0.923564101259139
"1470",124,2009,"Toyota","Regular","クラウン",36513,"2.5 ロイヤルサルーン",0,3.78222222222222,"DBA-GRS200",5,"ハイオク",12,52877802,12.8502255,0.135220125786164,0.000690516599006895,0.929189662611165
"1471",124,2010,"Toyota","Regular","クラウン",38545,"2.5 ロイヤルサルーン スペシャルパッケージ",0,3.57155440414508,"DBA-GRS200",5,"レギュラー",12.4,53362801,12.8502255,0.127672955974843,0.000722319654847203,0.924956956438625
"1472",124,2011,"Toyota","Regular","クラウン",28325,"2.5 ロイヤルサルーン スペシャルパッケージ",0,3.57897196261682,"DBA-GRS200",5,"レギュラー",12.4,53783435,12.8502255,0.127672955974843,0.000526649143923217,0.93898110077945
"1473",124,2012,"Toyota","Regular","クラウン",28616,"2.5 ロイヤルサルーン スペシャルパッケージ",0,3.58269230769231,"DBA-GRS200",5,"レギュラー",12.4,54171475,12.8502255,0.127672955974843,0.000528248492403059,0.919761848832804
"1474",124,2013,"Toyota","Regular","クラウン",82361,"2.5 ロイヤル",0,3.6505900621118,"DBA-GRS210",5,"レギュラー",11.4,54594744,12.86406,0.131818181818182,0.0015085884458035,0.919563190918159
"1475",124,2014,"Toyota","Regular","クラウン",49159,"2.5 ロイヤル",0,3.65662197580645,"DBA-GRS210",5,"レギュラー",11.4,55952365,12.86406,0.131818181818182,0.000878586633469381,0.918813422810635
"1476",124,2015,"Toyota","Regular","クラウン",44315,"2.5 ロイヤル",0,3.72627,"DBA-GRS210",5,"レギュラー",11.4,56412140,12.86406,0.131818181818182,0.000785557860417988,0.92791704055191
"1477",124,2016,"Toyota","Regular","クラウン",39813,"2.5 ロイヤル",0,3.812,"DBA-GRS210",5,"レギュラー",11.4,56950757,12.86406,0.131818181818182,0.000699077625956754,0.930048041328055
"1478",125,2006,"Toyota","Regular","クラウンHDT",6444,"4.3 Aタイプ",0,5.8275,"DBA-UZS186",5,"ハイオク",9.1,51102005,13.082633125,0.167664670658683,0.000126100727358936,0.915227533635911
"1479",125,2007,"Toyota","Regular","クラウンHDT",5116,"4.3 Aタイプ",0,5.8275,"DBA-UZS186",5,"ハイオク",9.1,51713048,13.082633125,0.167664670658683,9.89305445697187e-05,0.920174188920367
"1480",125,2008,"Toyota","Regular","クラウンHDT",1528,"4.3 Aタイプ",0,5.74475659229209,"DBA-UZS186",5,"ハイオク",9.1,52324877,13.082633125,0.167664670658683,2.92021708909129e-05,0.923564101259139
"1481",125,2009,"Toyota","Regular","クラウンHDT",3703,"4.6 Aタイプ",0,6.26944444444444,"DBA-URS206",5,"ハイオク",9.4,52877802,13.33540125,0.198285714285714,7.00293858659254e-05,0.929189662611165
"1482",125,2010,"Toyota","Regular","クラウンHDT",1984,"4.6 Aタイプ",0,6.31492227979275,"DBA-URS206",5,"ハイオク",9.4,53362801,13.33540125,0.198285714285714,3.71794576525321e-05,0.924956956438625
"1483",125,2011,"Toyota","Regular","クラウンHDT",1602,"4.6 Aタイプ",0,6.34878504672897,"DBA-URS206",5,"ハイオク",9.4,53783435,13.380606,0.198285714285714,2.97861228090024e-05,0.93898110077945
"1484",125,2012,"Toyota","Regular","クラウンHDT",1347,"4.6 Aタイプ",0,6.35538461538462,"DBA-URS206",5,"ハイオク",9.4,54171475,13.380606,0.198285714285714,2.48654850177146e-05,0.919761848832804
"1485",125,2013,"Toyota","Regular","クラウンHDT",340,"3.5",0,6.3083850931677,"DAA-GWS214",5,"ハイオク",18.2,54594744,13.06116,0.161325966850829,6.22770572932808e-06,0.919563190918159
"1486",128,2006,"Toyota","Regular","クルーガー",6979,"2.4 L S Xパッケージ",0,2.53655555555556,"CBA-ACU20W",5,"レギュラー",11,51102005,14.42233625,0.101910828025478,0.000136569983897892,0.915227533635911
"1487",128,2007,"Toyota","Regular","クルーガー",1852,"2.4 L S Xパッケージ",0,2.53655555555556,"CBA-ACU20W",5,"レギュラー",11,51713048,14.42233625,0.101910828025478,3.58130118340733e-05,0.920174188920367
"1488",164,2006,"Toyota","Regular","セリカ",672,"1.8 SS-I",0,1.94763888888889,"TA-ZZT230",4,"レギュラー",13,51102005,9.8265195,0.130630630630631,1.31501689610809e-05,0.915227533635911
"1489",165,2006,"Toyota","Regular","セルシオ",3030,"4.3 A仕様",0,6.09780555555556,"DBA-UCF30",5,"ハイオク",8.9,51102005,13.6744005,0.155555555555556,5.92931725477308e-05,0.915227533635911
"1490",168,2006,"Toyota","Regular","センチュリー",452,"5.0",0,11.4391666666667,"DBA-GZG50",5,"ハイオク",7.8,51102005,14.6914425,0.136585365853659,8.84505412263178e-06,0.915227533635911
"1491",168,2007,"Toyota","Regular","センチュリー",351,"5.0",0,11.4391666666667,"DBA-GZG50",5,"ハイオク",7.8,51713048,14.6914425,0.136585365853659,6.78745526660892e-06,0.920174188920367
"1492",168,2008,"Toyota","Regular","センチュリー",270,"5.0",0,11.5958975659229,"DBA-GZG50",5,"ハイオク",7.8,52324877,14.6914425,0.136585365853659,5.16006946370844e-06,0.923564101259139
"1493",168,2009,"Toyota","Regular","センチュリー",156,"5.0",0,11.7629166666667,"DBA-GZG50",5,"ハイオク",7.8,52877802,14.6914425,0.136585365853659,2.95019827034414e-06,0.929189662611165
"1494",168,2010,"Toyota","Regular","センチュリー",163,"5.0",0,12.5056165803109,"DBA-GZG50",5,"ハイオク",7.6,53362801,14.6914425,0.135265700483092,3.05456229705783e-06,0.924956956438625
"1495",168,2011,"Toyota","Regular","センチュリー",208,"5.0",0,12.5315887850467,"DBA-GZG50",5,"ハイオク",7.6,53783435,14.6914425,0.135265700483092,3.86736176296661e-06,0.93898110077945
"1496",168,2012,"Toyota","Regular","センチュリー",189,"5.0",0,12.5446153846154,"DBA-GZG50",5,"ハイオク",7.6,54171475,14.6914425,0.135265700483092,3.48892106039202e-06,0.919761848832804
"1497",168,2013,"Toyota","Regular","センチュリー",171,"5.0",0,12.6064285714286,"DBA-GZG50",5,"ハイオク",7.6,54594744,14.6914425,0.135265700483092,3.13216964622089e-06,0.919563190918159
"1498",168,2014,"Toyota","Regular","センチュリー",172,"5.0",0,12.6264737903226,"DBA-GZG50",5,"ハイオク",7.6,55952365,14.6914425,0.135265700483092,3.07404342962089e-06,0.918813422810635
"1499",168,2015,"Toyota","Regular","センチュリー",149,"5.0",0,12.525462,"DBA-GZG50",5,"ハイオク",7.6,56412140,14.6914425,0.135265700483092,2.64127544177548e-06,0.92791704055191
"1500",168,2016,"Toyota","Regular","センチュリー",90,"5.0",0,12.538,"DBA-GZG50",5,"ハイオク",7.6,56950757,14.6914425,0.135265700483092,1.58031261990073e-06,0.930048041328055
"1501",185,2012,"Toyota","Regular","トヨタ86",22511,"2.0 G",1,2.57538461538462,"DBA-ZN6",4,"ハイオク",12.8,54171475,9.7838,0.16260162601626,0.00041555080418246,0.919761848832804
"1502",185,2013,"Toyota","Regular","トヨタ86",12406,"2.0 G",1,2.56472049689441,"DBA-ZN6",4,"ハイオク",12.8,54594744,9.7838,0.16260162601626,0.000227237991994248,0.919563190918159
"1503",185,2014,"Toyota","Regular","トヨタ86",8188,"2.0 G",1,2.56900100806452,"DBA-ZN6",4,"ハイオク",12.8,55952365,9.7838,0.16260162601626,0.000146338765126371,0.918813422810635
"1504",185,2015,"Toyota","Regular","トヨタ86",6688,"2.0 G",1,2.558439,"DBA-ZN6",4,"ハイオク",12.8,56412140,9.93432,0.16260162601626,0.000118556041306003,0.92791704055191
"1505",185,2016,"Toyota","Regular","トヨタ86",6566,"2.0 G",1,2.647,"DBA-ZN6",4,"ハイオク",12.8,56950757,9.93432,0.16260162601626,0.000115292585136313,0.930048041328055
"1506",189,2006,"Toyota","Regular","ノア",54284,"2.0 X Eセレクション",0,2.05041666666667,"DBA-AZR60G",8,"レギュラー",14.2,51102005,14.361735,0.103333333333333,0.0010622675176835,0.915227533635911
"1507",189,2007,"Toyota","Regular","ノア",61064,"2.0 YY",0,2.05041666666667,"DBA-ZRR70G",5,"レギュラー",13.4,51713048,14.40877125,0.0934640522875817,0.00118082384159603,0.920174188920367
"1508",189,2008,"Toyota","Regular","ノア",57477,"2.0 YY",0,2.02130324543611,"DBA-ZRR70G",5,"レギュラー",13.4,52324877,14.40877125,0.0934640522875817,0.00109846412061322,0.923564101259139
"1509",189,2009,"Toyota","Regular","ノア",52933,"2.0 YY",0,2.05041666666667,"DBA-ZRR70G",5,"レギュラー",13.4,52877802,14.40877125,0.0934640522875817,0.00100104387848799,0.929189662611165
"1510",189,2010,"Toyota","Regular","ノア",56955,"2.0 YY",0,2.12222797927461,"DBA-ZRR70G",5,"レギュラー",13.6,53362801,14.40877125,0.101935483870968,0.00106731653760079,0.924956956438625
"1511",189,2011,"Toyota","Regular","ノア",38855,"2.0 YY",0,2.12663551401869,"DBA-ZRR70G",5,"レギュラー",13.6,53783435,14.40877125,0.101935483870968,0.000722434333173402,0.93898110077945
"1512",189,2012,"Toyota","Regular","ノア",36764,"2.0 YY",0,2.12884615384615,"DBA-ZRR70G",5,"レギュラー",13.6,54171475,14.40877125,0.101935483870968,0.000678659755895515,0.919761848832804
"1513",189,2013,"Toyota","Regular","ノア",32306,"2.0 YY",0,2.12003105590062,"DBA-ZRR70G",5,"レギュラー",13.6,54594744,14.40877125,0.101935483870968,0.000591741944975509,0.919563190918159
"1514",189,2014,"Toyota","Regular","ノア",69605,"2.0 X Vパッケージ",0,2.25782056451613,"DBA-ZRR80G",8,"レギュラー",14.6,55952365,14.523395625,0.0974358974358974,0.0012440046099928,0.918813422810635
"1515",189,2015,"Toyota","Regular","ノア",53965,"2.0 X Vパッケージ",0,2.239758,"DBA-ZRR80G",8,"レギュラー",14.6,56412140,14.523395625,0.0974358974358974,0.000956620330304789,0.92791704055191
"1516",189,2016,"Toyota","Regular","ノア",54826,"2.0 X Vパッケージ",0,2.254,"DBA-ZRR80G",8,"レギュラー",14.6,56950757,14.523395625,0.0974358974358974,0.000962691329985306,0.930048041328055
"1517",191,2006,"Toyota","Regular","ハイエースワゴン",7049,"2.7 DX ロング ミドルルーフ",0,2.331,"CBA-TRH214W",10,"レギュラー",9.1,51102005,19.153816,0.0790575916230366,0.000137939793164671,0.915227533635911
"1518",191,2007,"Toyota","Regular","ハイエースワゴン",7016,"2.7 DX ロング ミドルルーフ",0,2.43891666666667,"CBA-TRH214W",10,"レギュラー",9.1,51713048,19.153816,0.0790575916230366,0.00013567175541461,0.920174188920367
"1519",191,2008,"Toyota","Regular","ハイエースワゴン",7777,"2.7 DX ロング ミドルルーフ",0,2.40428701825558,"CBA-TRH214W",10,"レギュラー",9.1,52324877,19.153816,0.0790575916230366,0.000148629111923187,0.923564101259139
"1520",191,2009,"Toyota","Regular","ハイエースワゴン",6405,"2.7 DX ロング ミドルルーフ",0,2.43891666666667,"CBA-TRH214W",10,"レギュラー",9.1,52877802,19.153816,0.0790575916230366,0.000121128332830476,0.929189662611165
"1521",191,2010,"Toyota","Regular","ハイエースワゴン",7781,"2.7 DX ロング ミドルルーフ",0,2.52182797927461,"CBA-TRH214W",10,"レギュラー",8.6,53362801,19.153816,0.0790575916230366,0.000145813185481025,0.924956956438625
"1522",191,2011,"Toyota","Regular","ハイエースワゴン",7507,"2.7 DX ロング ミドルルーフ",0,2.52706542056075,"CBA-TRH214W",10,"レギュラー",8.6,53783435,19.153816,0.0790575916230366,0.000139578292089377,0.93898110077945
"1523",191,2012,"Toyota","Regular","ハイエースワゴン",9078,"2.7 DX ロング ミドルルーフ",0,2.56915384615385,"CBA-TRH214W",10,"レギュラー",8.6,54171475,19.153816,0.0786458333333333,0.00016757897029756,0.919761848832804
"1524",191,2013,"Toyota","Regular","ハイエースワゴン",8544,"2.7 DX ロング ミドルルーフ",0,2.55851552795031,"CBA-TRH214W",10,"レギュラー",8.6,54594744,19.153816,0.0786458333333333,0.000156498581621703,0.919563190918159
"1525",191,2014,"Toyota","Regular","ハイエースワゴン",8298,"2.7 DX ロング ミドルルーフ",0,2.59317036290323,"CBA-TRH214W",10,"レギュラー",8.6,55952365,19.153816,0.0786458333333333,0.000148304723133687,0.918813422810635
"1526",191,2015,"Toyota","Regular","ハイエースワゴン",8507,"2.7 DX ロング ミドルルーフ",0,2.670327,"CBA-TRH214W",10,"レギュラー",9.7,56412140,19.153816,0.0829015544041451,0.000150800873712644,0.92791704055191
"1527",191,2016,"Toyota","Regular","ハイエースワゴン",8733,"2.7 DX ロング ミドルルーフ",0,2.706,"CBA-TRH214W",10,"レギュラー",9.7,56950757,19.153816,0.0829015544041451,0.000153343001217701,0.930048041328055
"1528",192,2006,"Toyota","Regular","ハイラックス",7707,"2.7 SSR-X Vセレクション",0,2.56841666666667,"CBA-TRN210W",5,"レギュラー",8.9,51102005,16.4278145,0.0947674418604651,0.000150816000272396,0.915227533635911
"1529",192,2007,"Toyota","Regular","ハイラックス",6845,"2.7 SSR-X Vセレクション",0,2.56841666666667,"CBA-TRN210W",5,"レギュラー",8.9,51713048,16.4278145,0.0947674418604651,0.00013236504643857,0.920174188920367
"1530",192,2008,"Toyota","Regular","ハイラックス",5962,"2.7 SSR-X Vセレクション",0,2.53194827586207,"CBA-TRN210W",5,"レギュラー",8.9,52324877,16.4278145,0.0947674418604651,0.000113941978306036,0.923564101259139
"1531",192,2009,"Toyota","Regular","ハイラックス",3340,"2.7 SSR-X Vセレクション",0,2.56841666666667,"CBA-TRN210W",5,"レギュラー",8.9,52877802,16.4278145,0.0947674418604651,6.3164501429163e-05,0.929189662611165
"1532",192,2010,"Toyota","Regular","ハイラックス",22,"2.7 SSR-X Vセレクション",0,2.58704766839378,"CBA-TRN210W",5,"レギュラー",8.9,53362801,16.4278145,0.0947674418604651,4.12272211872836e-07,0.924956956438625
"1533",194,2006,"Toyota","Regular","ハリアー",33134,"2.4 240G",0,2.74108333333333,"CBA-ACU30W",5,"レギュラー",11,51102005,14.676606,0.1,0.000648389432078056,0.915227533635911
"1534",194,2007,"Toyota","Regular","ハリアー",33923,"2.4 240G",0,2.74108333333333,"CBA-ACU30W",5,"レギュラー",11,51713048,14.676606,0.1,0.000655985313416452,0.920174188920367
"1535",194,2008,"Toyota","Regular","ハリアー",27404,"2.4 240G",0,2.70216328600406,"CBA-ACU30W",5,"レギュラー",11,52324877,14.676606,0.1,0.000523727939198022,0.923564101259139
"1536",194,2009,"Toyota","Regular","ハリアー",15249,"2.4 240G",0,2.74108333333333,"CBA-ACU30W",5,"レギュラー",11,52877802,14.676606,0.1,0.00028838188092614,0.929189662611165
"1537",194,2010,"Toyota","Regular","ハリアー",12316,"2.4 240G",0,2.76096683937824,"CBA-ACU30W",5,"レギュラー",11,53362801,14.676606,0.1,0.000230797480064811,0.924956956438625
"1538",194,2011,"Toyota","Regular","ハリアー",8970,"2.4 240G",0,2.76670093457944,"CBA-ACU30W",5,"レギュラー",11,53783435,14.676606,0.1,0.000166779976027935,0.93898110077945
"1539",194,2012,"Toyota","Regular","ハリアー",6457,"2.4 240G",0,2.76957692307692,"CBA-ACU30W",5,"レギュラー",11,54171475,14.676606,0.1,0.000119195572946832,0.919761848832804
"1540",194,2013,"Toyota","Regular","ハリアー",1930,"2.4 240G",0,2.75810869565217,"CBA-ACU30W",5,"レギュラー",11,54594744,14.676606,0.1,3.53513884047153e-05,0.919563190918159
"1541",194,2014,"Toyota","Regular","ハリアー",64920,"2.0 グランド",0,2.7391935483871,"DBA-ZSU60W",5,"レギュラー",16,55952365,14.637428,0.0967948717948718,0.00116027267122668,0.918813422810635
"1542",194,2015,"Toyota","Regular","ハリアー",58991,"2.0 グランド",0,2.795202,"DBA-ZSU60W",5,"レギュラー",16,56412140,14.637428,0.0967948717948718,0.00104571462809246,0.92791704055191
"1543",194,2016,"Toyota","Regular","ハリアー",41403,"2.0 グランド",0,2.798,"DBA-ZSU60W",5,"レギュラー",16,56950757,14.637428,0.0967948717948718,0.000726996482241667,0.930048041328055
"1544",217,2006,"Toyota","Regular","プリウス",48568,"1.5 Sスタンダードパッケージ",0,2.331,"DAA-NHW20",5,"レギュラー",35.5,51102005,11.42476125,0.0611111111111111,0.000950412806699072,0.915227533635911
"1545",217,2007,"Toyota","Regular","プリウス",58315,"1.5 Sスタンダードパッケージ",0,2.331,"DAA-NHW20",5,"レギュラー",35.5,51713048,11.42476125,0.0603174603174603,0.00112766511074729,0.920174188920367
"1546",217,2008,"Toyota","Regular","プリウス",73110,"1.5 Sスタンダードパッケージ",0,2.36173326572008,"DAA-NHW20",5,"レギュラー",29.6,52324877,11.42476125,0.0603174603174603,0.00139723214256194,0.923564101259139
"1547",217,2009,"Toyota","Regular","プリウス",208876,"1.8 L",0,2.10694444444444,"DAA-ZVW30",5,"レギュラー",32.6,52877802,11.596223,0.0755725190839695,0.00395016419177181,0.929189662611165
"1548",217,2010,"Toyota","Regular","プリウス",315669,"1.8 L",0,2.12222797927461,"DAA-ZVW30",5,"レギュラー",32.6,53362801,11.596223,0.0755725190839695,0.00591552531134938,0.924956956438625
"1549",217,2011,"Toyota","Regular","プリウス",252528,"1.8 L",0,2.12663551401869,"DAA-ZVW30",5,"レギュラー",32.6,53783435,11.596223,0.0755725190839695,0.00469527466960785,0.93898110077945
"1550",217,2012,"Toyota","Regular","プリウス",317675,"1.8 L",0,2.25346153846154,"DAA-ZVW30",5,"レギュラー",32.6,54171475,11.648224,0.0755725190839695,0.00586424866592612,0.919761848832804
"1551",217,2013,"Toyota","Regular","プリウス",253711,"1.8 L",0,2.24413043478261,"DAA-ZVW30",5,"レギュラー",32.6,54594744,11.648224,0.0755725190839695,0.00464716896556929,0.919563190918159
"1552",217,2014,"Toyota","Regular","プリウス",183614,"1.8 L",0,2.24775,"DAA-ZVW30",5,"レギュラー",32.6,55952365,11.648224,0.0755725190839695,0.00328161285050239,0.918813422810635
"1553",217,2015,"Toyota","Regular","プリウス",127403,"1.8 L",0,2.229768,"DAA-ZVW30",5,"レギュラー",32.6,56412140,11.648224,0.0755725190839695,0.00225843231616457,0.92791704055191
"1554",217,2016,"Toyota","Regular","プリウス",248258,"1.8 E",0,2.429,"DAA-ZVW51",5,"レギュラー",40.8,56950757,11.745888,0.0748091603053435,0.0043591694487924,0.930048041328055
"1555",214,2007,"Toyota","Regular","ブレイド",31467,"2.4",0,2.30941666666667,"DBA-AZE156H",5,"レギュラー",13.4,51713048,11.358864,0.120143884892086,0.000608492464029581,0.920174188920367
"1556",214,2008,"Toyota","Regular","ブレイド",10096,"2.4",0,2.27662576064909,"DBA-AZE156H",5,"レギュラー",13.4,52324877,11.358864,0.120143884892086,0.000192948375205927,0.923564101259139
"1557",214,2009,"Toyota","Regular","ブレイド",3570,"2.4",0,2.30941666666667,"DBA-AZE156H",5,"レギュラー",13.4,52877802,11.358864,0.120143884892086,6.75141527251832e-05,0.929189662611165
"1558",214,2010,"Toyota","Regular","ブレイド",2422,"2.4",0,2.38103626943005,"DBA-AZE156H",5,"レギュラー",13.4,53362801,11.358864,0.120143884892086,4.53874225980004e-05,0.924956956438625
"1559",214,2011,"Toyota","Regular","ブレイド",1238,"2.4",0,2.38598130841121,"DBA-AZE156H",5,"レギュラー",13.4,53783435,11.358864,0.120143884892086,2.30182397238109e-05,0.93898110077945
"1560",214,2012,"Toyota","Regular","ブレイド",318,"2.4",0,2.38846153846154,"DBA-AZE156H",5,"レギュラー",13.4,54171475,11.358864,0.120143884892086,5.87024813335801e-06,0.919761848832804
"1561",215,2006,"Toyota","Regular","ブレビス",1400,"2.5 Ai250エレガンスパッケージ",0,3.69075,"TA-JCG10",5,"ハイオク",11.6,51102005,11.42596,0.131578947368421,2.73961853355852e-05,0.915227533635911
"1562",215,2007,"Toyota","Regular","ブレビス",588,"2.5 Ai250エレガンスパッケージ",0,3.69075,"TA-JCG10",5,"ハイオク",11.6,51713048,11.42596,0.131578947368421,1.13704378825243e-05,0.920174188920367
"1563",223,2006,"Toyota","Regular","プログレ",1823,"2.5 NC250",0,3.85313888888889,"TA-JCG10",5,"ハイオク",11.6,51102005,11.002145,0.130718954248366,3.56737470476941e-05,0.915227533635911
"1564",223,2007,"Toyota","Regular","プログレ",862,"2.5 NC250",0,3.85313888888889,"TA-JCG10",5,"ハイオク",11.6,51713048,11.002145,0.130718954248366,1.66689072359456e-05,0.920174188920367
"1565",230,2006,"Toyota","Regular","マーク2",2712,"2.0 グランデ",0,2.53655555555556,"TA-GX110",5,"レギュラー",11.8,51102005,12.167056,0.115942028985507,5.30703247357907e-05,0.915227533635911
"1566",230,2007,"Toyota","Regular","マーク2",1096,"2.0 グランデ",0,2.53655555555556,"TA-GX110",5,"レギュラー",11.8,51713048,12.167056,0.115942028985507,2.11938774136848e-05,0.920174188920367
"1567",231,2006,"Toyota","Regular","マークX",46298,"2.5 250G Fパッケージ",0,2.52525,"DBA-GRX120",5,"ハイオク",12.6,51102005,12.04790125,0.142384105960265,0.000905991849047802,0.915227533635911
"1568",231,2007,"Toyota","Regular","マークX",47192,"2.5 250G Fパッケージ",0,2.54683333333333,"DBA-GRX120",5,"ハイオク",12.6,51713048,12.04790125,0.143333333333333,0.000912574327469539,0.920174188920367
"1569",231,2008,"Toyota","Regular","マークX",38748,"2.5 250G Fパッケージ",0,2.51067139959432,"DBA-GRX120",5,"ハイオク",12.6,52324877,12.04790125,0.143333333333333,0.000740527302147313,0.923564101259139
"1570",231,2009,"Toyota","Regular","マークX",24635,"2.5 250G Fパッケージ",0,2.44611111111111,"DBA-GRX130",5,"レギュラー",13,52877802,12.18365225,0.134437086092715,0.000465885476858512,0.929189662611165
"1571",231,2010,"Toyota","Regular","マークX",40995,"2.5 250G Fパッケージ",0,2.46385492227979,"DBA-GRX130",5,"レギュラー",13,53362801,12.18365225,0.134437086092715,0.000768231787533042,0.924956956438625
"1572",231,2011,"Toyota","Regular","マークX",22966,"2.5 250G Fパッケージ",0,2.46897196261682,"DBA-GRX130",5,"レギュラー",13,53783435,12.18365225,0.134437086092715,0.00042700879927063,0.93898110077945
"1573",231,2012,"Toyota","Regular","マークX",21306,"2.5 250G Fパッケージ",0,2.53384615384615,"DBA-GRX130",5,"レギュラー",11.8,54171475,12.23516875,0.134437086092715,0.000393306624934987,0.919761848832804
"1574",231,2013,"Toyota","Regular","マークX",18741,"2.5 250G Fパッケージ",0,2.52335403726708,"DBA-GRX130",5,"レギュラー",11.8,54594744,12.23516875,0.134437086092715,0.000343274803156875,0.919563190918159
"1575",231,2014,"Toyota","Regular","マークX",10241,"2.5 250G Fパッケージ",0,2.52771169354839,"DBA-GRX130",5,"レギュラー",11.8,55952365,12.23516875,0.134437086092715,0.00018303069048109,0.918813422810635
"1576",231,2015,"Toyota","Regular","マークX",8172,"2.5 250G Fパッケージ",0,2.50749,"DBA-GRX130",5,"レギュラー",11.8,56412140,12.23516875,0.134437086092715,0.000144862435638854,0.92791704055191
"1577",231,2016,"Toyota","Regular","マークX",7033,"2.5 250G Fパッケージ",0,2.657,"DBA-GRX130",5,"レギュラー",11.8,56950757,12.28668525,0.134437086092715,0.000123492651730687,0.930048041328055
"1578",247,2006,"Toyota","Regular","ランドクルーザー",15172,"4.7 VX 4WD",0,4.144,"GH-UZJ100W",5,"ハイオク",6.5,51102005,17.739942,0.102620087336245,0.000296896374222499,0.915227533635911
"1579",247,2007,"Toyota","Regular","ランドクルーザー",15583,"4.7 AX 4WD",0,4.83055555555556,"CBA-UZJ200W",8,"ハイオク",6.6,51713048,18.33282,0.11566265060241,0.000301335941366287,0.920174188920367
"1580",247,2008,"Toyota","Regular","ランドクルーザー",16956,"4.7 AX 4WD",0,4.76196754563895,"CBA-UZJ200W",8,"ハイオク",6.6,52324877,18.33282,0.11566265060241,0.00032405236232089,0.923564101259139
"1581",247,2009,"Toyota","Regular","ランドクルーザー",9381,"4.7 AX 4WD",0,4.83055555555556,"CBA-UZJ200W",8,"ハイオク",6.6,52877802,18.33282,0.11566265060241,0.000177409038295503,0.929189662611165
"1582",247,2010,"Toyota","Regular","ランドクルーザー",14359,"4.6 GX 4WD",0,4.50326424870466,"CBA-URJ202W",5,"ハイオク",7.1,53362801,18.33282,0.130864197530864,0.000269082576831003,0.924956956438625
"1583",247,2011,"Toyota","Regular","ランドクルーザー",12419,"4.6 GX 4WD",0,4.51261682242991,"CBA-URJ202W",5,"ハイオク",7.1,53783435,18.33282,0.130864197530864,0.000230907527568665,0.93898110077945
"1584",247,2012,"Toyota","Regular","ランドクルーザー",15267,"4.6 GX 4WD",0,4.56923076923077,"CBA-URJ202W",5,"ハイオク",6.9,54171475,18.33282,0.130864197530864,0.000281827290100556,0.919761848832804
"1585",247,2013,"Toyota","Regular","ランドクルーザー",13603,"4.6 GX 4WD",0,4.55031055900621,"CBA-URJ202W",5,"ハイオク",6.9,54594744,18.33282,0.130864197530864,0.000249163179517794,0.919563190918159
"1586",247,2014,"Toyota","Regular","ランドクルーザー",19741,"4.6 GX 4WD",0,4.5579375,"CBA-URJ202W",5,"ハイオク",6.9,55952365,18.33282,0.130864197530864,0.000352817972931082,0.918813422810635
"1587",247,2015,"Toyota","Regular","ランドクルーザー",23123,"4.6 GX 4WD",0,4.723272,"CBA-URJ202W",5,"ハイオク",6.9,56412140,18.42588,0.130864197530864,0.000409894040538083,0.92791704055191
"1588",247,2016,"Toyota","Regular","ランドクルーザー",23321,"4.6 GX 4WD",0,4.728,"CBA-URJ202W",5,"ハイオク",6.9,56950757,18.42588,0.130864197530864,0.0004094941178745,0.930048041328055
"1589",73,2006,"Toyota","Regular","bB",62964,"1.3 S",0,1.38133333333333,"DBA-QNC20",5,"レギュラー",16.4,51102005,10.45852275,0.0884615384615385,0.00123212386676413,0.915227533635911
"1590",73,2007,"Toyota","Regular","bB",38396,"1.3 S",0,1.39263888888889,"DBA-QNC20",5,"レギュラー",16.4,51713048,10.45852275,0.0884615384615385,0.000742481858737083,0.920174188920367
"1591",73,2008,"Toyota","Regular","bB",32413,"1.3 S",0,1.38806288032454,"DBA-QNC20",5,"レギュラー",16.4,52324877,10.48615425,0.0884615384615385,0.000619456783434006,0.923564101259139
"1592",73,2009,"Toyota","Regular","bB",22269,"1.3 S",0,1.40805555555556,"DBA-QNC20",5,"レギュラー",16.4,52877802,10.48615425,0.0884615384615385,0.000421140803091626,0.929189662611165
"1593",73,2010,"Toyota","Regular","bB",15332,"1.3 S",0,1.41826943005181,"CBA-QNC20",5,"レギュラー",16.4,53362801,10.48615425,0.0884615384615385,0.000287316252383378,0.924956956438625
"1594",73,2011,"Toyota","Regular","bB",10729,"1.3 S",0,1.43158878504673,"CBA-QNC20",5,"レギュラー",16.4,53783435,10.48615425,0.0884615384615385,0.000199485213244561,0.93898110077945
"1595",73,2012,"Toyota","Regular","bB",8289,"1.3 S",0,1.43307692307692,"CBA-QNC20",5,"レギュラー",16.4,54171475,10.48615425,0.0884615384615385,0.000153014109362907,0.919761848832804
"1596",73,2013,"Toyota","Regular","bB",5340,"1.3 S",0,1.42714285714286,"CBA-QNC20",5,"レギュラー",16.4,54594744,10.48615425,0.0884615384615385,9.78116135135646e-05,0.919563190918159
"1597",73,2014,"Toyota","Regular","bB",3614,"1.3 S",0,1.61632560483871,"CBA-QNC20",5,"レギュラー",15,55952365,10.48615425,0.0884615384615385,6.45906567130809e-05,0.918813422810635
"1598",73,2015,"Toyota","Regular","bB",2015,"1.3 S",0,1.417581,"CBA-QNC20",5,"レギュラー",16.4,56412140,10.48615425,0.0884615384615385,3.57192618468294e-05,0.92791704055191
"1599",73,2016,"Toyota","Regular","bB",1159,"1.3 S",0,1.419,"CBA-QNC20",5,"レギュラー",16.4,56950757,10.48615425,0.0884615384615385,2.03509147384994e-05,0.930048041328055
"1600",75,2008,"Toyota","Regular","iQ",4021,"1.0 100X",0,1.4184584178499,"DBA-KGJ10",4,"レギュラー",21,52324877,7.5222,0.0764044943820225,7.68468122724875e-05,0.923564101259139
"1601",75,2009,"Toyota","Regular","iQ",14223,"1.0 100X",0,1.43888888888889,"DBA-KGJ10",4,"レギュラー",20.8,52877802,7.5222,0.0764044943820225,0.000268978653840415,0.929189662611165
"1602",75,2010,"Toyota","Regular","iQ",5679,"1.0 100X",0,1.44932642487047,"DBA-KGJ10",4,"レギュラー",20.8,53362801,7.5222,0.0764044943820225,0.000106422449601174,0.924956956438625
"1603",75,2011,"Toyota","Regular","iQ",2327,"1.0 100X",0,1.45233644859813,"DBA-KGJ10",4,"レギュラー",20.8,53783435,7.5222,0.0764044943820225,4.32661097231889e-05,0.93898110077945
"1604",75,2012,"Toyota","Regular","iQ",2040,"1.0 100X",0,1.45384615384615,"DBA-KGJ10",4,"レギュラー",20.8,54171475,7.5222,0.0764044943820225,3.76581955724853e-05,0.919761848832804
"1605",75,2013,"Toyota","Regular","iQ",1276,"1.0 100X",0,1.44782608695652,"DBA-KGJ10",4,"レギュラー",20.8,54594744,7.5222,0.0764044943820225,2.33722132665372e-05,0.919563190918159
"1606",75,2014,"Toyota","Regular","iQ",1109,"1.0 100X",0,1.45016129032258,"DBA-KGJ10",4,"レギュラー",20.8,55952365,7.5222,0.0764044943820225,1.98204311828463e-05,0.918813422810635
"1607",75,2015,"Toyota","Regular","iQ",863,"1.0 100X",0,1.43856,"DBA-KGJ10",4,"レギュラー",20.8,56412140,7.5222,0.0764044943820225,1.5298125545317e-05,0.92791704055191
"1608",75,2016,"Toyota","Regular","iQ",210,"1.0 100X",0,1.44,"DBA-KGJ10",4,"レギュラー",20.8,56950757,7.5222,0.0764044943820225,3.68739611310171e-06,0.930048041328055
"1609",48,2006,"Toyota","Regular","MR-S",1324,"1.8 シーケンシャル",0,2.21794444444444,"TA-ZZW30",2,"レギュラー",14,51102005,8.153500875,0.137254901960784,2.59089638459391e-05,0.915227533635911
"1610",48,2007,"Toyota","Regular","MR-S",1203,"1.8 シーケンシャル",0,2.21794444444444,"TA-ZZW30",2,"レギュラー",14,51713048,8.153500875,0.137254901960784,2.3262987708634e-05,0.920174188920367
"1611",78,2012,"Toyota","Regular","アクア",266567,"1.5 L",0,1.755,"DAA-NHP10",5,"レギュラー",35.4,54171475,9.784853625,0.0704761904761905,0.00492080010743662,0.919761848832804
"1612",78,2013,"Toyota","Regular","アクア",262367,"1.5 L",0,1.74773291925466,"DAA-NHP10",5,"レギュラー",35.4,54594744,9.784853625,0.0704761904761905,0.00480571902672536,0.919563190918159
"1613",78,2014,"Toyota","Regular","アクア",233209,"1.5 L",0,1.76134173387097,"DAA-NHP10",5,"レギュラー",37,55952365,9.784853625,0.0704761904761905,0.00416799182661895,0.918813422810635
"1614",78,2015,"Toyota","Regular","アクア",215525,"1.5 L",0,1.759239,"DAA-NHP10",5,"レギュラー",37,56412140,9.852568875,0.0704761904761905,0.00382054288314537,0.92791704055191
"1615",78,2016,"Toyota","Regular","アクア",168208,"1.5 L",0,1.761,"DAA-NHP10",5,"レギュラー",37,56950757,9.852568875,0.0704761904761905,0.00295356916853625,0.930048041328055
"1616",84,2006,"Toyota","Regular","アリオン",27913,"1.5 A15 スタンダードパッケージ",0,1.61875,"CBA-NZT240",5,"レギュラー",16.4,51102005,11.3370075,0.0956140350877193,0.000546221229480135,0.915227533635911
"1617",84,2007,"Toyota","Regular","アリオン",33361,"1.5 A15 スタンダードパッケージ",0,1.61875,"CBA-NZT240",5,"レギュラー",16.4,51713048,11.3370075,0.0956140350877193,0.00064511764999812,0.920174188920367
"1618",84,2008,"Toyota","Regular","アリオン",28538,"1.5 A15 スタンダードパッケージ",0,1.70215010141988,"DBA-NZT260",5,"レギュラー",18,52324877,11.413070625,0.0916666666666667,0.000545400230945598,0.923564101259139
"1619",84,2009,"Toyota","Regular","アリオン",14058,"1.5 A15 スタンダードパッケージ",0,1.72666666666667,"DBA-NZT260",5,"レギュラー",18.6,52877802,11.413070625,0.0916666666666667,0.000265858251823705,0.929189662611165
"1620",84,2010,"Toyota","Regular","アリオン",24446,"1.5 A15",0,1.74954404145078,"DBA-NZT260",5,"レギュラー",20,53362801,11.413070625,0.0916666666666667,0.000458109385974698,0.924956956438625
"1621",84,2011,"Toyota","Regular","アリオン",14166,"1.5 A15",0,1.75317757009346,"DBA-NZT260",5,"レギュラー",20,53783435,11.413070625,0.0916666666666667,0.000263389647760505,0.93898110077945
"1622",84,2012,"Toyota","Regular","アリオン",12733,"1.5 A15",0,1.755,"DBA-NZT260",5,"レギュラー",20,54171475,11.413070625,0.0916666666666667,0.000235049904031596,0.919761848832804
"1623",84,2013,"Toyota","Regular","アリオン",10392,"1.5 A15",0,1.75807453416149,"DBA-NZT260",5,"レギュラー",18.2,54594744,11.413070625,0.0908333333333333,0.000190347993938757,0.919563190918159
"1624",84,2014,"Toyota","Regular","アリオン",9020,"1.5 A15",0,1.8499627016129,"DBA-NZT260",5,"レギュラー",19.2,55952365,11.413070625,0.0908333333333333,0.000161208556599886,0.918813422810635
"1625",84,2015,"Toyota","Regular","アリオン",7361,"1.5 A15",0,1.835163,"DBA-NZT260",5,"レギュラー",19.2,56412140,11.413070625,0.0908333333333333,0.000130486097496035,0.92791704055191
"1626",84,2016,"Toyota","Regular","アリオン",9701,"1.5 A15",0,1.898,"DBA-NZT260",5,"レギュラー",19.2,56950757,11.47557375,0.0908333333333333,0.000170340141396189,0.930048041328055
"1627",88,2006,"Toyota","Regular","アレックス",7185,"1.5 XS150",0,1.53241666666667,"CBA-NZE121",5,"レギュラー",17.2,51102005,10.40263875,0.100917431192661,0.000140601136882985,0.915227533635911
"1628",88,2007,"Toyota","Regular","アレックス",50,"1.5 XS150",0,1.53241666666667,"CBA-NZE121",5,"レギュラー",17.2,51713048,10.40263875,0.100917431192661,9.66873969602411e-07,0.920174188920367
"1629",257,2006,"Toyota","Regular","ヴィッツ",117641,"1.0 B",0,1.07916666666667,"DBA-KSP90",5,"レギュラー",22,51102005,9.6615,0.0724489795918367,0.00230208188504541,0.915227533635911
"1630",257,2007,"Toyota","Regular","ヴィッツ",121377,"1.0 B",0,1.10075,"DBA-KSP90",5,"レギュラー",22,51713048,9.751674,0.0717171717171717,0.00234712523616864,0.920174188920367
"1631",257,2008,"Toyota","Regular","ヴィッツ",123337,"1.0 B",0,1.08512068965517,"DBA-KSP90",5,"レギュラー",22,52324877,9.751674,0.0717171717171717,0.0023571388423904,0.923564101259139
"1632",257,2009,"Toyota","Regular","ヴィッツ",117655,"1.0 B",0,1.10588888888889,"DBA-KSP90",5,"レギュラー",22.5,52877802,9.751674,0.0717171717171717,0.00222503575318808,0.929189662611165
"1633",257,2010,"Toyota","Regular","ヴィッツ",122248,"1.0 B",0,1.11391088082902,"DBA-KSP90",5,"レギュラー",22.5,53362801,9.751674,0.0717171717171717,0.00229088424350139,0.924956956438625
"1634",257,2011,"Toyota","Regular","ヴィッツ",128725,"1.0 F Mパッケージ",0,1.0996261682243,"DBA-KSP130",5,"レギュラー",20.8,53783435,9.8776125,0.0711340206185567,0.00239339491797056,0.93898110077945
"1635",257,2012,"Toyota","Regular","ヴィッツ",105611,"1.0 F Mパッケージ",0,1.11115384615385,"DBA-KSP130",5,"レギュラー",20.8,54171475,9.8776125,0.0711340206185567,0.00194956847676752,0.919761848832804
"1636",257,2013,"Toyota","Regular","ヴィッツ",85903,"1.0 F Mパッケージ",0,1.10655279503106,"DBA-KSP130",5,"レギュラー",20.8,54594744,9.8776125,0.0711340206185567,0.00157346648607785,0.919563190918159
"1637",257,2014,"Toyota","Regular","ヴィッツ",89496,"1.0 F Mパッケージ",0,1.16415725806452,"DBA-KSP130",5,"レギュラー",21.6,55952365,9.8776125,0.0711340206185567,0.00159950343475204,0.918813422810635
"1638",257,2015,"Toyota","Regular","ヴィッツ",77612,"1.0 F Mパッケージ",0,1.152846,"DBA-KSP130",5,"レギュラー",21.6,56412140,9.8776125,0.0711340206185567,0.00137580315159113,0.92791704055191
"1639",257,2016,"Toyota","Regular","ヴィッツ",71909,"1.0 F Mパッケージ",0,1.154,"DBA-KSP130",5,"レギュラー",21.6,56950757,9.8776125,0.0711340206185567,0.00126265222427158,0.930048041328055
"1640",104,2014,"Toyota","Regular","エスクァイア",11028,"2.0 Xi",0,2.61029032258065,"DBA-ZRR80G",8,"レギュラー",16,55952365,14.523395625,0.0968152866242038,0.000197096226406158,0.918813422810635
"1641",104,2015,"Toyota","Regular","エスクァイア",59034,"2.0 Xi",0,2.589408,"DBA-ZRR80G",8,"レギュラー",16,56412140,14.523395625,0.0968152866242038,0.00104647687536761,0.92791704055191
"1642",104,2016,"Toyota","Regular","エスクァイア",44881,"2.0 Xi",0,2.658,"DBA-ZRR80G",8,"レギュラー",16,56950757,14.523395625,0.0968152866242038,0.000788066785486275,0.930048041328055
"1643",133,2006,"Toyota","Regular","コンフォート",9015,"2.0 スタンダード",1,1.74825,"ABA-YXS10",6,"ガス",9,51102005,12.056407875,0.0598484848484848,0.000176411864857357,0.915227533635911
"1644",133,2007,"Toyota","Regular","コンフォート",8171,"2.0 スタンダード",1,1.74825,"ABA-YXS10",6,"ガス",9,51713048,12.056407875,0.0598484848484848,0.000158006544112426,0.920174188920367
"1645",133,2008,"Toyota","Regular","コンフォート",8373,"2.0 スタンダード",1,2.1489645030426,"DBA-TSS10",5,"ガス",9.8,52324877,12.135988125,0.0846715328467153,0.000160019487480114,0.923564101259139
"1646",133,2009,"Toyota","Regular","コンフォート",5167,"2.0 スタンダード",1,2.17991666666667,"DBA-TSS10",5,"ガス",9.8,52877802,12.135988125,0.0846715328467153,9.77158619414627e-05,0.929189662611165
"1647",133,2010,"Toyota","Regular","コンフォート",3161,"2.0 スタンダード",1,2.19572953367876,"DBA-TSS10",5,"ガス",9.8,53362801,12.135988125,0.0846715328467153,5.92360209877289e-05,0.924956956438625
"1648",133,2011,"Toyota","Regular","コンフォート",3790,"2.0 スタンダード",1,2.20028971962617,"DBA-TSS10",5,"ガス",9.8,53783435,12.135988125,0.0846715328467153,7.04677936617473e-05,0.93898110077945
"1649",133,2012,"Toyota","Regular","コンフォート",4938,"2.0 スタンダード",1,2.24203846153846,"DBA-TSS10",5,"ガス",9.8,54171475,12.135988125,0.0818840579710145,9.1154985165163e-05,0.919761848832804
"1650",133,2013,"Toyota","Regular","コンフォート",5222,"2.0 スタンダード",1,2.28653105590062,"DBA-TSS10",5,"ガス",9.8,54594744,12.135988125,0.081294964028777,9.56502332898566e-05,0.919563190918159
"1651",133,2014,"Toyota","Regular","コンフォート",4633,"2.0 スタンダード",1,2.29004637096774,"DBA-TSS10",5,"ガス",9.8,55952365,12.135988125,0.081294964028777,8.28025767990325e-05,0.918813422810635
"1652",133,2015,"Toyota","Regular","コンフォート",4502,"2.0 スタンダード",1,2.271726,"DBA-TSS10",5,"ガス",9.8,56412140,12.135988125,0.081294964028777,7.98055170394174e-05,0.92791704055191
"1653",133,2016,"Toyota","Regular","コンフォート",4737,"2.0 スタンダード",1,2.274,"DBA-TSS10",5,"ガス",9.8,56950757,12.135988125,0.081294964028777,8.31771208941086e-05,0.930048041328055
"1654",135,2006,"Toyota","Regular","サクシード",6077,"1.5 TX",0,1.52727777777778,"CBA-NCP58G",5,"レギュラー",16.4,51102005,11.005635,0.102830188679245,0.000118919013060251,0.915227533635911
"1655",135,2007,"Toyota","Regular","サクシード",5698,"1.5 TX",0,1.52727777777778,"CBA-NCP58G",5,"レギュラー",16.4,51713048,11.005635,0.102830188679245,0.000110184957575891,0.920174188920367
"1656",135,2008,"Toyota","Regular","サクシード",5504,"1.5 TX",0,1.50559229208925,"CBA-NCP58G",5,"レギュラー",16.4,52324877,11.005635,0.102830188679245,0.000105188971586116,0.923564101259139
"1657",135,2009,"Toyota","Regular","サクシード",3790,"1.5 TX",0,1.52727777777778,"CBA-NCP58G",5,"レギュラー",16.4,52877802,11.005635,0.102830188679245,7.16746887474634e-05,0.929189662611165
"1658",135,2010,"Toyota","Regular","サクシード",3371,"1.5 TX",0,1.54353264248705,"DBA-NCP58G",5,"レギュラー",16.4,53362801,11.005635,0.102830188679245,6.3171346646515e-05,0.924956956438625
"1659",135,2011,"Toyota","Regular","サクシード",3031,"1.5 TX",0,1.54673831775701,"DBA-NCP58G",5,"レギュラー",16.4,53783435,11.005635,0.102830188679245,5.6355641843999e-05,0.93898110077945
"1660",135,2012,"Toyota","Regular","サクシード",3096,"1.5 TX",0,1.55769230769231,"DBA-NCP58G",5,"レギュラー",15.4,54171475,11.005635,0.102830188679245,5.71518497511836e-05,0.919761848832804
"1661",135,2013,"Toyota","Regular","サクシード",2775,"1.5 TX",0,1.55124223602485,"DBA-NCP58G",5,"レギュラー",15.4,54594744,11.005635,0.102830188679245,5.08290688202513e-05,0.919563190918159
"1662",135,2014,"Toyota","Regular","サクシード",36,"1.5 TX",0,1.51058467741935,"DBA-NCP58G",5,"レギュラー",15.4,55952365,11.005635,0.102830188679245,6.43404438757861e-07,0.918813422810635
"1663",138,2006,"Toyota","Regular","シエンタ",38970,"1.5 X",0,1.61875,"DBA-NCP81G",7,"レギュラー",18.6,51102005,11.605665,0.0909090909090909,0.000762592387519824,0.915227533635911
"1664",138,2007,"Toyota","Regular","シエンタ",35033,"1.5 X",0,1.61875,"DBA-NCP81G",7,"レギュラー",18.6,51713048,11.605665,0.0909090909090909,0.000677449915541625,0.920174188920367
"1665",138,2008,"Toyota","Regular","シエンタ",34809,"1.5 X",0,1.59576572008114,"DBA-NCP81G",7,"レギュラー",18.6,52324877,11.605665,0.0909090909090909,0.000665247622082322,0.923564101259139
"1666",138,2009,"Toyota","Regular","シエンタ",31805,"1.5 X",0,1.61875,"DBA-NCP81G",7,"レギュラー",18.6,52877802,11.605665,0.0909090909090909,0.000601481128130099,0.929189662611165
"1667",138,2010,"Toyota","Regular","シエンタ",28383,"1.5 X",0,1.63049222797927,"DBA-NCP81G",7,"レギュラー",18.6,53362801,11.605665,0.0909090909090909,0.000531887372253941,0.924956956438625
"1668",138,2011,"Toyota","Regular","シエンタ",20986,"1.5 X",0,1.6338785046729,"DBA-NCP81G",7,"レギュラー",17.2,53783435,11.605665,0.0901639344262295,0.000390194490180852,0.93898110077945
"1669",138,2012,"Toyota","Regular","シエンタ",29926,"1.5 X",0,1.63557692307692,"DBA-NCP81G",7,"レギュラー",17.2,54171475,11.605665,0.0901639344262295,0.000552430961128527,0.919761848832804
"1670",138,2013,"Toyota","Regular","シエンタ",22371,"1.5 X",0,1.68051242236025,"DBA-NCP81G",7,"レギュラー",17.2,54594744,11.605665,0.0901639344262295,0.000409764720208231,0.919563190918159
"1671",138,2014,"Toyota","Regular","シエンタ",17744,"1.5 X",0,1.68279133064516,"DBA-NCP81G",7,"レギュラー",17.2,55952365,11.605665,0.0901639344262295,0.000317126898925541,0.918813422810635
"1672",138,2015,"Toyota","Regular","シエンタ",63904,"1.5 X Vパッケージ",0,1.68831,"DBA-NSP170G",7,"レギュラー",20.6,56412140,12.023694375,0.083206106870229,0.00113280581094779,0.92791704055191
"1673",138,2016,"Toyota","Regular","シエンタ",125832,"1.5 X Vパッケージ",0,1.69,"DBA-NSP170G",7,"レギュラー",20.6,56950757,12.023694375,0.083206106870229,0.00220948775097054,0.930048041328055
"1674",161,2012,"Toyota","Regular","スペイド",26539,"1.3 V",0,1.50576923076923,"DBA-NSP140",5,"レギュラー",18.4,54171475,11.44387725,0.0863636363636364,0.000489907280538328,0.919761848832804
"1675",161,2013,"Toyota","Regular","スペイド",48584,"1.3 V",0,1.49953416149068,"DBA-NSP140",5,"レギュラー",18.4,54594744,11.44387725,0.0863636363636364,0.000889902515157869,0.919563190918159
"1676",161,2014,"Toyota","Regular","スペイド",38733,"1.3 V",0,1.50152116935484,"DBA-NSP140",5,"レギュラー",18.4,55952365,11.44387725,0.0863636363636364,0.000692249559066896,0.918813422810635
"1677",161,2015,"Toyota","Regular","スペイド",28809,"1.5 V",0,1.634364,"DBA-NSP141",5,"レギュラー",22.2,56412140,11.44387725,0.0939655172413793,0.000510687947665166,0.92791704055191
"1678",161,2016,"Toyota","Regular","スペイド",19954,"1.5 X",0,1.778,"DBA-NSP141",5,"レギュラー",22.2,56950757,11.44387725,0.0939655172413793,0.000350372866861102,0.930048041328055
"1679",172,2016,"Toyota","Regular","タンク",8595,"1.0 X",0,1.463,"DBA-M900A",5,"レギュラー",24.6,56950757,10.720565,0.0644859813084112,0.00015091985520052,0.930048041328055
"1680",198,2006,"Toyota","Regular","パッソ",72099,"1.0 X Vパッケージ",0,0.97125,"DBA-KGC10",5,"レギュラー",21,51102005,9.188011125,0.0788888888888889,0.00141088397607883,0.915227533635911
"1681",198,2007,"Toyota","Regular","パッソ",80015,"1.0 X Vパッケージ",0,0.992833333333333,"DBA-KGC10",5,"レギュラー",21.5,51713048,9.20079,0.0788888888888889,0.00154728841355474,0.920174188920367
"1682",198,2008,"Toyota","Regular","パッソ",72767,"1.0 X Vパッケージ",0,0.97873630831643,"DBA-KGC10",5,"レギュラー",21.5,52324877,9.20079,0.0788888888888889,0.00139067694320619,0.923564101259139
"1683",198,2009,"Toyota","Regular","パッソ",98883,"1.0 X Vパッケージ",0,0.992833333333333,"DBA-KGC10",5,"レギュラー",21.5,52877802,9.20079,0.0788888888888889,0.00187002856132333,0.929189662611165
"1684",198,2010,"Toyota","Regular","パッソ",89373,"1.0 X Vパッケージ",0,1.03523316062176,"DBA-KGC30",5,"レギュラー",20.8,53362801,9.303021,0.0758241758241758,0.00167481838144141,0.924956956438625
"1685",198,2011,"Toyota","Regular","パッソ",53974,"1.0 X Vパッケージ",0,1.03738317757009,"DBA-KGC30",5,"レギュラー",20.8,53783435,9.303021,0.0758241758241758,0.00100354319131904,0.93898110077945
"1686",198,2012,"Toyota","Regular","パッソ",52281,"1.0 X Vパッケージ",0,1.05923076923077,"DBA-KGC30",5,"レギュラー",21.2,54171475,9.303021,0.0758241758241758,0.000965102020943679,0.919761848832804
"1687",198,2013,"Toyota","Regular","パッソ",42805,"1.0 X Vパッケージ",0,1.05484472049689,"DBA-KGC30",5,"レギュラー",21.2,54594744,9.303021,0.0758241758241758,0.000784049834540849,0.919563190918159
"1688",198,2014,"Toyota","Regular","パッソ",49770,"1.0 X Vパッケージ",0,1.10675504032258,"DBA-KGC30",5,"レギュラー",23.4,55952365,9.32857875,0.0758241758241758,0.000889506636582743,0.918813422810635
"1689",198,2015,"Toyota","Regular","パッソ",45449,"1.0 X Vパッケージ",0,1.097901,"DBA-KGC30",5,"レギュラー",23.4,56412140,9.32857875,0.0758241758241758,0.000805659916464789,0.92791704055191
"1690",198,2016,"Toyota","Regular","パッソ",70381,"1.0 X",0,1.15,"DBA-M700A",5,"レギュラー",28,56950757,9.26780625,0.0758241758241758,0.00123582202779148,0.930048041328055
"1691",222,2006,"Toyota","Regular","プレミオ",32015,"1.5 F スタンダードパッケージ",0,1.64033333333333,"CBA-NZT240",5,"レギュラー",16.4,51102005,11.46159,0.0956140350877193,0.000626492052513399,0.915227533635911
"1692",222,2007,"Toyota","Regular","プレミオ",38196,"1.5 F",0,1.80272222222222,"DBA-NZT260",5,"レギュラー",18,51713048,11.500575,0.0916666666666667,0.000738614362858674,0.920174188920367
"1693",222,2008,"Toyota","Regular","プレミオ",32046,"1.5 F",0,1.77712576064909,"DBA-NZT260",5,"レギュラー",18,52324877,11.500575,0.0916666666666667,0.000612442911237039,0.923564101259139
"1694",222,2009,"Toyota","Regular","プレミオ",25337,"1.5 F",0,1.80272222222222,"DBA-NZT260",5,"レギュラー",18.6,52877802,11.500575,0.0916666666666667,0.000479161369075061,0.929189662611165
"1695",222,2010,"Toyota","Regular","プレミオ",26253,"1.5 F",0,1.759896373057,"DBA-NZT260",5,"レギュラー",20,53362801,11.488074375,0.0916666666666667,0.000491971926286253,0.924956956438625
"1696",222,2011,"Toyota","Regular","プレミオ",16195,"1.5 F",0,1.76355140186916,"DBA-NZT260",5,"レギュラー",20,53783435,11.488074375,0.0916666666666667,0.000301115018034828,0.93898110077945
"1697",222,2012,"Toyota","Regular","プレミオ",14440,"1.5 F",0,1.76538461538462,"DBA-NZT260",5,"レギュラー",20,54171475,11.488074375,0.0916666666666667,0.000266560952973867,0.919761848832804
"1698",222,2013,"Toyota","Regular","プレミオ",15025,"1.5 F",0,1.76841614906832,"DBA-NZT260",5,"レギュラー",18.2,54594744,11.488074375,0.0908333333333333,0.000275209642891631,0.919563190918159
"1699",222,2014,"Toyota","Regular","プレミオ",12823,"1.5 F",0,1.86104032258065,"DBA-NZT260",5,"レギュラー",19.2,55952365,11.488074375,0.0908333333333333,0.000229177086616446,0.918813422810635
"1700",222,2015,"Toyota","Regular","プレミオ",13351,"1.5 F",0,1.846152,"DBA-NZT260",5,"レギュラー",19.2,56412140,11.488074375,0.0908333333333333,0.000236668915591573,0.92791704055191
"1701",222,2016,"Toyota","Regular","プレミオ",16293,"1.5 F",0,1.909,"DBA-NZT260",5,"レギュラー",19.2,56950757,11.488074375,0.0908333333333333,0.000286089261289363,0.930048041328055
"1702",224,2006,"Toyota","Regular","プロボックス",4587,"1.5 F",0,1.36797222222222,"CBA-NCP58G",5,"レギュラー",16.4,51102005,10.73689275,0.104807692307692,8.97616443816637e-05,0.915227533635911
"1703",224,2007,"Toyota","Regular","プロボックス",4004,"1.5 F",0,1.36797222222222,"CBA-NCP58G",5,"レギュラー",16.4,51713048,10.73689275,0.104807692307692,7.7427267485761e-05,0.920174188920367
"1704",224,2008,"Toyota","Regular","プロボックス",3441,"1.5 F",0,1.34854868154158,"CBA-NCP58G",5,"レギュラー",16.4,52324877,10.73689275,0.104807692307692,6.57622186097064e-05,0.923564101259139
"1705",224,2009,"Toyota","Regular","プロボックス",2351,"1.5 F",0,1.36797222222222,"CBA-NCP58G",5,"レギュラー",16.4,52877802,10.73689275,0.104807692307692,4.44610008562761e-05,0.929189662611165
"1706",224,2010,"Toyota","Regular","プロボックス",2046,"1.5 F",0,1.39135336787565,"DBA-NCP58G",5,"レギュラー",16.4,53362801,10.73689275,0.104807692307692,3.83413157041738e-05,0.924956956438625
"1707",224,2011,"Toyota","Regular","プロボックス",1997,"1.5 F",0,1.39424299065421,"DBA-NCP58G",5,"レギュラー",16.4,53783435,10.73689275,0.104807692307692,3.71303915415592e-05,0.93898110077945
"1708",224,2012,"Toyota","Regular","プロボックス",2097,"1.5 F",0,1.40503846153846,"DBA-NCP58G",5,"レギュラー",15.4,54171475,10.73689275,0.104807692307692,3.87104098605401e-05,0.919761848832804
"1709",224,2013,"Toyota","Regular","プロボックス",1918,"1.5 F",0,1.39922049689441,"DBA-NCP58G",5,"レギュラー",15.4,54594744,10.73689275,0.104807692307692,3.51315870260331e-05,0.919563190918159
"1710",224,2014,"Toyota","Regular","プロボックス",22,"1.5 F",0,1.36254737903226,"DBA-NCP58G",5,"レギュラー",15.4,55952365,10.73689275,0.104807692307692,3.93191601463137e-07,0.918813422810635
"1711",226,2006,"Toyota","Regular","ベルタ",34448,"1.0 X",0,1.35975,"DBA-KSP92",5,"レギュラー",22,51102005,10.60982,0.0717171717171717,0.000674102708885884,0.915227533635911
"1712",226,2007,"Toyota","Regular","ベルタ",22761,"1.0 X",0,1.35975,"DBA-KSP92",5,"レギュラー",22,51713048,10.60982,0.0717171717171717,0.000440140368442409,0.920174188920367
"1713",226,2008,"Toyota","Regular","ベルタ",20726,"1.0 X",0,1.35766734279919,"DBA-KSP92",5,"レギュラー",22,52324877,10.60982,0.0717171717171717,0.000396102221128967,0.923564101259139
"1714",226,2009,"Toyota","Regular","ベルタ",19873,"1.0 X",0,1.37722222222222,"DBA-KSP92",5,"レギュラー",22.5,52877802,10.60982,0.0717171717171717,0.00037582878350352,0.929189662611165
"1715",226,2010,"Toyota","Regular","ベルタ",17222,"1.0 X",0,1.38721243523316,"DBA-KSP92",5,"レギュラー",22.5,53362801,10.60982,0.0717171717171717,0.000322734183312454,0.924956956438625
"1716",226,2011,"Toyota","Regular","ベルタ",8476,"1.0 X",0,1.39009345794393,"DBA-KSP92",5,"レギュラー",22.5,53783435,10.60982,0.0717171717171717,0.000157594991840889,0.93898110077945
"1717",226,2012,"Toyota","Regular","ベルタ",4641,"1.0 X",0,1.39153846153846,"DBA-KSP92",5,"レギュラー",22.5,54171475,10.60982,0.0717171717171717,8.56723949274041e-05,0.919761848832804
"1718",226,2013,"Toyota","Regular","ベルタ",34,"1.0 X",0,1.38577639751553,"DBA-KSP92",5,"レギュラー",22.5,54594744,10.60982,0.0717171717171717,6.22770572932808e-07,0.919563190918159
"1719",228,2006,"Toyota","Regular","ポルテ",39935,"1.3 130i",0,1.4245,"CBA-NNP10",5,"レギュラー",16.4,51102005,11.598132,0.0798165137614679,0.000781476186697567,0.915227533635911
"1720",228,2007,"Toyota","Regular","ポルテ",36777,"1.3 130i",0,1.43580555555556,"CBA-NNP10",5,"レギュラー",16.4,51713048,11.598132,0.0798165137614679,0.000711174479601357,0.920174188920367
"1721",228,2008,"Toyota","Regular","ポルテ",32961,"1.3 130i",0,1.41541886409736,"CBA-NNP10",5,"レギュラー",16.4,52324877,11.598132,0.0798165137614679,0.000629929813308496,0.923564101259139
"1722",228,2009,"Toyota","Regular","ポルテ",24483,"1.3 130i",0,1.43580555555556,"CBA-NNP10",5,"レギュラー",16.4,52877802,11.598132,0.0798165137614679,0.000463010924697664,0.929189662611165
"1723",228,2010,"Toyota","Regular","ポルテ",18582,"1.3 130i",0,1.4462207253886,"DBA-NNP10",5,"レギュラー",16.4,53362801,11.598132,0.0798165137614679,0.000348220101864593,0.924956956438625
"1724",228,2011,"Toyota","Regular","ポルテ",12810,"1.3 130i",0,1.44922429906542,"DBA-NNP10",5,"レギュラー",16.4,53783435,11.598132,0.0798165137614679,0.000238177423959626,0.93898110077945
"1725",228,2012,"Toyota","Regular","ポルテ",25752,"1.3 V",0,1.50576923076923,"DBA-NSP140",5,"レギュラー",18.4,54171475,11.44387725,0.0863636363636364,0.000475379339403256,0.919761848832804
"1726",228,2013,"Toyota","Regular","ポルテ",31649,"1.3 V",0,1.49953416149068,"DBA-NSP140",5,"レギュラー",18.4,54594744,11.44387725,0.0863636363636364,0.00057970781949266,0.919563190918159
"1727",228,2014,"Toyota","Regular","ポルテ",26648,"1.3 V",0,1.50152116935484,"DBA-NSP140",5,"レギュラー",18.4,55952365,11.44387725,0.0863636363636364,0.000476262263444986,0.918813422810635
"1728",228,2015,"Toyota","Regular","ポルテ",21006,"1.5 V",0,1.634364,"DBA-NSP141",5,"レギュラー",22.2,56412140,11.44387725,0.0939655172413793,0.00037236665724789,0.92791704055191
"1729",228,2016,"Toyota","Regular","ポルテ",17026,"1.5 X",0,1.778,"DBA-NSP141",5,"レギュラー",22.2,56950757,11.44387725,0.0939655172413793,0.000298960029626999,0.930048041328055
"1730",241,2007,"Toyota","Regular","ラウム",17078,"1.5",0,1.64033333333333,"CBA-NCZ20",5,"レギュラー",16.2,51713048,10.49333675,0.0956140350877193,0.000330245473057399,0.920174188920367
"1731",241,2008,"Toyota","Regular","ラウム",14115,"1.5",0,1.61704259634888,"CBA-NCZ20",5,"レギュラー",16.2,52324877,10.49333675,0.0956140350877193,0.000269756964741647,0.923564101259139
"1732",241,2009,"Toyota","Regular","ラウム",8716,"1.5",0,1.64033333333333,"CBA-NCZ20",5,"レギュラー",16.2,52877802,10.49333675,0.0956140350877193,0.000164832872591792,0.929189662611165
"1733",241,2010,"Toyota","Regular","ラウム",4661,"1.5",0,1.65223212435233,"CBA-NCZ20",5,"レギュラー",16.2,53362801,10.49333675,0.0956140350877193,8.73454899790586e-05,0.924956956438625
"1734",241,2011,"Toyota","Regular","ラウム",2671,"1.5",0,1.65566355140187,"CBA-NCZ20",5,"レギュラー",16.2,53783435,10.49333675,0.0956140350877193,4.96621311004029e-05,0.93898110077945
"1735",242,2006,"Toyota","Regular","ラクティス",74975,"1.3 X",0,1.4245,"DBA-SCP100",5,"レギュラー",18.4,51102005,10.994109,0.0776785714285714,0.00146716356823964,0.915227533635911
"1736",242,2007,"Toyota","Regular","ラクティス",52885,"1.3 X",0,1.4245,"DBA-SCP100",5,"レギュラー",18.4,51713048,10.994109,0.0776785714285714,0.00102266259764847,0.920174188920367
"1737",242,2008,"Toyota","Regular","ラクティス",51694,"1.3 X",0,1.4468275862069,"DBA-SCP100",5,"レギュラー",18.4,52324877,10.994109,0.0776785714285714,0.000987943077247941,0.923564101259139
"1738",242,2009,"Toyota","Regular","ラクティス",45169,"1.3 X",0,1.46766666666667,"DBA-SCP100",5,"レギュラー",18.4,52877802,10.994109,0.0776785714285714,0.000854214779956247,0.929189662611165
"1739",242,2010,"Toyota","Regular","ラクティス",46540,"1.3 X",0,1.49591191709845,"DBA-NSP120",5,"レギュラー",18.4,53362801,10.732867125,0.0871559633027523,0.000872143124570991,0.924956956438625
"1740",242,2011,"Toyota","Regular","ラクティス",59207,"1.3 X",0,1.49383177570093,"DBA-NSP120",5,"レギュラー",18.4,53783435,10.732867125,0.0871559633027523,0.00110084080721137,0.93898110077945
"1741",242,2012,"Toyota","Regular","ラクティス",43011,"1.3 X",0,1.49538461538462,"DBA-NSP120",5,"レギュラー",18.4,54171475,10.732867125,0.0871559633027523,0.000793978749886356,0.919761848832804
"1742",242,2013,"Toyota","Regular","ラクティス",25688,"1.3 X",0,1.50987577639752,"DBA-NSP120",5,"レギュラー",18.4,54594744,10.732867125,0.0871559633027523,0.000470521484632294,0.919563190918159
"1743",242,2014,"Toyota","Regular","ラクティス",22015,"1.3 X",0,1.62639616935484,"DBA-NSP120",5,"レギュラー",20,55952365,10.732867125,0.0908256880733945,0.000393459686645953,0.918813422810635
"1744",242,2015,"Toyota","Regular","ラクティス",15293,"1.3 X",0,1.613385,"DBA-NSP120",5,"レギュラー",20,56412140,10.732867125,0.0908256880733945,0.000271094129738741,0.92791704055191
"1745",242,2016,"Toyota","Regular","ラクティス",7307,"1.3 X",0,1.615,"DBA-NSP120",5,"レギュラー",20,56950757,10.732867125,0.0908256880733945,0.00012830382570683,0.930048041328055
"1746",243,2006,"Toyota","Regular","ラッシュ",25957,"1.5 X",0,1.64033333333333,"CBA-J200E",5,"レギュラー",14.6,51102005,11.44387725,0.0947826086956522,0.00050794484482556,0.915227533635911
"1747",243,2007,"Toyota","Regular","ラッシュ",15286,"1.5 X",0,1.64033333333333,"CBA-J200E",5,"レギュラー",14.6,51713048,11.44387725,0.0947826086956522,0.000295592709986849,0.920174188920367
"1748",243,2008,"Toyota","Regular","ラッシュ",12439,"1.5 X",0,1.68188640973631,"CBA-J200E",5,"レギュラー",15.4,52324877,11.47252275,0.0939655172413793,0.000237726311329886,0.923564101259139
"1749",243,2009,"Toyota","Regular","ラッシュ",8869,"1.5 X",0,1.64033333333333,"CBA-J200E",5,"レギュラー",14.6,52877802,11.44387725,0.0947826086956522,0.000167726336280014,0.929189662611165
"1750",243,2010,"Toyota","Regular","ラッシュ",6648,"1.5 X",0,1.71641658031088,"ABA-J200E",5,"レギュラー",15.4,53362801,11.47252275,0.0939655172413793,0.000124581166569573,0.924956956438625
"1751",243,2011,"Toyota","Regular","ラッシュ",6338,"1.5 X",0,1.71998130841121,"ABA-J200E",5,"レギュラー",15.4,53783435,11.47252275,0.0939655172413793,0.000117842975258088,0.93898110077945
"1752",243,2012,"Toyota","Regular","ラッシュ",5765,"1.5 X",0,1.73215384615385,"ABA-J200E",5,"レギュラー",15.4,54171475,11.47252275,0.0939655172413793,0.000106421322291852,0.919761848832804
"1753",243,2013,"Toyota","Regular","ラッシュ",5327,"1.5 X",0,1.74773291925466,"ABA-J200E",5,"レギュラー",13.8,54594744,11.47252275,0.0939655172413793,9.75734953533256e-05,0.919563190918159
"1754",243,2014,"Toyota","Regular","ラッシュ",3915,"1.5 X",0,1.75026411290323,"ABA-J200E",5,"レギュラー",13.8,55952365,11.47252275,0.0939655172413793,6.99702327149174e-05,0.918813422810635
"1755",243,2015,"Toyota","Regular","ラッシュ",2687,"1.5 X",0,1.736262,"ABA-J200E",5,"レギュラー",13.8,56412140,11.47252275,0.0939655172413793,4.7631591356045e-05,0.92791704055191
"1756",243,2016,"Toyota","Regular","ラッシュ",836,"1.5 X",0,1.738,"ABA-J200E",5,"レギュラー",13.8,56950757,11.47252275,0.0939655172413793,1.46793483359668e-05,0.930048041328055
"1757",250,2016,"Toyota","Regular","ルーミー",8675,"1.0 X",0,1.463,"DBA-M900A",5,"レギュラー",24.6,56950757,10.720565,0.0644859813084112,0.000152324577529321,0.930048041328055
"1758",81,2012,"Volkswagen","Foreign","アップ",4266,"move up！",0,1.54730769230769,"DBA-AACHY",4,"ハイオク",23.1,54171475,8.74462875,0.0833333333333333,7.87499325059914e-05,0.919761848832804
"1759",81,2013,"Volkswagen","Foreign","アップ",12322,"move up！",0,1.54090062111801,"DBA-AACHY",4,"ハイオク",23.1,54594744,8.74462875,0.0833333333333333,0.000225699382343472,0.919563190918159
"1760",81,2014,"Volkswagen","Foreign","アップ",7884,"move up！",0,1.55892338709677,"DBA-AACHY",4,"ハイオク",23.1,55952365,8.74462875,0.0833333333333333,0.000140905572087972,0.918813422810635
"1761",81,2015,"Volkswagen","Foreign","アップ",4514,"move up！",0,1.546452,"DBA-AACHY",4,"ハイオク",25.9,56412140,8.74462875,0.0833333333333333,8.00182372092248e-05,0.92791704055191
"1762",134,2006,"Volkswagen","Foreign","ゴルフ",23621,"E",0,2.47180555555556,"GH-1KBLP",5,"ハイオク",12.8,51102005,11.249216,0.0878787878787879,0.000462232352722755,0.915227533635911
"1763",134,2007,"Volkswagen","Foreign","ゴルフ",25392,"E",0,2.48722222222222,"GH-1KBLP",5,"ハイオク",12.8,51713048,11.249216,0.0878787878787879,0.000491017276722888,0.920174188920367
"1764",134,2008,"Volkswagen","Foreign","ゴルフ",23280,"E",0,2.48230223123732,"GH-1KBLP",5,"ハイオク",12.8,52324877,11.249216,0.0878787878787879,0.000444912655981972,0.923564101259139
"1765",134,2009,"Volkswagen","Foreign","ゴルフ",21413,"TSI トレンドライン",0,2.60027777777778,"ABA-1KCAX",5,"ハイオク",15.4,52877802,11.249216,0.0931297709923664,0.000404952535659481,0.929189662611165
"1766",134,2010,"Volkswagen","Foreign","ゴルフ",26075,"TSI トレンドライン",0,2.66054922279793,"DBA-1KCBZ",5,"ハイオク",17,53362801,11.1908115,0.0826771653543307,0.000488636269299282,0.924956956438625
"1767",134,2011,"Volkswagen","Foreign","ゴルフ",26125,"TSI トレンドライン",0,2.66607476635514,"DBA-1KCBZ",5,"ハイオク",17,53783435,11.1908115,0.0826771653543307,0.000485744356045686,0.93898110077945
"1768",134,2012,"Volkswagen","Foreign","ゴルフ",22252,"TSI トレンドライン",0,2.66884615384615,"DBA-1KCBZ",5,"ハイオク",17,54171475,11.1908115,0.0826771653543307,0.000410769690136737,0.919761848832804
"1769",134,2013,"Volkswagen","Foreign","ゴルフ",23858,"TSI トレンドライン",0,2.57506211180124,"DBA-AUCJZ",5,"ハイオク",21,54594744,11.20842,0.0846774193548387,0.000437001774383263,0.919563190918159
"1770",134,2014,"Volkswagen","Foreign","ゴルフ",31410,"TSI トレンドライン",0,2.60525504032258,"DBA-AUCJZ",5,"ハイオク",21,55952365,11.20842,0.0846774193548387,0.000561370372816234,0.918813422810635
"1771",134,2015,"Volkswagen","Foreign","ゴルフ",25635,"TSI トレンドライン",0,2.63736,"DBA-AUCJZ",5,"ハイオク",21,56412140,11.20842,0.0846774193548387,0.000454423462751103,0.92791704055191
"1772",134,2016,"Volkswagen","Foreign","ゴルフ",22802,"TSI トレンドライン",0,2.499,"DBA-AUCJZ",5,"ハイオク",21,56950757,11.20842,0.0846774193548387,0.000400380981766406,0.930048041328055
"1773",202,2006,"Volkswagen","Foreign","ビートル",6601,"EZ",0,2.36388888888889,"GH-9CBFS",4,"ハイオク",11.2,51102005,10.748325,0.0816,0.000129173013857284,0.915227533635911
"1774",202,2007,"Volkswagen","Foreign","ビートル",4859,"EZ",0,2.37416666666667,"GH-9CBFS",4,"ハイオク",11.2,51713048,10.748325,0.0816,9.39608123659623e-05,0.920174188920367
"1775",202,2008,"Volkswagen","Foreign","ビートル",3465,"EZ",0,2.37085192697769,"ABA-9CBFS",4,"ハイオク",11.2,52324877,10.748325,0.0816,6.6220891450925e-05,0.923564101259139
"1776",202,2009,"Volkswagen","Foreign","ビートル",1944,"EZ",0,2.47694444444444,"ABA-9CBFS",4,"ハイオク",11.6,52877802,10.748325,0.0816,3.67640092150578e-05,0.929189662611165
"1777",202,2012,"Volkswagen","Foreign","ビートル",4264,"デザイン",0,2.59615384615385,"DBA-16CBZ",4,"ハイオク",17.6,54171475,11.58632475,0.08203125,7.87130127064105e-05,0.919761848832804
"1778",202,2013,"Volkswagen","Foreign","ビートル",10004,"デザイン",0,2.63711180124224,"DBA-16CBZ",4,"ハイオク",17.6,54594744,11.58632475,0.08203125,0.0001832410826947,0.919563190918159
"1779",202,2014,"Volkswagen","Foreign","ビートル",7251,"デザイン",0,2.66769254032258,"DBA-16CBZ",4,"ハイオク",17.6,55952365,11.58632475,0.08203125,0.000129592377373146,0.918813422810635
"1780",202,2015,"Volkswagen","Foreign","ビートル",5043,"デザイン",0,2.5974,"DBA-16CBZ",4,"ハイオク",17.6,56412140,11.58632475,0.0807692307692308,8.93956513615686e-05,0.92791704055191
"1781",202,2016,"Volkswagen","Foreign","ビートル",3903,"デザイン",0,2.699,"DBA-16CBZ",4,"ハイオク",17.6,56950757,11.627026125,0.0807692307692308,6.85328906163618e-05,0.930048041328055
"1782",147,2006,"Volkswagen","Foreign","ジェッタ",3916,"2.0",0,2.97027777777778,"GH-1KBLX",5,"ハイオク",12,51102005,11.97833175,0.106382978723404,7.6631044124394e-05,0.915227533635911
"1783",147,2007,"Volkswagen","Foreign","ジェッタ",3352,"2.0",0,2.99083333333333,"GH-1KBLX",5,"ハイオク",12,51713048,11.97833175,0.106382978723404,6.48192309221456e-05,0.920174188920367
"1784",147,2008,"Volkswagen","Foreign","ジェッタ",1886,"TSI コンフォートライン",0,3.00915821501014,"ABA-1KBLG",5,"ハイオク",14,52324877,11.97833175,0.118055555555556,3.60440407724226e-05,0.923564101259139
"1785",175,2009,"Volkswagen","Foreign","ティグアン",2413,"トラック＆フィールド 4WD",0,3.77194444444444,"ABA-5NCAW",5,"ハイオク",9.7,52877802,13.642694,0.103658536585366,4.56335155534642e-05,0.929189662611165
"1786",196,2006,"Volkswagen","Foreign","パサート",5171,"2.0",0,3.27861111111111,"GH-3CBVY",5,"ハイオク",11,51102005,12.975963,0.104895104895105,0.000101189767407365,0.915227533635911
"1787",196,2007,"Volkswagen","Foreign","パサート",4457,"2.0",0,3.30944444444444,"GH-3CBVY",5,"ハイオク",11,51713048,12.975963,0.104895104895105,8.61871456503589e-05,0.920174188920367
"1788",196,2008,"Volkswagen","Foreign","パサート",3642,"2.0",0,3.30298174442191,"GH-3CBVY",5,"ハイオク",11,52324877,12.975963,0.104895104895105,6.96036036549116e-05,0.923564101259139
"1789",196,2009,"Volkswagen","Foreign","パサート",2039,"TSI コンフォートライン",0,3.53555555555556,"ABA-3CBZB",5,"ハイオク",10.8,52877802,12.975963,0.111111111111111,3.85606043155878e-05,0.929189662611165
"1790",196,2011,"Volkswagen","Foreign","パサート",3513,"TSI コンフォートライン",0,3.3611214953271,"DBA-3CCAX",5,"ハイオク",18.4,53783435,12.975963,0.0853146853146853,6.53175090062581e-05,0.93898110077945
"1791",196,2012,"Volkswagen","Foreign","パサート",4347,"TSI コンフォートライン",0,3.36461538461538,"DBA-3CCAX",5,"ハイオク",18.4,54171475,12.975963,0.0853146853146853,8.02451843890165e-05,0.919761848832804
"1792",196,2015,"Volkswagen","Foreign","パサート",4136,"TSI コンフォートライン",0,3.482514,"DBA-3CCAX",5,"ハイオク",17.6,56412140,12.975963,0.0853146853146853,7.33175518602911e-05,0.92791704055191
"1793",196,2016,"Volkswagen","Foreign","パサート",5058,"TSI コンフォートライン",0,3.486,"DBA-3CCAX",5,"ハイオク",17.6,56950757,12.975963,0.0853146853146853,8.88135692384212e-05,0.930048041328055
"1794",229,2006,"Volkswagen","Foreign","ポロ",12557,"1.4トレンドライン",1,1.73694444444444,"GH-9NBKY",5,"ハイオク",14.4,51102005,9.589401,0.0663716814159292,0.000245724213756388,0.915227533635911
"1795",229,2007,"Volkswagen","Foreign","ポロ",11444,"1.4トレンドライン",1,1.73694444444444,"ABA-9NBUD",5,"ハイオク",13.2,51713048,9.589401,0.0720720720720721,0.0002212981141626,0.920174188920367
"1796",229,2008,"Volkswagen","Foreign","ポロ",9829,"1.4トレンドライン",1,1.71228194726166,"ABA-9NBUD",5,"ハイオク",13.2,52324877,9.589401,0.0720720720720721,0.000187845639847371,0.923564101259139
"1797",229,2009,"Volkswagen","Foreign","ポロ",7253,"1.4トレンドライン",1,1.76777777777778,"ABA-9NBUD",5,"ハイオク",13.2,52877802,9.589401,0.0720720720720721,0.000137165308043629,0.929189662611165
"1798",229,2010,"Volkswagen","Foreign","ポロ",14507,"TSI コンフォートライン",1,2.20504663212435,"DBA-6RCBZ",5,"ハイオク",20,53362801,9.929073125,0.0954545454545455,0.000271856044438147,0.924956956438625
"1799",229,2011,"Volkswagen","Foreign","ポロ",15171,"TSI コンフォートライン",1,2.2096261682243,"DBA-6RCBZ",5,"ハイオク",20,53783435,9.929073125,0.0954545454545455,0.000282075698586377,0.93898110077945
"1800",229,2012,"Volkswagen","Foreign","ポロ",14442,"TSI コンフォートライン",1,2.21192307692308,"DBA-6RCBZ",5,"ハイオク",20,54171475,9.929073125,0.0954545454545455,0.000266597872773448,0.919761848832804
"1801",229,2013,"Volkswagen","Foreign","ポロ",11698,"TSI コンフォートライン ブルーモーション テクノロジー",1,2.26481366459627,"DBA-6RCBZ",5,"ハイオク",21.2,54594744,9.929073125,0.0954545454545455,0.000214269710652,0.919563190918159
"1802",229,2014,"Volkswagen","Foreign","ポロ",13766,"TSI コンフォートライン ブルーモーション テクノロジー",1,2.25479939516129,"DBA-6RCJZ",5,"ハイオク",22.2,55952365,9.8280995,0.079646017699115,0.000246030708442798,0.918813422810635
"1803",229,2015,"Volkswagen","Foreign","ポロ",12271,"TSI コンフォートライン ブルーモーション テクノロジー",1,2.281716,"DBA-6RCJZ",5,"ハイオク",22.2,56412140,9.8280995,0.079646017699115,0.000217524100308905,0.92791704055191
"1804",229,2016,"Volkswagen","Foreign","ポロ",10903,"TSI トレンドライン",1,1.999,"DBA-6RCJZ",5,"ハイオク",22.2,56950757,9.8280995,0.079646017699115,0.000191446094386419,0.930048041328055
"1805",8,2013,"Volvo","Foreign","40シリーズ",9246,"T4",0,2.78189440993789,"DBA-MB4164T",5,"ハイオク",16.2,54594744,11.232648,0.125874125874126,0.00016935696227461,0.919563190918159
"1806",8,2014,"Volvo","Foreign","40シリーズ",7324,"T4",0,2.91039314516129,"DBA-MB4164T",5,"ハイオク",16.2,55952365,11.232648,0.125874125874126,0.000130897058596183,0.918813422810635
"1807",8,2015,"Volvo","Foreign","40シリーズ",7026,"T3",0,3.23676,"DBA-MB4154T",5,"ハイオク",16.5,56412140,11.32704,0.102702702702703,0.000124547659422245,0.92791704055191
"1808",8,2016,"Volvo","Foreign","40シリーズ",7005,"T3",0,3.24,"DBA-MB4154T",5,"ハイオク",16.5,56950757,11.32704,0.102702702702703,0.000123000998915607,0.930048041328055
"1809",10,2009,"Volvo","Foreign","50シリーズ",2023,"2.0e パワーシフト",0,3.07305555555556,"CBA-MB4204S",5,"ハイオク",11.6,52877802,11.60058,0.101398601398601,3.82580198776038e-05,0.929189662611165
"1810",10,2010,"Volvo","Foreign","50シリーズ",2808,"2.0e パワーシフト",0,3.09534715025907,"CBA-MB4204S",5,"ハイオク",10.6,53362801,11.60058,0.101398601398601,5.26209259517693e-05,0.924956956438625
"1811",10,2011,"Volvo","Foreign","50シリーズ",3336,"2.0e パワーシフト",0,3.10177570093458,"CBA-MB4204S",5,"ハイオク",10.6,53783435,11.60058,0.101398601398601,6.20265328906568e-05,0.93898110077945
"1812",10,2012,"Volvo","Foreign","50シリーズ",3660,"2.0e パワーシフト",0,3.105,"CBA-MB4204S",5,"ハイオク",10.6,54171475,11.60058,0.101398601398601,6.75632332329884e-05,0.919761848832804
"1813",12,2011,"Volvo","Foreign","60シリーズ",6032,"DRIVe",0,4.09766355140187,"DBA-FB4164T",5,"ハイオク",11.4,53783435,12.642678,0.115384615384615,0.000112153491126032,0.93898110077945
"1814",12,2012,"Volvo","Foreign","60シリーズ",8065,"T4",0,4.14346153846154,"DBA-FB4164T",5,"ハイオク",13.6,54171475,12.642678,0.115384615384615,0.00014887909180985,0.919761848832804
"1815",12,2013,"Volvo","Foreign","60シリーズ",6256,"T4",0,4.12630434782609,"DBA-FB4164T",5,"ハイオク",13.6,54594744,12.656331,0.115384615384615,0.000114589785419637,0.919563190918159
"1816",12,2014,"Volvo","Foreign","60シリーズ",4796,"T4",0,4.13295967741935,"DBA-FB4164T",5,"ハイオク",13.6,55952365,12.656331,0.115384615384615,8.5715769118964e-05,0.918813422810635
"1817",12,2015,"Volvo","Foreign","60シリーズ",5316,"T4 SE",0,4.48551,"DBA-FB420",5,"ハイオク",14.9,56412140,12.656331,0.115151515151515,9.42350352246874e-05,0.92791704055191
"1818",12,2016,"Volvo","Foreign","60シリーズ",5447,"T3 SE",0,4.54,"DBA-FB4154T",5,"ハイオク",16.5,56950757,12.656331,0.0926829268292683,9.56440315622144e-05,0.930048041328055
"1819",13,2006,"Volvo","Foreign","70シリーズ",5990,"ベースモデル",1,4.7175,"CBA-SB5244W",5,"ハイオク",9.6,51102005,12.694204,0.108974358974359,0.000117216535828682,0.915227533635911
"1820",13,2007,"Volvo","Foreign","70シリーズ",6018,"ベースモデル",1,4.66611111111111,"CBA-SB5244W",5,"ハイオク",9.6,51713048,12.593196,0.108974358974359,0.000116372950981346,0.920174188920367
"1821",13,2008,"Volvo","Foreign","70シリーズ",3635,"2.5T LE",1,4.94434077079108,"DBA-BB5254W",5,"ハイオク",8.6,52324877,14.08924125,0.114285714285714,6.94698240762229e-05,0.923564101259139
"1822",13,2009,"Volvo","Foreign","70シリーズ",2006,"2.5T LE",1,5.12861111111111,"DBA-BB5254W",5,"ハイオク",8.6,52877802,14.08924125,0.114285714285714,3.79365239122458e-05,0.929189662611165
"1823",13,2010,"Volvo","Foreign","70シリーズ",2317,"2.5T LE",1,5.16581347150259,"DBA-BB5254W",5,"ハイオク",9.5,53362801,14.08924125,0.132,4.34197597686073e-05,0.924956956438625
